Using pre-set license
Built from '2022.3/china_unity/release' branch; Version is '2022.3.51f1c1 (e9648b0586b8) revision 15295627'; Using compiler version '192829333'; Build Type 'Release'
OS: 'Windows 10  (10.0.19045) 64bit Professional' Language: 'zh' Physical Memory: 16304 MB
BatchMode: 1, IsHumanControllingUs: 0, StartBugReporterOnCrash: 0, Is64bit: 1, IsPro: 1

COMMAND LINE ARGUMENTS:
D:\Program Files\Unity\Hub\editor\2022.3.51f1c1\Editor\Unity.exe
-adb2
-batchMode
-noUpm
-name
AssetImportWorker0
-projectPath
D:/unity project/My project
-logFile
Logs/AssetImportWorker0.log
-srvPort
56514
Successfully changed project path to: D:/unity project/My project
D:/unity project/My project
[UnityMemory] Configuration Parameters - Can be set up in boot.config
    "memorysetup-bucket-allocator-granularity=16"
    "memorysetup-bucket-allocator-bucket-count=8"
    "memorysetup-bucket-allocator-block-size=33554432"
    "memorysetup-bucket-allocator-block-count=8"
    "memorysetup-main-allocator-block-size=16777216"
    "memorysetup-thread-allocator-block-size=16777216"
    "memorysetup-gfx-main-allocator-block-size=16777216"
    "memorysetup-gfx-thread-allocator-block-size=16777216"
    "memorysetup-cache-allocator-block-size=4194304"
    "memorysetup-typetree-allocator-block-size=2097152"
    "memorysetup-profiler-bucket-allocator-granularity=16"
    "memorysetup-profiler-bucket-allocator-bucket-count=8"
    "memorysetup-profiler-bucket-allocator-block-size=33554432"
    "memorysetup-profiler-bucket-allocator-block-count=8"
    "memorysetup-profiler-allocator-block-size=16777216"
    "memorysetup-profiler-editor-allocator-block-size=1048576"
    "memorysetup-temp-allocator-size-main=16777216"
    "memorysetup-job-temp-allocator-block-size=2097152"
    "memorysetup-job-temp-allocator-block-size-background=1048576"
    "memorysetup-job-temp-allocator-reduction-small-platforms=262144"
    "memorysetup-allocator-temp-initial-block-size-main=262144"
    "memorysetup-allocator-temp-initial-block-size-worker=262144"
    "memorysetup-temp-allocator-size-background-worker=32768"
    "memorysetup-temp-allocator-size-job-worker=262144"
    "memorysetup-temp-allocator-size-preload-manager=33554432"
    "memorysetup-temp-allocator-size-nav-mesh-worker=65536"
    "memorysetup-temp-allocator-size-audio-worker=65536"
    "memorysetup-temp-allocator-size-cloud-worker=32768"
    "memorysetup-temp-allocator-size-gi-baking-worker=262144"
    "memorysetup-temp-allocator-size-gfx=262144"
Player connection [6844]  Target information:

Player connection [6844]  * "[IP] 10.10.12.208 [Port] 0 [Flags] 2 [Guid] 2941601990 [EditorId] 2941601990 [Version] 1048832 [Id] WindowsEditor(7,DESKTOP-9TU8STH) [Debug] 1 [PackageName] WindowsEditor [ProjectName] Editor" 

Player connection [6844] Host joined multi-casting on [225.0.0.222:54997]...
Player connection [6844] Host joined alternative multi-casting on [225.0.0.222:34997]...
[PhysX] Initialized MultithreadedTaskDispatcher with 16 workers.
Refreshing native plugins compatible for Editor in 18.87 ms, found 4 plugins.
Preloading 0 native plugins for Editor in 0.00 ms.
Initialize engine version: 2022.3.51f1c1 (e9648b0586b8)
[Subsystems] Discovering subsystems at path D:/Program Files/Unity/Hub/editor/2022.3.51f1c1/Editor/Data/Resources/UnitySubsystems
[Subsystems] Discovering subsystems at path D:/unity project/My project/Assets
GfxDevice: creating device client; threaded=0; jobified=0
Direct3D:
    Version:  Direct3D 11.0 [level 11.1]
    Renderer: NVIDIA GeForce RTX 2070 SUPER (ID=0x1e84)
    Vendor:   NVIDIA
    VRAM:     8003 MB
    Driver:   31.0.15.3713
Initialize mono
Mono path[0] = 'D:/Program Files/Unity/Hub/editor/2022.3.51f1c1/Editor/Data/Managed'
Mono path[1] = 'D:/Program Files/Unity/Hub/editor/2022.3.51f1c1/Editor/Data/MonoBleedingEdge/lib/mono/unityjit-win32'
Mono config path = 'D:/Program Files/Unity/Hub/editor/2022.3.51f1c1/Editor/Data/MonoBleedingEdge/etc'
Using monoOptions --debugger-agent=transport=dt_socket,embedding=1,server=y,suspend=n,address=127.0.0.1:56604
Begin MonoManager ReloadAssembly
Registering precompiled unity dll's ...
Register platform support module: D:/Program Files/Unity/Hub/editor/2022.3.51f1c1/Editor/Data/PlaybackEngines/WindowsStandaloneSupport/UnityEditor.WindowsStandalone.Extensions.dll
Registered in 0.007018 seconds.
- Loaded All Assemblies, in  0.358 seconds
Native extension for WindowsStandalone target not found
Mono: successfully reloaded assembly
- Finished resetting the current domain, in  0.265 seconds
Domain Reload Profiling: 620ms
	BeginReloadAssembly (106ms)
		ExecutionOrderSort (0ms)
		DisableScriptedObjects (0ms)
		BackupInstance (0ms)
		ReleaseScriptingObjects (0ms)
		CreateAndSetChildDomain (1ms)
	RebuildCommonClasses (32ms)
	RebuildNativeTypeToScriptingClass (10ms)
	initialDomainReloadingComplete (59ms)
	LoadAllAssembliesAndSetupDomain (148ms)
		LoadAssemblies (103ms)
		RebuildTransferFunctionScriptingTraits (0ms)
		AnalyzeDomain (146ms)
			TypeCache.Refresh (144ms)
				TypeCache.ScanAssembly (129ms)
			ScanForSourceGeneratedMonoScriptInfo (0ms)
			ResolveRequiredComponents (0ms)
	FinalizeReload (265ms)
		ReleaseScriptCaches (0ms)
		RebuildScriptCaches (0ms)
		SetupLoadedEditorAssemblies (220ms)
			LogAssemblyErrors (0ms)
			InitializePlatformSupportModulesInManaged (8ms)
			SetLoadedEditorAssemblies (8ms)
			RefreshPlugins (0ms)
			BeforeProcessingInitializeOnLoad (2ms)
			ProcessInitializeOnLoadAttributes (151ms)
			ProcessInitializeOnLoadMethodAttributes (50ms)
			AfterProcessingInitializeOnLoad (0ms)
			EditorAssembliesLoaded (0ms)
		ExecutionOrderSort2 (0ms)
		AwakeInstancesAfterBackupRestoration (0ms)
========================================================================
Worker process is ready to serve import requests
Caller must complete domain reload
Begin MonoManager ReloadAssembly
- Loaded All Assemblies, in  0.669 seconds
Native extension for WindowsStandalone target not found
Mono: successfully reloaded assembly
- Finished resetting the current domain, in  0.688 seconds
Domain Reload Profiling: 1353ms
	BeginReloadAssembly (147ms)
		ExecutionOrderSort (0ms)
		DisableScriptedObjects (6ms)
		BackupInstance (0ms)
		ReleaseScriptingObjects (0ms)
		CreateAndSetChildDomain (24ms)
	RebuildCommonClasses (33ms)
	RebuildNativeTypeToScriptingClass (11ms)
	initialDomainReloadingComplete (43ms)
	LoadAllAssembliesAndSetupDomain (432ms)
		LoadAssemblies (301ms)
		RebuildTransferFunctionScriptingTraits (0ms)
		AnalyzeDomain (212ms)
			TypeCache.Refresh (185ms)
				TypeCache.ScanAssembly (168ms)
			ScanForSourceGeneratedMonoScriptInfo (19ms)
			ResolveRequiredComponents (6ms)
	FinalizeReload (688ms)
		ReleaseScriptCaches (0ms)
		RebuildScriptCaches (0ms)
		SetupLoadedEditorAssemblies (542ms)
			LogAssemblyErrors (0ms)
			InitializePlatformSupportModulesInManaged (5ms)
			SetLoadedEditorAssemblies (3ms)
			RefreshPlugins (0ms)
			BeforeProcessingInitializeOnLoad (63ms)
			ProcessInitializeOnLoadAttributes (389ms)
			ProcessInitializeOnLoadMethodAttributes (76ms)
			AfterProcessingInitializeOnLoad (7ms)
			EditorAssembliesLoaded (0ms)
		ExecutionOrderSort2 (0ms)
		AwakeInstancesAfterBackupRestoration (7ms)
Launched and connected shader compiler UnityShaderCompiler.exe after 0.06 seconds
Refreshing native plugins compatible for Editor in 8.43 ms, found 4 plugins.
Preloading 0 native plugins for Editor in 0.00 ms.
Unloading 4400 Unused Serialized files (Serialized files now loaded: 0)
Unloading 22 unused Assets / (359.7 KB). Loaded Objects now: 4866.
Memory consumption went from 159.4 MB to 159.1 MB.
Total: 3.322100 ms (FindLiveObjects: 0.325400 ms CreateObjectMapping: 0.265000 ms MarkObjects: 2.591300 ms  DeleteObjects: 0.139600 ms)

AssetImportParameters requested are different than current active one (requested -> active):
  custom:container-demuxer-ogg: 62fdf1f143b41e24485cea50d1cbac27 -> 
  custom:video-decoder-ogg-theora: a1e56fd34408186e4bbccfd4996cb3dc -> 
  custom:framework-win-MediaFoundation: 216162199b28c13a410421893ffa2e32 -> 
  custom:CustomObjectIndexerAttribute: 9a22284fe3817be447336de3de66b15e -> 
  custom:container-demuxer-webm: 4f35f7cbe854078d1ac9338744f61a02 -> 
  custom:container-muxer-webm: aa71ff27fc2769a1b78a27578f13a17b -> 
  custom:video-decoder-webm-vp8: 9c59270c3fd7afecdb556c50c9e8de78 -> 
  custom:SearchIndexIgnoredProperties: e643bd26f0fe6173181afceb89e7c659 -> 
  custom:AudioImporter_EditorPlatform: d09bf68614088b80899f8185d706f6e7 -> 
  custom:video-encoder-webm-vp8: eb34c28f22e8b96e1ab97ce403110664 -> 
  custom:audio-decoder-ogg-vorbis: bf7c407c2cedff20999df2af8eb42d56 -> 
  custom:audio-encoder-webm-vorbis: bf7c407c2cedff20999df2af8eb42d56 -> 
========================================================================
Received Import Request.
  Time since last request: 1147632.164338 seconds.
  path: Assets/Scripts/AB/ProjectBase/ABManager.cs
  artifactKey: Guid(dff19662842f59f49b4c05e285cfdcfc) Importer(815301076,1909f56bfc062723c751e8b465ee728b)
Start importing Assets/Scripts/AB/ProjectBase/ABManager.cs using Guid(dff19662842f59f49b4c05e285cfdcfc) Importer(815301076,1909f56bfc062723c751e8b465ee728b) [PhysX] Initialized MultithreadedTaskDispatcher with 16 workers.
 -> (artifact id: '527588db2a6f448732c8668387cbe470') in 0.003601 seconds
Number of updated asset objects reloaded before import = 0
Number of asset objects unloaded after import = 0
========================================================================
Received Prepare
Refreshing native plugins compatible for Editor in 7.62 ms, found 4 plugins.
Preloading 0 native plugins for Editor in 0.00 ms.
Unloading 3 Unused Serialized files (Serialized files now loaded: 0)
Unloading 21 unused Assets / (334.2 KB). Loaded Objects now: 4849.
Memory consumption went from 83.3 MB to 82.9 MB.
Total: 7.608300 ms (FindLiveObjects: 0.831600 ms CreateObjectMapping: 0.988700 ms MarkObjects: 5.419200 ms  DeleteObjects: 0.366500 ms)

Prepare: number of updated asset objects reloaded= 0
AssetImportParameters requested are different than current active one (requested -> active):
  custom:container-demuxer-ogg: 62fdf1f143b41e24485cea50d1cbac27 -> 
  custom:video-decoder-ogg-theora: a1e56fd34408186e4bbccfd4996cb3dc -> 
  custom:framework-win-MediaFoundation: 216162199b28c13a410421893ffa2e32 -> 
  custom:CustomObjectIndexerAttribute: 9a22284fe3817be447336de3de66b15e -> 
  custom:container-demuxer-webm: 4f35f7cbe854078d1ac9338744f61a02 -> 
  custom:container-muxer-webm: aa71ff27fc2769a1b78a27578f13a17b -> 
  custom:video-decoder-webm-vp8: 9c59270c3fd7afecdb556c50c9e8de78 -> 
  custom:SearchIndexIgnoredProperties: e643bd26f0fe6173181afceb89e7c659 -> 
  custom:AudioImporter_EditorPlatform: d09bf68614088b80899f8185d706f6e7 -> 
  custom:video-encoder-webm-vp8: eb34c28f22e8b96e1ab97ce403110664 -> 
  custom:audio-decoder-ogg-vorbis: bf7c407c2cedff20999df2af8eb42d56 -> 
  custom:audio-encoder-webm-vorbis: bf7c407c2cedff20999df2af8eb42d56 -> 
========================================================================
Received Prepare
Refreshing native plugins compatible for Editor in 10.35 ms, found 4 plugins.
Preloading 0 native plugins for Editor in 0.00 ms.
Unloading 4 Unused Serialized files (Serialized files now loaded: 0)
Unloading 4 unused Assets / (312.9 KB). Loaded Objects now: 4849.
Memory consumption went from 83.5 MB to 83.2 MB.
Total: 4.638300 ms (FindLiveObjects: 0.993900 ms CreateObjectMapping: 0.629700 ms MarkObjects: 2.900000 ms  DeleteObjects: 0.113600 ms)

Prepare: number of updated asset objects reloaded= 0
AssetImportParameters requested are different than current active one (requested -> active):
  custom:container-demuxer-ogg: 62fdf1f143b41e24485cea50d1cbac27 -> 
  custom:video-decoder-ogg-theora: a1e56fd34408186e4bbccfd4996cb3dc -> 
  custom:framework-win-MediaFoundation: 216162199b28c13a410421893ffa2e32 -> 
  custom:CustomObjectIndexerAttribute: 9a22284fe3817be447336de3de66b15e -> 
  custom:container-demuxer-webm: 4f35f7cbe854078d1ac9338744f61a02 -> 
  custom:container-muxer-webm: aa71ff27fc2769a1b78a27578f13a17b -> 
  custom:video-decoder-webm-vp8: 9c59270c3fd7afecdb556c50c9e8de78 -> 
  custom:SearchIndexIgnoredProperties: e643bd26f0fe6173181afceb89e7c659 -> 
  custom:AudioImporter_EditorPlatform: d09bf68614088b80899f8185d706f6e7 -> 
  custom:video-encoder-webm-vp8: eb34c28f22e8b96e1ab97ce403110664 -> 
  custom:audio-decoder-ogg-vorbis: bf7c407c2cedff20999df2af8eb42d56 -> 
  custom:audio-encoder-webm-vorbis: bf7c407c2cedff20999df2af8eb42d56 -> 
========================================================================
Received Prepare
Caller must complete domain reload
Begin MonoManager ReloadAssembly
- Loaded All Assemblies, in  3.473 seconds
Native extension for WindowsStandalone target not found
Mono: successfully reloaded assembly
- Finished resetting the current domain, in 66.479 seconds
Domain Reload Profiling: 69949ms
	BeginReloadAssembly (199ms)
		ExecutionOrderSort (0ms)
		DisableScriptedObjects (4ms)
		BackupInstance (0ms)
		ReleaseScriptingObjects (0ms)
		CreateAndSetChildDomain (58ms)
	RebuildCommonClasses (34ms)
	RebuildNativeTypeToScriptingClass (10ms)
	initialDomainReloadingComplete (40ms)
	LoadAllAssembliesAndSetupDomain (3187ms)
		LoadAssemblies (3256ms)
		RebuildTransferFunctionScriptingTraits (0ms)
		AnalyzeDomain (35ms)
			TypeCache.Refresh (23ms)
				TypeCache.ScanAssembly (0ms)
			ScanForSourceGeneratedMonoScriptInfo (0ms)
			ResolveRequiredComponents (10ms)
	FinalizeReload (66480ms)
		ReleaseScriptCaches (0ms)
		RebuildScriptCaches (0ms)
		SetupLoadedEditorAssemblies (510ms)
			LogAssemblyErrors (0ms)
			InitializePlatformSupportModulesInManaged (6ms)
			SetLoadedEditorAssemblies (3ms)
			RefreshPlugins (0ms)
			BeforeProcessingInitializeOnLoad (70ms)
			ProcessInitializeOnLoadAttributes (360ms)
			ProcessInitializeOnLoadMethodAttributes (63ms)
			AfterProcessingInitializeOnLoad (8ms)
			EditorAssembliesLoaded (0ms)
		ExecutionOrderSort2 (0ms)
		AwakeInstancesAfterBackupRestoration (9ms)
Refreshing native plugins compatible for Editor in 9.31 ms, found 4 plugins.
Preloading 0 native plugins for Editor in 0.00 ms.
Unloading 4364 Unused Serialized files (Serialized files now loaded: 0)
Unloading 17 unused Assets / (331.7 KB). Loaded Objects now: 4869.
Memory consumption went from 151.4 MB to 151.1 MB.
Total: 3.405200 ms (FindLiveObjects: 0.424300 ms CreateObjectMapping: 0.385300 ms MarkObjects: 2.384700 ms  DeleteObjects: 0.209500 ms)

Prepare: number of updated asset objects reloaded= 2
AssetImportParameters requested are different than current active one (requested -> active):
  custom:container-demuxer-ogg: 62fdf1f143b41e24485cea50d1cbac27 -> 
  custom:video-decoder-ogg-theora: a1e56fd34408186e4bbccfd4996cb3dc -> 
  custom:framework-win-MediaFoundation: 216162199b28c13a410421893ffa2e32 -> 
  custom:CustomObjectIndexerAttribute: 9a22284fe3817be447336de3de66b15e -> 
  custom:container-demuxer-webm: 4f35f7cbe854078d1ac9338744f61a02 -> 
  custom:container-muxer-webm: aa71ff27fc2769a1b78a27578f13a17b -> 
  custom:video-decoder-webm-vp8: 9c59270c3fd7afecdb556c50c9e8de78 -> 
  custom:SearchIndexIgnoredProperties: e643bd26f0fe6173181afceb89e7c659 -> 
  custom:AudioImporter_EditorPlatform: d09bf68614088b80899f8185d706f6e7 -> 
  custom:video-encoder-webm-vp8: eb34c28f22e8b96e1ab97ce403110664 -> 
  custom:audio-decoder-ogg-vorbis: bf7c407c2cedff20999df2af8eb42d56 -> 
  custom:audio-encoder-webm-vorbis: bf7c407c2cedff20999df2af8eb42d56 -> 
========================================================================
Received Prepare
Caller must complete domain reload
Begin MonoManager ReloadAssembly
- Loaded All Assemblies, in  3.115 seconds
Native extension for WindowsStandalone target not found
Mono: successfully reloaded assembly
- Finished resetting the current domain, in  1.194 seconds
Domain Reload Profiling: 4305ms
	BeginReloadAssembly (252ms)
		ExecutionOrderSort (0ms)
		DisableScriptedObjects (5ms)
		BackupInstance (0ms)
		ReleaseScriptingObjects (0ms)
		CreateAndSetChildDomain (62ms)
	RebuildCommonClasses (43ms)
	RebuildNativeTypeToScriptingClass (15ms)
	initialDomainReloadingComplete (32ms)
	LoadAllAssembliesAndSetupDomain (2768ms)
		LoadAssemblies (2889ms)
		RebuildTransferFunctionScriptingTraits (0ms)
		AnalyzeDomain (23ms)
			TypeCache.Refresh (14ms)
				TypeCache.ScanAssembly (0ms)
			ScanForSourceGeneratedMonoScriptInfo (0ms)
			ResolveRequiredComponents (8ms)
	FinalizeReload (1194ms)
		ReleaseScriptCaches (0ms)
		RebuildScriptCaches (0ms)
		SetupLoadedEditorAssemblies (525ms)
			LogAssemblyErrors (0ms)
			InitializePlatformSupportModulesInManaged (8ms)
			SetLoadedEditorAssemblies (3ms)
			RefreshPlugins (0ms)
			BeforeProcessingInitializeOnLoad (81ms)
			ProcessInitializeOnLoadAttributes (356ms)
			ProcessInitializeOnLoadMethodAttributes (69ms)
			AfterProcessingInitializeOnLoad (8ms)
			EditorAssembliesLoaded (0ms)
		ExecutionOrderSort2 (0ms)
		AwakeInstancesAfterBackupRestoration (6ms)
Refreshing native plugins compatible for Editor in 8.04 ms, found 4 plugins.
Preloading 0 native plugins for Editor in 0.00 ms.
Unloading 4364 Unused Serialized files (Serialized files now loaded: 0)
Unloading 17 unused Assets / (331.8 KB). Loaded Objects now: 4872.
Memory consumption went from 151.4 MB to 151.1 MB.
Total: 3.142900 ms (FindLiveObjects: 0.385500 ms CreateObjectMapping: 0.330400 ms MarkObjects: 2.318700 ms  DeleteObjects: 0.107400 ms)

Prepare: number of updated asset objects reloaded= 0
AssetImportParameters requested are different than current active one (requested -> active):
  custom:container-demuxer-ogg: 62fdf1f143b41e24485cea50d1cbac27 -> 
  custom:video-decoder-ogg-theora: a1e56fd34408186e4bbccfd4996cb3dc -> 
  custom:framework-win-MediaFoundation: 216162199b28c13a410421893ffa2e32 -> 
  custom:CustomObjectIndexerAttribute: 9a22284fe3817be447336de3de66b15e -> 
  custom:container-demuxer-webm: 4f35f7cbe854078d1ac9338744f61a02 -> 
  custom:container-muxer-webm: aa71ff27fc2769a1b78a27578f13a17b -> 
  custom:video-decoder-webm-vp8: 9c59270c3fd7afecdb556c50c9e8de78 -> 
  custom:SearchIndexIgnoredProperties: e643bd26f0fe6173181afceb89e7c659 -> 
  custom:AudioImporter_EditorPlatform: d09bf68614088b80899f8185d706f6e7 -> 
  custom:video-encoder-webm-vp8: eb34c28f22e8b96e1ab97ce403110664 -> 
  custom:audio-decoder-ogg-vorbis: bf7c407c2cedff20999df2af8eb42d56 -> 
  custom:audio-encoder-webm-vorbis: bf7c407c2cedff20999df2af8eb42d56 -> 
========================================================================
Received Prepare
Refreshing native plugins compatible for Editor in 7.90 ms, found 4 plugins.
Preloading 0 native plugins for Editor in 0.00 ms.
Unloading 4 Unused Serialized files (Serialized files now loaded: 0)
Unloading 4 unused Assets / (312.4 KB). Loaded Objects now: 4872.
Memory consumption went from 83.9 MB to 83.6 MB.
Total: 3.285600 ms (FindLiveObjects: 0.376000 ms CreateObjectMapping: 0.640800 ms MarkObjects: 2.182100 ms  DeleteObjects: 0.085700 ms)

Prepare: number of updated asset objects reloaded= 0
AssetImportParameters requested are different than current active one (requested -> active):
  custom:container-demuxer-ogg: 62fdf1f143b41e24485cea50d1cbac27 -> 
  custom:video-decoder-ogg-theora: a1e56fd34408186e4bbccfd4996cb3dc -> 
  custom:framework-win-MediaFoundation: 216162199b28c13a410421893ffa2e32 -> 
  custom:CustomObjectIndexerAttribute: 9a22284fe3817be447336de3de66b15e -> 
  custom:container-demuxer-webm: 4f35f7cbe854078d1ac9338744f61a02 -> 
  custom:container-muxer-webm: aa71ff27fc2769a1b78a27578f13a17b -> 
  custom:video-decoder-webm-vp8: 9c59270c3fd7afecdb556c50c9e8de78 -> 
  custom:SearchIndexIgnoredProperties: e643bd26f0fe6173181afceb89e7c659 -> 
  custom:AudioImporter_EditorPlatform: d09bf68614088b80899f8185d706f6e7 -> 
  custom:video-encoder-webm-vp8: eb34c28f22e8b96e1ab97ce403110664 -> 
  custom:audio-decoder-ogg-vorbis: bf7c407c2cedff20999df2af8eb42d56 -> 
  custom:audio-encoder-webm-vorbis: bf7c407c2cedff20999df2af8eb42d56 -> 
========================================================================
Received Prepare
Caller must complete domain reload
Begin MonoManager ReloadAssembly
- Loaded All Assemblies, in  1.329 seconds
Native extension for WindowsStandalone target not found
Mono: successfully reloaded assembly
- Finished resetting the current domain, in  1.097 seconds
Domain Reload Profiling: 2421ms
	BeginReloadAssembly (201ms)
		ExecutionOrderSort (0ms)
		DisableScriptedObjects (4ms)
		BackupInstance (0ms)
		ReleaseScriptingObjects (0ms)
		CreateAndSetChildDomain (45ms)
	RebuildCommonClasses (42ms)
	RebuildNativeTypeToScriptingClass (12ms)
	initialDomainReloadingComplete (40ms)
	LoadAllAssembliesAndSetupDomain (1029ms)
		LoadAssemblies (1130ms)
		RebuildTransferFunctionScriptingTraits (0ms)
		AnalyzeDomain (20ms)
			TypeCache.Refresh (11ms)
				TypeCache.ScanAssembly (0ms)
			ScanForSourceGeneratedMonoScriptInfo (0ms)
			ResolveRequiredComponents (7ms)
	FinalizeReload (1097ms)
		ReleaseScriptCaches (0ms)
		RebuildScriptCaches (0ms)
		SetupLoadedEditorAssemblies (499ms)
			LogAssemblyErrors (0ms)
			InitializePlatformSupportModulesInManaged (5ms)
			SetLoadedEditorAssemblies (3ms)
			RefreshPlugins (0ms)
			BeforeProcessingInitializeOnLoad (68ms)
			ProcessInitializeOnLoadAttributes (347ms)
			ProcessInitializeOnLoadMethodAttributes (68ms)
			AfterProcessingInitializeOnLoad (7ms)
			EditorAssembliesLoaded (0ms)
		ExecutionOrderSort2 (0ms)
		AwakeInstancesAfterBackupRestoration (7ms)
Refreshing native plugins compatible for Editor in 7.24 ms, found 4 plugins.
Preloading 0 native plugins for Editor in 0.00 ms.
Unloading 4364 Unused Serialized files (Serialized files now loaded: 0)
Unloading 17 unused Assets / (331.7 KB). Loaded Objects now: 4875.
Memory consumption went from 151.4 MB to 151.1 MB.
Total: 8.484800 ms (FindLiveObjects: 0.475700 ms CreateObjectMapping: 0.379400 ms MarkObjects: 7.041900 ms  DeleteObjects: 0.583600 ms)

Prepare: number of updated asset objects reloaded= 0
AssetImportParameters requested are different than current active one (requested -> active):
  custom:container-demuxer-ogg: 62fdf1f143b41e24485cea50d1cbac27 -> 
  custom:video-decoder-ogg-theora: a1e56fd34408186e4bbccfd4996cb3dc -> 
  custom:framework-win-MediaFoundation: 216162199b28c13a410421893ffa2e32 -> 
  custom:CustomObjectIndexerAttribute: 9a22284fe3817be447336de3de66b15e -> 
  custom:container-demuxer-webm: 4f35f7cbe854078d1ac9338744f61a02 -> 
  custom:container-muxer-webm: aa71ff27fc2769a1b78a27578f13a17b -> 
  custom:video-decoder-webm-vp8: 9c59270c3fd7afecdb556c50c9e8de78 -> 
  custom:SearchIndexIgnoredProperties: e643bd26f0fe6173181afceb89e7c659 -> 
  custom:AudioImporter_EditorPlatform: d09bf68614088b80899f8185d706f6e7 -> 
  custom:video-encoder-webm-vp8: eb34c28f22e8b96e1ab97ce403110664 -> 
  custom:audio-decoder-ogg-vorbis: bf7c407c2cedff20999df2af8eb42d56 -> 
  custom:audio-encoder-webm-vorbis: bf7c407c2cedff20999df2af8eb42d56 -> 
========================================================================
Received Prepare
Refreshing native plugins compatible for Editor in 8.84 ms, found 4 plugins.
Preloading 0 native plugins for Editor in 0.00 ms.
Unloading 4 Unused Serialized files (Serialized files now loaded: 0)
Unloading 5 unused Assets / (313.7 KB). Loaded Objects now: 4874.
Memory consumption went from 83.9 MB to 83.6 MB.
Total: 3.448500 ms (FindLiveObjects: 0.442500 ms CreateObjectMapping: 0.376400 ms MarkObjects: 2.515400 ms  DeleteObjects: 0.113300 ms)

Prepare: number of updated asset objects reloaded= 0
AssetImportParameters requested are different than current active one (requested -> active):
  custom:container-demuxer-ogg: 62fdf1f143b41e24485cea50d1cbac27 -> 
  custom:video-decoder-ogg-theora: a1e56fd34408186e4bbccfd4996cb3dc -> 
  custom:framework-win-MediaFoundation: 216162199b28c13a410421893ffa2e32 -> 
  custom:CustomObjectIndexerAttribute: 9a22284fe3817be447336de3de66b15e -> 
  custom:container-demuxer-webm: 4f35f7cbe854078d1ac9338744f61a02 -> 
  custom:container-muxer-webm: aa71ff27fc2769a1b78a27578f13a17b -> 
  custom:video-decoder-webm-vp8: 9c59270c3fd7afecdb556c50c9e8de78 -> 
  custom:SearchIndexIgnoredProperties: e643bd26f0fe6173181afceb89e7c659 -> 
  custom:AudioImporter_EditorPlatform: d09bf68614088b80899f8185d706f6e7 -> 
  custom:video-encoder-webm-vp8: eb34c28f22e8b96e1ab97ce403110664 -> 
  custom:audio-decoder-ogg-vorbis: bf7c407c2cedff20999df2af8eb42d56 -> 
  custom:audio-encoder-webm-vorbis: bf7c407c2cedff20999df2af8eb42d56 -> 
========================================================================
Received Prepare
Caller must complete domain reload
Begin MonoManager ReloadAssembly
- Loaded All Assemblies, in  0.656 seconds
Native extension for WindowsStandalone target not found
Mono: successfully reloaded assembly
- Finished resetting the current domain, in  1.242 seconds
Domain Reload Profiling: 1893ms
	BeginReloadAssembly (207ms)
		ExecutionOrderSort (0ms)
		DisableScriptedObjects (4ms)
		BackupInstance (0ms)
		ReleaseScriptingObjects (0ms)
		CreateAndSetChildDomain (47ms)
	RebuildCommonClasses (41ms)
	RebuildNativeTypeToScriptingClass (12ms)
	initialDomainReloadingComplete (34ms)
	LoadAllAssembliesAndSetupDomain (357ms)
		LoadAssemblies (417ms)
		RebuildTransferFunctionScriptingTraits (0ms)
		AnalyzeDomain (52ms)
			TypeCache.Refresh (24ms)
				TypeCache.ScanAssembly (3ms)
			ScanForSourceGeneratedMonoScriptInfo (16ms)
			ResolveRequiredComponents (10ms)
	FinalizeReload (1243ms)
		ReleaseScriptCaches (0ms)
		RebuildScriptCaches (0ms)
		SetupLoadedEditorAssemblies (518ms)
			LogAssemblyErrors (0ms)
			InitializePlatformSupportModulesInManaged (5ms)
			SetLoadedEditorAssemblies (3ms)
			RefreshPlugins (0ms)
			BeforeProcessingInitializeOnLoad (66ms)
			ProcessInitializeOnLoadAttributes (372ms)
			ProcessInitializeOnLoadMethodAttributes (64ms)
			AfterProcessingInitializeOnLoad (9ms)
			EditorAssembliesLoaded (0ms)
		ExecutionOrderSort2 (0ms)
		AwakeInstancesAfterBackupRestoration (7ms)
Refreshing native plugins compatible for Editor in 8.24 ms, found 4 plugins.
Preloading 0 native plugins for Editor in 0.00 ms.
Unloading 4364 Unused Serialized files (Serialized files now loaded: 0)
Unloading 69 unused Assets / (371.2 KB). Loaded Objects now: 4878.
Memory consumption went from 151.5 MB to 151.2 MB.
Total: 3.534200 ms (FindLiveObjects: 0.355600 ms CreateObjectMapping: 0.356300 ms MarkObjects: 2.515800 ms  DeleteObjects: 0.305600 ms)

Prepare: number of updated asset objects reloaded= 0
AssetImportParameters requested are different than current active one (requested -> active):
  custom:scripting/monoscript/fileName/XLuaTest_InvokeLua_ICalcBridge.cs: 30fde9c3feb0b30e098352b4dfeb9cae -> 39dbaec3aa6ccdef5b8e133e5c8d912d
  custom:scripting/monoscript/fileName/UnityEngine_BehaviourWrap.cs: 50be6300a89da29ca17ad67a2589a5ca -> 07f04650a03b829841e9fab9d7740454
  custom:scripting/monoscript/fileName/UnityEngine_WaitForSecondsWrap.cs: 14ce79597090ca49f32e5242d176e3e0 -> f924ebf1733d94f4d65590a1a94e6531
  custom:scripting/monoscript/fileName/XLuaTest_PeddingWrap.cs: 904ed3ab876976c36018836c17a5f7cd -> 87db0d803af8b6af633a98194cb11698
  custom:container-demuxer-ogg: 62fdf1f143b41e24485cea50d1cbac27 -> 
  custom:scripting/monoscript/fileName/UnityEngine_Vector3Wrap.cs: ce0a23addf1a2b20f8676787382fe6da -> 63f465b9380555daafea25b4176adba5
  custom:scripting/monoscript/fileName/UnityEngine_RayWrap.cs: 1b2ced459e0f7fe10c0b5b9489be6f35 -> 0b84fbe6cabdb1173feb41e835ef3a40
  custom:scripting/monoscript/fileName/WrapPusher.cs: 3b3bd77f226a0f893aad8e7367a0f06b -> a7d84f614ae4cd3b956f9b8556cfd18e
  custom:scripting/monoscript/fileName/Tutorial_DerivedClassWrap.cs: a9f1f1a33e70d4aca6ed43632ef080bc -> 1a8da11bcfc26039296e071510ba3246
  custom:video-decoder-ogg-theora: a1e56fd34408186e4bbccfd4996cb3dc -> 
  custom:scripting/monoscript/fileName/XLuaTest_Foo2ChildWrap.cs: f25917eb49d7296a35740a2c6a4d40ec -> 30fab5c82eb5f5ffb38a0a6d668c1895
  custom:framework-win-MediaFoundation: 216162199b28c13a410421893ffa2e32 -> 
  custom:scripting/monoscript/fileName/UnityEngine_TimeWrap.cs: 582bbe1acbebc99abd038879d2ce291a -> 5e744018ad83dc4e6b5341356b280ff7
  custom:scripting/monoscript/fileName/UnityEngine_AnimationClipWrap.cs: 35e9dbce44e2400ca249a1b04e238032 -> 77a92debc688d37d0c76ed29e7849dc6
  custom:scripting/monoscript/fileName/UnityEngine_MonoBehaviourWrap.cs: ab88a4de07d1ed4d6902d46f78a9c2a5 -> 04d351bf9d6db68acd2847f2651b2d6b
  custom:scripting/monoscript/fileName/UnityEngine_MathfWrap.cs: b8423f29ae782d824fe5861eb133fe99 -> 333033f071a58c53b030860e1dc36f4e
  custom:scripting/monoscript/fileName/XLuaTest_Foo1ChildWrap.cs: 4e50b7c1fc1d91200bd6d308925718b7 -> 1c5e3d8cdf39c119ce22e5be32eae9dd
  custom:scripting/monoscript/fileName/UnityEngine_ResourcesWrap.cs: 7881eec03c10cac6aed4968059672b77 -> 698ab99237a4262ce7f88356cded464a
  custom:CustomObjectIndexerAttribute: 9a22284fe3817be447336de3de66b15e -> 
  custom:scripting/monoscript/fileName/EnumWrap.cs: e1678317fb40b1504377930932a65f00 -> 71aaf938165cbdbb0ac6c90ffee86023
  custom:container-demuxer-webm: 4f35f7cbe854078d1ac9338744f61a02 -> 
  custom:scripting/monoscript/fileName/UnityEngine_ParticleSystemWrap.cs: ea70451eecfa9db0287288ead2570a87 -> eee33c4ac5a2b762ef5a90683fe90f0f
  custom:scripting/monoscript/fileName/XLuaTest_BaseTestWrap.cs: 07e45de8fa2ee7650261714b0c2efcd8 -> 4f21680da7e23ca573808ca54815d505
  custom:scripting/monoscript/fileName/UnityEngine_BoundsWrap.cs: 0ac99f7c45b4a0aef916e0e5b49238c9 -> 3dd26eeb95bac2de8ce2da585d995261
  custom:scripting/monoscript/fileName/PackUnpack.cs: 7bf1a1e4b9a6d19c982a86f574107fe4 -> 273cbe68a303e04c83210a0d1b0dbfc8
  custom:scripting/monoscript/fileName/UnityEngine_KeyframeWrap.cs: 198c4d7f205e316a3726e83558840a1d -> f022c20884bfebd1cdba5d0a32b69287
  custom:scripting/monoscript/fileName/DelegatesGensBridge.cs: 14979ecd91d982a7d4b63ce8b241a2cb -> 9b33d1c344798966a03eb7d32474259e
  custom:container-muxer-webm: aa71ff27fc2769a1b78a27578f13a17b -> 
  custom:video-decoder-webm-vp8: 9c59270c3fd7afecdb556c50c9e8de78 -> 
  custom:scripting/monoscript/fileName/XLuaTest_FooWrap.cs: 94d50054e40ab48511cae7fb0b602c9b -> abbeeb9782209030752aecf7c8307085
  custom:scripting/monoscript/fileName/Tutorial_DerivedClassExtensionsWrap.cs: 8d3a8d18ccf52ef11958b45f9012fc25 -> e71c7199b289862c70f81cc97fad9cd1
  custom:scripting/monoscript/fileName/System_Collections_Generic_List_1_System_Int32_Wrap.cs: 17851e7c00326059ae0787338228160b -> 0d81f6d3ce2afe6f735fa61fb6f44318
  custom:scripting/monoscript/fileName/XLuaGenAutoRegister.cs: d853ef44aabfccb80e0b7c076b61770b -> f7d7a1bdecea0875c31215b468d1ea3c
  custom:SearchIndexIgnoredProperties: e643bd26f0fe6173181afceb89e7c659 -> 
  custom:scripting/monoscript/fileName/UnityEngine_ColorWrap.cs: bd8e985ef59408a673873236ce871e73 -> a2199b901d8d68ac06d36f834d48f0de
  custom:AudioImporter_EditorPlatform: d09bf68614088b80899f8185d706f6e7 -> 
  custom:scripting/monoscript/fileName/Tutorial_BaseClassWrap.cs: 0cb2af1d083b0b2c5e8cb36d24bfb39c -> 82bd31d966804ddf94755f42eec25c75
  custom:scripting/monoscript/fileName/UnityEngine_Ray2DWrap.cs: 0739f12fd5151febac857f4bf1dfbf4b -> 3948513cbdb210ff5fa49a4b2880e106
  custom:scripting/monoscript/fileName/UnityEngine_ComponentWrap.cs: e27295da2190ed2ebf55b5ac632d7f35 -> 3c3e0b9fedb2878f9f3fac771839136b
  custom:scripting/monoscript/fileName/System_ObjectWrap.cs: c4f7132fadbd7f5f459fdffb106ce8ad -> 9fb5e5ed9e38c23dad1e0232edf0373b
  custom:scripting/monoscript/fileName/XLuaTest_Foo1ParentWrap.cs: 4d06c6c313846bbd2659cf013bd8c081 -> bc3faaa30d66f1a9334279476c37b2a8
  custom:scripting/monoscript/fileName/XLuaTest_FooExtensionWrap.cs: 0cf66dd4ab170a1f2008f8b97f4f2106 -> 778d9d5cc8332e1d0739618b88aa2bb9
  custom:scripting/monoscript/fileName/UnityEngine_QuaternionWrap.cs: d7776a0aea79cbcec5ba2c36565a1173 -> 2be38f3d0f8715c9babd38533b7cc2f6
  custom:scripting/monoscript/fileName/UnityEngine_AnimationCurveWrap.cs: f2332648b2113d579022f7ac44ddf1a2 -> a1b4a7dab75f49fff03082ff025e4e5e
  custom:scripting/monoscript/fileName/XLuaTest_IExchangerBridge.cs: dbb2be54f36a2496a4425e7ceb90b9b9 -> a1b04ba231b7210d75c48779fb061387
  custom:scripting/monoscript/fileName/UnityEngine_LightWrap.cs: d3e76313bbab2d6f78618d0a96177993 -> afdccdb78964e15816bd84ff574e1d72
  custom:scripting/monoscript/fileName/System_Collections_IEnumeratorBridge.cs: e58d0dcf0aa39125fd572da9408c5a63 -> a6b8b2b6997973169c6bebc4e00197c3
  custom:video-encoder-webm-vp8: eb34c28f22e8b96e1ab97ce403110664 -> 
  custom:scripting/monoscript/fileName/XLuaTest_Foo2ParentWrap.cs: 3cfc8bf6cad7ab5669e86f82da9efffc -> e55fdaf088679107b1602d0f4f018827
  custom:scripting/monoscript/fileName/Tutorial_CSCallLua_ItfDBridge.cs: d05148e45525d393370f3ca919d4cdc0 -> 4e0a8d0795850c18cf92cbc673dc6199
  custom:scripting/monoscript/fileName/UnityEngine_Vector2Wrap.cs: dfd1be4a9f736e54a226859ba85dbc30 -> d8bd11c5df83747314d76d2e1152a25a
  custom:audio-decoder-ogg-vorbis: bf7c407c2cedff20999df2af8eb42d56 -> 
  custom:scripting/monoscript/fileName/UnityEngine_GameObjectWrap.cs: c4cddad80b77cae4a3f64483d25e1457 -> 499beb086fe32ba82bd6b30d04f108ea
  custom:scripting/monoscript/fileName/XLuaTest_NoGcWrap.cs: 7c2153fc9ca9cd0a3cc8b2d8a5de2fcd -> b8ab725f3034c7583c772afc97e73cfe
  custom:scripting/monoscript/fileName/UnityEngine_DebugWrap.cs: a14c41c7fbd7dec62bec687de4c6fe27 -> 2a23054f13a8c643d838dbc57d787e1a
  custom:scripting/monoscript/fileName/UnityEngine_SkinnedMeshRendererWrap.cs: 9ad169117eb1ff375ebe298216e6901c -> e6c3bb62aa80867a3afe5dcbb6224761
  custom:scripting/monoscript/fileName/UnityEngine_TextAssetWrap.cs: a895654ec821ef871bab45f0bf4ab1bf -> 96eae3d139831963806db363328bfefe
  custom:scripting/monoscript/fileName/UnityEngine_TransformWrap.cs: 1ec7fdf0df78c54383c54d4890267885 -> 50d916bbc9cc3aa204547c1dbcf1b841
  custom:scripting/monoscript/fileName/UnityEngine_RendererWrap.cs: f2bb488dcafa31d4d1829db70de7e3de -> e28d66316639c5d4634a4f4176885c0f
  custom:audio-encoder-webm-vorbis: bf7c407c2cedff20999df2af8eb42d56 -> 
  custom:scripting/monoscript/fileName/XLuaTest_LuaBehaviourWrap.cs: eb21b90bdd58645712610184d1a6b02e -> 8a24807dde2ec4b5434d8876b84591df
  custom:scripting/monoscript/fileName/UnityEngine_Vector4Wrap.cs: 4736b1d9605ba5be814644e3bcc9e928 -> e876ed87f63c3dc401e686c851325f69
  custom:scripting/monoscript/fileName/XLuaTest_MyStructWrap.cs: 55519c14d8f95433c1b6e262daa1d322 -> bcfe0251bd793e1e64a466467ef9f39d
  custom:scripting/monoscript/fileName/UnityEngine_ObjectWrap.cs: acbfc6ebce3660b3cec600cb246312ee -> d239f04268fb712161f840d533347443
  custom:scripting/precompiled-assembly-types:Assembly-CSharp: c80cbc873a113ccd39c9ed2554ddb117 -> 6d2cbbca728bbcc514a1a97e862a8e21
  custom:scripting/monoscript/fileName/Tutorial_ICalcWrap.cs: 9802804745e09aa6d92fbca1a46de55a -> 03d02c9cf202af74271e6b9339f2aa97
========================================================================
Received Prepare
Caller must complete domain reload
Begin MonoManager ReloadAssembly
- Loaded All Assemblies, in  0.608 seconds
Native extension for WindowsStandalone target not found
Mono: successfully reloaded assembly
- Finished resetting the current domain, in  1.131 seconds
Domain Reload Profiling: 1736ms
	BeginReloadAssembly (185ms)
		ExecutionOrderSort (0ms)
		DisableScriptedObjects (5ms)
		BackupInstance (0ms)
		ReleaseScriptingObjects (0ms)
		CreateAndSetChildDomain (42ms)
	RebuildCommonClasses (35ms)
	RebuildNativeTypeToScriptingClass (11ms)
	initialDomainReloadingComplete (39ms)
	LoadAllAssembliesAndSetupDomain (334ms)
		LoadAssemblies (385ms)
		RebuildTransferFunctionScriptingTraits (0ms)
		AnalyzeDomain (50ms)
			TypeCache.Refresh (22ms)
				TypeCache.ScanAssembly (4ms)
			ScanForSourceGeneratedMonoScriptInfo (14ms)
			ResolveRequiredComponents (9ms)
	FinalizeReload (1132ms)
		ReleaseScriptCaches (0ms)
		RebuildScriptCaches (0ms)
		SetupLoadedEditorAssemblies (492ms)
			LogAssemblyErrors (0ms)
			InitializePlatformSupportModulesInManaged (5ms)
			SetLoadedEditorAssemblies (3ms)
			RefreshPlugins (0ms)
			BeforeProcessingInitializeOnLoad (70ms)
			ProcessInitializeOnLoadAttributes (344ms)
			ProcessInitializeOnLoadMethodAttributes (63ms)
			AfterProcessingInitializeOnLoad (8ms)
			EditorAssembliesLoaded (0ms)
		ExecutionOrderSort2 (0ms)
		AwakeInstancesAfterBackupRestoration (7ms)
Refreshing native plugins compatible for Editor in 6.66 ms, found 4 plugins.
Preloading 0 native plugins for Editor in 0.00 ms.
Unloading 4311 Unused Serialized files (Serialized files now loaded: 0)
Unloading 70 unused Assets / (359.7 KB). Loaded Objects now: 4828.
Memory consumption went from 150.6 MB to 150.3 MB.
Total: 2.952700 ms (FindLiveObjects: 0.381000 ms CreateObjectMapping: 0.287900 ms MarkObjects: 2.126100 ms  DeleteObjects: 0.156900 ms)

Prepare: number of updated asset objects reloaded= 0
AssetImportParameters requested are different than current active one (requested -> active):
  custom:scripting/monoscript/fileName/XLuaTest_InvokeLua_ICalcBridge.cs: 30fde9c3feb0b30e098352b4dfeb9cae -> 39dbaec3aa6ccdef5b8e133e5c8d912d
  custom:scripting/monoscript/fileName/UnityEngine_BehaviourWrap.cs: 50be6300a89da29ca17ad67a2589a5ca -> 07f04650a03b829841e9fab9d7740454
  custom:scripting/monoscript/fileName/UnityEngine_WaitForSecondsWrap.cs: 14ce79597090ca49f32e5242d176e3e0 -> f924ebf1733d94f4d65590a1a94e6531
  custom:scripting/monoscript/fileName/XLuaTest_PeddingWrap.cs: 904ed3ab876976c36018836c17a5f7cd -> 87db0d803af8b6af633a98194cb11698
  custom:container-demuxer-ogg: 62fdf1f143b41e24485cea50d1cbac27 -> 
  custom:scripting/monoscript/fileName/UnityEngine_Vector3Wrap.cs: ce0a23addf1a2b20f8676787382fe6da -> 63f465b9380555daafea25b4176adba5
  custom:scripting/monoscript/fileName/UnityEngine_RayWrap.cs: 1b2ced459e0f7fe10c0b5b9489be6f35 -> 0b84fbe6cabdb1173feb41e835ef3a40
  custom:scripting/monoscript/fileName/WrapPusher.cs: 3b3bd77f226a0f893aad8e7367a0f06b -> a7d84f614ae4cd3b956f9b8556cfd18e
  custom:scripting/monoscript/fileName/Tutorial_DerivedClassWrap.cs: a9f1f1a33e70d4aca6ed43632ef080bc -> 1a8da11bcfc26039296e071510ba3246
  custom:video-decoder-ogg-theora: a1e56fd34408186e4bbccfd4996cb3dc -> 
  custom:scripting/monoscript/fileName/XLuaTest_Foo2ChildWrap.cs: f25917eb49d7296a35740a2c6a4d40ec -> 30fab5c82eb5f5ffb38a0a6d668c1895
  custom:framework-win-MediaFoundation: 216162199b28c13a410421893ffa2e32 -> 
  custom:scripting/monoscript/fileName/UnityEngine_TimeWrap.cs: 582bbe1acbebc99abd038879d2ce291a -> 5e744018ad83dc4e6b5341356b280ff7
  custom:scripting/monoscript/fileName/UnityEngine_AnimationClipWrap.cs: 35e9dbce44e2400ca249a1b04e238032 -> 77a92debc688d37d0c76ed29e7849dc6
  custom:scripting/monoscript/fileName/UnityEngine_MonoBehaviourWrap.cs: ab88a4de07d1ed4d6902d46f78a9c2a5 -> 04d351bf9d6db68acd2847f2651b2d6b
  custom:scripting/monoscript/fileName/UnityEngine_MathfWrap.cs: b8423f29ae782d824fe5861eb133fe99 -> 333033f071a58c53b030860e1dc36f4e
  custom:scripting/monoscript/fileName/XLuaTest_Foo1ChildWrap.cs: 4e50b7c1fc1d91200bd6d308925718b7 -> 1c5e3d8cdf39c119ce22e5be32eae9dd
  custom:scripting/monoscript/fileName/UnityEngine_ResourcesWrap.cs: 7881eec03c10cac6aed4968059672b77 -> 698ab99237a4262ce7f88356cded464a
  custom:CustomObjectIndexerAttribute: 9a22284fe3817be447336de3de66b15e -> 
  custom:scripting/monoscript/fileName/EnumWrap.cs: e1678317fb40b1504377930932a65f00 -> 71aaf938165cbdbb0ac6c90ffee86023
  custom:container-demuxer-webm: 4f35f7cbe854078d1ac9338744f61a02 -> 
  custom:scripting/monoscript/fileName/UnityEngine_ParticleSystemWrap.cs: ea70451eecfa9db0287288ead2570a87 -> eee33c4ac5a2b762ef5a90683fe90f0f
  custom:scripting/monoscript/fileName/XLuaTest_BaseTestWrap.cs: 07e45de8fa2ee7650261714b0c2efcd8 -> 4f21680da7e23ca573808ca54815d505
  custom:scripting/monoscript/fileName/UnityEngine_BoundsWrap.cs: 0ac99f7c45b4a0aef916e0e5b49238c9 -> 3dd26eeb95bac2de8ce2da585d995261
  custom:scripting/monoscript/fileName/PackUnpack.cs: 7bf1a1e4b9a6d19c982a86f574107fe4 -> 273cbe68a303e04c83210a0d1b0dbfc8
  custom:scripting/monoscript/fileName/UnityEngine_KeyframeWrap.cs: 198c4d7f205e316a3726e83558840a1d -> f022c20884bfebd1cdba5d0a32b69287
  custom:scripting/monoscript/fileName/DelegatesGensBridge.cs: 14979ecd91d982a7d4b63ce8b241a2cb -> 9b33d1c344798966a03eb7d32474259e
  custom:container-muxer-webm: aa71ff27fc2769a1b78a27578f13a17b -> 
  custom:video-decoder-webm-vp8: 9c59270c3fd7afecdb556c50c9e8de78 -> 
  custom:scripting/monoscript/fileName/XLuaTest_FooWrap.cs: 94d50054e40ab48511cae7fb0b602c9b -> abbeeb9782209030752aecf7c8307085
  custom:scripting/monoscript/fileName/Tutorial_DerivedClassExtensionsWrap.cs: 8d3a8d18ccf52ef11958b45f9012fc25 -> e71c7199b289862c70f81cc97fad9cd1
  custom:scripting/monoscript/fileName/System_Collections_Generic_List_1_System_Int32_Wrap.cs: 17851e7c00326059ae0787338228160b -> 0d81f6d3ce2afe6f735fa61fb6f44318
  custom:scripting/monoscript/fileName/XLuaGenAutoRegister.cs: d853ef44aabfccb80e0b7c076b61770b -> f7d7a1bdecea0875c31215b468d1ea3c
  custom:SearchIndexIgnoredProperties: e643bd26f0fe6173181afceb89e7c659 -> 
  custom:scripting/monoscript/fileName/UnityEngine_ColorWrap.cs: bd8e985ef59408a673873236ce871e73 -> a2199b901d8d68ac06d36f834d48f0de
  custom:AudioImporter_EditorPlatform: d09bf68614088b80899f8185d706f6e7 -> 
  custom:scripting/monoscript/fileName/Tutorial_BaseClassWrap.cs: 0cb2af1d083b0b2c5e8cb36d24bfb39c -> 82bd31d966804ddf94755f42eec25c75
  custom:scripting/monoscript/fileName/UnityEngine_Ray2DWrap.cs: 0739f12fd5151febac857f4bf1dfbf4b -> 3948513cbdb210ff5fa49a4b2880e106
  custom:scripting/monoscript/fileName/UnityEngine_ComponentWrap.cs: e27295da2190ed2ebf55b5ac632d7f35 -> 3c3e0b9fedb2878f9f3fac771839136b
  custom:scripting/monoscript/fileName/System_ObjectWrap.cs: c4f7132fadbd7f5f459fdffb106ce8ad -> 9fb5e5ed9e38c23dad1e0232edf0373b
  custom:scripting/monoscript/fileName/XLuaTest_Foo1ParentWrap.cs: 4d06c6c313846bbd2659cf013bd8c081 -> bc3faaa30d66f1a9334279476c37b2a8
  custom:scripting/monoscript/fileName/XLuaTest_FooExtensionWrap.cs: 0cf66dd4ab170a1f2008f8b97f4f2106 -> 778d9d5cc8332e1d0739618b88aa2bb9
  custom:scripting/monoscript/fileName/UnityEngine_QuaternionWrap.cs: d7776a0aea79cbcec5ba2c36565a1173 -> 2be38f3d0f8715c9babd38533b7cc2f6
  custom:scripting/monoscript/fileName/UnityEngine_AnimationCurveWrap.cs: f2332648b2113d579022f7ac44ddf1a2 -> a1b4a7dab75f49fff03082ff025e4e5e
  custom:scripting/monoscript/fileName/XLuaTest_IExchangerBridge.cs: dbb2be54f36a2496a4425e7ceb90b9b9 -> a1b04ba231b7210d75c48779fb061387
  custom:scripting/monoscript/fileName/UnityEngine_LightWrap.cs: d3e76313bbab2d6f78618d0a96177993 -> afdccdb78964e15816bd84ff574e1d72
  custom:scripting/monoscript/fileName/System_Collections_IEnumeratorBridge.cs: e58d0dcf0aa39125fd572da9408c5a63 -> a6b8b2b6997973169c6bebc4e00197c3
  custom:video-encoder-webm-vp8: eb34c28f22e8b96e1ab97ce403110664 -> 
  custom:scripting/monoscript/fileName/XLuaTest_Foo2ParentWrap.cs: 3cfc8bf6cad7ab5669e86f82da9efffc -> e55fdaf088679107b1602d0f4f018827
  custom:scripting/monoscript/fileName/Tutorial_CSCallLua_ItfDBridge.cs: d05148e45525d393370f3ca919d4cdc0 -> 4e0a8d0795850c18cf92cbc673dc6199
  custom:scripting/monoscript/fileName/UnityEngine_Vector2Wrap.cs: dfd1be4a9f736e54a226859ba85dbc30 -> d8bd11c5df83747314d76d2e1152a25a
  custom:audio-decoder-ogg-vorbis: bf7c407c2cedff20999df2af8eb42d56 -> 
  custom:scripting/monoscript/fileName/UnityEngine_GameObjectWrap.cs: c4cddad80b77cae4a3f64483d25e1457 -> 499beb086fe32ba82bd6b30d04f108ea
  custom:scripting/monoscript/fileName/XLuaTest_NoGcWrap.cs: 7c2153fc9ca9cd0a3cc8b2d8a5de2fcd -> b8ab725f3034c7583c772afc97e73cfe
  custom:scripting/monoscript/fileName/UnityEngine_DebugWrap.cs: a14c41c7fbd7dec62bec687de4c6fe27 -> 2a23054f13a8c643d838dbc57d787e1a
  custom:scripting/monoscript/fileName/UnityEngine_SkinnedMeshRendererWrap.cs: 9ad169117eb1ff375ebe298216e6901c -> e6c3bb62aa80867a3afe5dcbb6224761
  custom:scripting/monoscript/fileName/UnityEngine_TextAssetWrap.cs: a895654ec821ef871bab45f0bf4ab1bf -> 96eae3d139831963806db363328bfefe
  custom:scripting/monoscript/fileName/UnityEngine_TransformWrap.cs: 1ec7fdf0df78c54383c54d4890267885 -> 50d916bbc9cc3aa204547c1dbcf1b841
  custom:scripting/monoscript/fileName/UnityEngine_RendererWrap.cs: f2bb488dcafa31d4d1829db70de7e3de -> e28d66316639c5d4634a4f4176885c0f
  custom:audio-encoder-webm-vorbis: bf7c407c2cedff20999df2af8eb42d56 -> 
  custom:scripting/monoscript/fileName/XLuaTest_LuaBehaviourWrap.cs: eb21b90bdd58645712610184d1a6b02e -> 8a24807dde2ec4b5434d8876b84591df
  custom:scripting/monoscript/fileName/UnityEngine_Vector4Wrap.cs: 4736b1d9605ba5be814644e3bcc9e928 -> e876ed87f63c3dc401e686c851325f69
  custom:scripting/monoscript/fileName/XLuaTest_MyStructWrap.cs: 55519c14d8f95433c1b6e262daa1d322 -> bcfe0251bd793e1e64a466467ef9f39d
  custom:scripting/monoscript/fileName/UnityEngine_ObjectWrap.cs: acbfc6ebce3660b3cec600cb246312ee -> d239f04268fb712161f840d533347443
  custom:scripting/precompiled-assembly-types:Assembly-CSharp: 7f215f4b51c6a6c7c1fbe1effeda673d -> 6d2cbbca728bbcc514a1a97e862a8e21
  custom:scripting/monoscript/fileName/Tutorial_ICalcWrap.cs: 9802804745e09aa6d92fbca1a46de55a -> 03d02c9cf202af74271e6b9339f2aa97
========================================================================
Received Prepare
Caller must complete domain reload
Begin MonoManager ReloadAssembly
- Loaded All Assemblies, in  0.655 seconds
Native extension for WindowsStandalone target not found
Mono: successfully reloaded assembly
- Finished resetting the current domain, in  1.111 seconds
Domain Reload Profiling: 1762ms
	BeginReloadAssembly (229ms)
		ExecutionOrderSort (0ms)
		DisableScriptedObjects (7ms)
		BackupInstance (0ms)
		ReleaseScriptingObjects (0ms)
		CreateAndSetChildDomain (47ms)
	RebuildCommonClasses (42ms)
	RebuildNativeTypeToScriptingClass (17ms)
	initialDomainReloadingComplete (41ms)
	LoadAllAssembliesAndSetupDomain (323ms)
		LoadAssemblies (412ms)
		RebuildTransferFunctionScriptingTraits (0ms)
		AnalyzeDomain (40ms)
			TypeCache.Refresh (17ms)
				TypeCache.ScanAssembly (3ms)
			ScanForSourceGeneratedMonoScriptInfo (15ms)
			ResolveRequiredComponents (7ms)
	FinalizeReload (1111ms)
		ReleaseScriptCaches (0ms)
		RebuildScriptCaches (0ms)
		SetupLoadedEditorAssemblies (475ms)
			LogAssemblyErrors (0ms)
			InitializePlatformSupportModulesInManaged (5ms)
			SetLoadedEditorAssemblies (3ms)
			RefreshPlugins (0ms)
			BeforeProcessingInitializeOnLoad (66ms)
			ProcessInitializeOnLoadAttributes (332ms)
			ProcessInitializeOnLoadMethodAttributes (60ms)
			AfterProcessingInitializeOnLoad (9ms)
			EditorAssembliesLoaded (1ms)
		ExecutionOrderSort2 (0ms)
		AwakeInstancesAfterBackupRestoration (8ms)
Refreshing native plugins compatible for Editor in 7.11 ms, found 4 plugins.
Preloading 0 native plugins for Editor in 0.00 ms.
Unloading 4364 Unused Serialized files (Serialized files now loaded: 0)
Unloading 17 unused Assets / (331.8 KB). Loaded Objects now: 4884.
Memory consumption went from 151.5 MB to 151.1 MB.
Total: 2.906900 ms (FindLiveObjects: 0.342300 ms CreateObjectMapping: 0.297200 ms MarkObjects: 2.157800 ms  DeleteObjects: 0.108600 ms)

Prepare: number of updated asset objects reloaded= 0
AssetImportParameters requested are different than current active one (requested -> active):
  custom:scripting/monoscript/fileName/XLuaTest_InvokeLua_ICalcBridge.cs: 30fde9c3feb0b30e098352b4dfeb9cae -> 39dbaec3aa6ccdef5b8e133e5c8d912d
  custom:scripting/monoscript/fileName/UnityEngine_BehaviourWrap.cs: 50be6300a89da29ca17ad67a2589a5ca -> 07f04650a03b829841e9fab9d7740454
  custom:scripting/monoscript/fileName/UnityEngine_WaitForSecondsWrap.cs: 14ce79597090ca49f32e5242d176e3e0 -> f924ebf1733d94f4d65590a1a94e6531
  custom:scripting/monoscript/fileName/XLuaTest_PeddingWrap.cs: 904ed3ab876976c36018836c17a5f7cd -> 87db0d803af8b6af633a98194cb11698
  custom:container-demuxer-ogg: 62fdf1f143b41e24485cea50d1cbac27 -> 
  custom:scripting/monoscript/fileName/UnityEngine_Vector3Wrap.cs: ce0a23addf1a2b20f8676787382fe6da -> 63f465b9380555daafea25b4176adba5
  custom:scripting/monoscript/fileName/UnityEngine_RayWrap.cs: 1b2ced459e0f7fe10c0b5b9489be6f35 -> 0b84fbe6cabdb1173feb41e835ef3a40
  custom:scripting/monoscript/fileName/WrapPusher.cs: 3b3bd77f226a0f893aad8e7367a0f06b -> a7d84f614ae4cd3b956f9b8556cfd18e
  custom:scripting/monoscript/fileName/Tutorial_DerivedClassWrap.cs: a9f1f1a33e70d4aca6ed43632ef080bc -> 1a8da11bcfc26039296e071510ba3246
  custom:video-decoder-ogg-theora: a1e56fd34408186e4bbccfd4996cb3dc -> 
  custom:scripting/monoscript/fileName/XLuaTest_Foo2ChildWrap.cs: f25917eb49d7296a35740a2c6a4d40ec -> 30fab5c82eb5f5ffb38a0a6d668c1895
  custom:framework-win-MediaFoundation: 216162199b28c13a410421893ffa2e32 -> 
  custom:scripting/monoscript/fileName/UnityEngine_TimeWrap.cs: 582bbe1acbebc99abd038879d2ce291a -> 5e744018ad83dc4e6b5341356b280ff7
  custom:scripting/monoscript/fileName/UnityEngine_AnimationClipWrap.cs: 35e9dbce44e2400ca249a1b04e238032 -> 77a92debc688d37d0c76ed29e7849dc6
  custom:scripting/monoscript/fileName/UnityEngine_MonoBehaviourWrap.cs: ab88a4de07d1ed4d6902d46f78a9c2a5 -> 04d351bf9d6db68acd2847f2651b2d6b
  custom:scripting/monoscript/fileName/UnityEngine_MathfWrap.cs: b8423f29ae782d824fe5861eb133fe99 -> 333033f071a58c53b030860e1dc36f4e
  custom:scripting/monoscript/fileName/XLuaTest_Foo1ChildWrap.cs: 4e50b7c1fc1d91200bd6d308925718b7 -> 1c5e3d8cdf39c119ce22e5be32eae9dd
  custom:scripting/monoscript/fileName/UnityEngine_ResourcesWrap.cs: 7881eec03c10cac6aed4968059672b77 -> 698ab99237a4262ce7f88356cded464a
  custom:CustomObjectIndexerAttribute: 9a22284fe3817be447336de3de66b15e -> 
  custom:scripting/monoscript/fileName/EnumWrap.cs: e1678317fb40b1504377930932a65f00 -> 71aaf938165cbdbb0ac6c90ffee86023
  custom:container-demuxer-webm: 4f35f7cbe854078d1ac9338744f61a02 -> 
  custom:scripting/monoscript/fileName/UnityEngine_ParticleSystemWrap.cs: ea70451eecfa9db0287288ead2570a87 -> eee33c4ac5a2b762ef5a90683fe90f0f
  custom:scripting/monoscript/fileName/XLuaTest_BaseTestWrap.cs: 07e45de8fa2ee7650261714b0c2efcd8 -> 4f21680da7e23ca573808ca54815d505
  custom:scripting/monoscript/fileName/UnityEngine_BoundsWrap.cs: 0ac99f7c45b4a0aef916e0e5b49238c9 -> 3dd26eeb95bac2de8ce2da585d995261
  custom:scripting/monoscript/fileName/PackUnpack.cs: 7bf1a1e4b9a6d19c982a86f574107fe4 -> 273cbe68a303e04c83210a0d1b0dbfc8
  custom:scripting/monoscript/fileName/UnityEngine_KeyframeWrap.cs: 198c4d7f205e316a3726e83558840a1d -> f022c20884bfebd1cdba5d0a32b69287
  custom:scripting/monoscript/fileName/DelegatesGensBridge.cs: 14979ecd91d982a7d4b63ce8b241a2cb -> 9b33d1c344798966a03eb7d32474259e
  custom:container-muxer-webm: aa71ff27fc2769a1b78a27578f13a17b -> 
  custom:video-decoder-webm-vp8: 9c59270c3fd7afecdb556c50c9e8de78 -> 
  custom:scripting/monoscript/fileName/XLuaTest_FooWrap.cs: 94d50054e40ab48511cae7fb0b602c9b -> abbeeb9782209030752aecf7c8307085
  custom:scripting/monoscript/fileName/Tutorial_DerivedClassExtensionsWrap.cs: 8d3a8d18ccf52ef11958b45f9012fc25 -> e71c7199b289862c70f81cc97fad9cd1
  custom:scripting/monoscript/fileName/System_Collections_Generic_List_1_System_Int32_Wrap.cs: 17851e7c00326059ae0787338228160b -> 0d81f6d3ce2afe6f735fa61fb6f44318
  custom:scripting/monoscript/fileName/XLuaGenAutoRegister.cs: d853ef44aabfccb80e0b7c076b61770b -> f7d7a1bdecea0875c31215b468d1ea3c
  custom:SearchIndexIgnoredProperties: e643bd26f0fe6173181afceb89e7c659 -> 
  custom:scripting/monoscript/fileName/UnityEngine_ColorWrap.cs: bd8e985ef59408a673873236ce871e73 -> a2199b901d8d68ac06d36f834d48f0de
  custom:AudioImporter_EditorPlatform: d09bf68614088b80899f8185d706f6e7 -> 
  custom:scripting/monoscript/fileName/Tutorial_BaseClassWrap.cs: 0cb2af1d083b0b2c5e8cb36d24bfb39c -> 82bd31d966804ddf94755f42eec25c75
  custom:scripting/monoscript/fileName/UnityEngine_Ray2DWrap.cs: 0739f12fd5151febac857f4bf1dfbf4b -> 3948513cbdb210ff5fa49a4b2880e106
  custom:scripting/monoscript/fileName/UnityEngine_ComponentWrap.cs: e27295da2190ed2ebf55b5ac632d7f35 -> 3c3e0b9fedb2878f9f3fac771839136b
  custom:scripting/monoscript/fileName/System_ObjectWrap.cs: c4f7132fadbd7f5f459fdffb106ce8ad -> 9fb5e5ed9e38c23dad1e0232edf0373b
  custom:scripting/monoscript/fileName/XLuaTest_Foo1ParentWrap.cs: 4d06c6c313846bbd2659cf013bd8c081 -> bc3faaa30d66f1a9334279476c37b2a8
  custom:scripting/monoscript/fileName/XLuaTest_FooExtensionWrap.cs: 0cf66dd4ab170a1f2008f8b97f4f2106 -> 778d9d5cc8332e1d0739618b88aa2bb9
  custom:scripting/monoscript/fileName/UnityEngine_QuaternionWrap.cs: d7776a0aea79cbcec5ba2c36565a1173 -> 2be38f3d0f8715c9babd38533b7cc2f6
  custom:scripting/monoscript/fileName/UnityEngine_AnimationCurveWrap.cs: f2332648b2113d579022f7ac44ddf1a2 -> a1b4a7dab75f49fff03082ff025e4e5e
  custom:scripting/monoscript/fileName/XLuaTest_IExchangerBridge.cs: dbb2be54f36a2496a4425e7ceb90b9b9 -> a1b04ba231b7210d75c48779fb061387
  custom:scripting/monoscript/fileName/UnityEngine_LightWrap.cs: d3e76313bbab2d6f78618d0a96177993 -> afdccdb78964e15816bd84ff574e1d72
  custom:scripting/monoscript/fileName/System_Collections_IEnumeratorBridge.cs: e58d0dcf0aa39125fd572da9408c5a63 -> a6b8b2b6997973169c6bebc4e00197c3
  custom:video-encoder-webm-vp8: eb34c28f22e8b96e1ab97ce403110664 -> 
  custom:scripting/monoscript/fileName/XLuaTest_Foo2ParentWrap.cs: 3cfc8bf6cad7ab5669e86f82da9efffc -> e55fdaf088679107b1602d0f4f018827
  custom:scripting/monoscript/fileName/Tutorial_CSCallLua_ItfDBridge.cs: d05148e45525d393370f3ca919d4cdc0 -> 4e0a8d0795850c18cf92cbc673dc6199
  custom:scripting/monoscript/fileName/UnityEngine_Vector2Wrap.cs: dfd1be4a9f736e54a226859ba85dbc30 -> d8bd11c5df83747314d76d2e1152a25a
  custom:audio-decoder-ogg-vorbis: bf7c407c2cedff20999df2af8eb42d56 -> 
  custom:scripting/monoscript/fileName/UnityEngine_GameObjectWrap.cs: c4cddad80b77cae4a3f64483d25e1457 -> 499beb086fe32ba82bd6b30d04f108ea
  custom:scripting/monoscript/fileName/XLuaTest_NoGcWrap.cs: 7c2153fc9ca9cd0a3cc8b2d8a5de2fcd -> b8ab725f3034c7583c772afc97e73cfe
  custom:scripting/monoscript/fileName/UnityEngine_DebugWrap.cs: a14c41c7fbd7dec62bec687de4c6fe27 -> 2a23054f13a8c643d838dbc57d787e1a
  custom:scripting/monoscript/fileName/UnityEngine_SkinnedMeshRendererWrap.cs: 9ad169117eb1ff375ebe298216e6901c -> e6c3bb62aa80867a3afe5dcbb6224761
  custom:scripting/monoscript/fileName/UnityEngine_TextAssetWrap.cs: a895654ec821ef871bab45f0bf4ab1bf -> 96eae3d139831963806db363328bfefe
  custom:scripting/monoscript/fileName/UnityEngine_TransformWrap.cs: 1ec7fdf0df78c54383c54d4890267885 -> 50d916bbc9cc3aa204547c1dbcf1b841
  custom:scripting/monoscript/fileName/UnityEngine_RendererWrap.cs: f2bb488dcafa31d4d1829db70de7e3de -> e28d66316639c5d4634a4f4176885c0f
  custom:audio-encoder-webm-vorbis: bf7c407c2cedff20999df2af8eb42d56 -> 
  custom:scripting/monoscript/fileName/XLuaTest_LuaBehaviourWrap.cs: eb21b90bdd58645712610184d1a6b02e -> 8a24807dde2ec4b5434d8876b84591df
  custom:scripting/monoscript/fileName/UnityEngine_Vector4Wrap.cs: 4736b1d9605ba5be814644e3bcc9e928 -> e876ed87f63c3dc401e686c851325f69
  custom:scripting/monoscript/fileName/XLuaTest_MyStructWrap.cs: 55519c14d8f95433c1b6e262daa1d322 -> bcfe0251bd793e1e64a466467ef9f39d
  custom:scripting/monoscript/fileName/UnityEngine_ObjectWrap.cs: acbfc6ebce3660b3cec600cb246312ee -> d239f04268fb712161f840d533347443
  custom:scripting/precompiled-assembly-types:Assembly-CSharp: c80cbc873a113ccd39c9ed2554ddb117 -> 6d2cbbca728bbcc514a1a97e862a8e21
  custom:scripting/monoscript/fileName/Tutorial_ICalcWrap.cs: 9802804745e09aa6d92fbca1a46de55a -> 03d02c9cf202af74271e6b9339f2aa97
========================================================================
Received Prepare
Refreshing native plugins compatible for Editor in 10.45 ms, found 4 plugins.
Preloading 0 native plugins for Editor in 0.00 ms.
Unloading 4 Unused Serialized files (Serialized files now loaded: 0)
Unloading 4 unused Assets / (313.0 KB). Loaded Objects now: 4884.
Memory consumption went from 84.0 MB to 83.7 MB.
Total: 10.748000 ms (FindLiveObjects: 0.358300 ms CreateObjectMapping: 1.018600 ms MarkObjects: 9.100600 ms  DeleteObjects: 0.267300 ms)

Prepare: number of updated asset objects reloaded= 0
AssetImportParameters requested are different than current active one (requested -> active):
  custom:scripting/monoscript/fileName/XLuaTest_InvokeLua_ICalcBridge.cs: 30fde9c3feb0b30e098352b4dfeb9cae -> 39dbaec3aa6ccdef5b8e133e5c8d912d
  custom:scripting/monoscript/fileName/UnityEngine_BehaviourWrap.cs: 50be6300a89da29ca17ad67a2589a5ca -> 07f04650a03b829841e9fab9d7740454
  custom:scripting/monoscript/fileName/UnityEngine_WaitForSecondsWrap.cs: 14ce79597090ca49f32e5242d176e3e0 -> f924ebf1733d94f4d65590a1a94e6531
  custom:scripting/monoscript/fileName/XLuaTest_PeddingWrap.cs: 904ed3ab876976c36018836c17a5f7cd -> 87db0d803af8b6af633a98194cb11698
  custom:container-demuxer-ogg: 62fdf1f143b41e24485cea50d1cbac27 -> 
  custom:scripting/monoscript/fileName/UnityEngine_Vector3Wrap.cs: ce0a23addf1a2b20f8676787382fe6da -> 63f465b9380555daafea25b4176adba5
  custom:scripting/monoscript/fileName/UnityEngine_RayWrap.cs: 1b2ced459e0f7fe10c0b5b9489be6f35 -> 0b84fbe6cabdb1173feb41e835ef3a40
  custom:scripting/monoscript/fileName/WrapPusher.cs: 3b3bd77f226a0f893aad8e7367a0f06b -> a7d84f614ae4cd3b956f9b8556cfd18e
  custom:scripting/monoscript/fileName/Tutorial_DerivedClassWrap.cs: a9f1f1a33e70d4aca6ed43632ef080bc -> 1a8da11bcfc26039296e071510ba3246
  custom:video-decoder-ogg-theora: a1e56fd34408186e4bbccfd4996cb3dc -> 
  custom:scripting/monoscript/fileName/XLuaTest_Foo2ChildWrap.cs: f25917eb49d7296a35740a2c6a4d40ec -> 30fab5c82eb5f5ffb38a0a6d668c1895
  custom:framework-win-MediaFoundation: 216162199b28c13a410421893ffa2e32 -> 
  custom:scripting/monoscript/fileName/UnityEngine_TimeWrap.cs: 582bbe1acbebc99abd038879d2ce291a -> 5e744018ad83dc4e6b5341356b280ff7
  custom:scripting/monoscript/fileName/UnityEngine_AnimationClipWrap.cs: 35e9dbce44e2400ca249a1b04e238032 -> 77a92debc688d37d0c76ed29e7849dc6
  custom:scripting/monoscript/fileName/UnityEngine_MonoBehaviourWrap.cs: ab88a4de07d1ed4d6902d46f78a9c2a5 -> 04d351bf9d6db68acd2847f2651b2d6b
  custom:scripting/monoscript/fileName/UnityEngine_MathfWrap.cs: b8423f29ae782d824fe5861eb133fe99 -> 333033f071a58c53b030860e1dc36f4e
  custom:scripting/monoscript/fileName/XLuaTest_Foo1ChildWrap.cs: 4e50b7c1fc1d91200bd6d308925718b7 -> 1c5e3d8cdf39c119ce22e5be32eae9dd
  custom:scripting/monoscript/fileName/UnityEngine_ResourcesWrap.cs: 7881eec03c10cac6aed4968059672b77 -> 698ab99237a4262ce7f88356cded464a
  custom:CustomObjectIndexerAttribute: 9a22284fe3817be447336de3de66b15e -> 
  custom:scripting/monoscript/fileName/EnumWrap.cs: e1678317fb40b1504377930932a65f00 -> 71aaf938165cbdbb0ac6c90ffee86023
  custom:container-demuxer-webm: 4f35f7cbe854078d1ac9338744f61a02 -> 
  custom:scripting/monoscript/fileName/UnityEngine_ParticleSystemWrap.cs: ea70451eecfa9db0287288ead2570a87 -> eee33c4ac5a2b762ef5a90683fe90f0f
  custom:scripting/monoscript/fileName/XLuaTest_BaseTestWrap.cs: 07e45de8fa2ee7650261714b0c2efcd8 -> 4f21680da7e23ca573808ca54815d505
  custom:scripting/monoscript/fileName/UnityEngine_BoundsWrap.cs: 0ac99f7c45b4a0aef916e0e5b49238c9 -> 3dd26eeb95bac2de8ce2da585d995261
  custom:scripting/monoscript/fileName/PackUnpack.cs: 7bf1a1e4b9a6d19c982a86f574107fe4 -> 273cbe68a303e04c83210a0d1b0dbfc8
  custom:scripting/monoscript/fileName/UnityEngine_KeyframeWrap.cs: 198c4d7f205e316a3726e83558840a1d -> f022c20884bfebd1cdba5d0a32b69287
  custom:scripting/monoscript/fileName/DelegatesGensBridge.cs: 14979ecd91d982a7d4b63ce8b241a2cb -> 9b33d1c344798966a03eb7d32474259e
  custom:container-muxer-webm: aa71ff27fc2769a1b78a27578f13a17b -> 
  custom:video-decoder-webm-vp8: 9c59270c3fd7afecdb556c50c9e8de78 -> 
  custom:scripting/monoscript/fileName/XLuaTest_FooWrap.cs: 94d50054e40ab48511cae7fb0b602c9b -> abbeeb9782209030752aecf7c8307085
  custom:scripting/monoscript/fileName/Tutorial_DerivedClassExtensionsWrap.cs: 8d3a8d18ccf52ef11958b45f9012fc25 -> e71c7199b289862c70f81cc97fad9cd1
  custom:scripting/monoscript/fileName/System_Collections_Generic_List_1_System_Int32_Wrap.cs: 17851e7c00326059ae0787338228160b -> 0d81f6d3ce2afe6f735fa61fb6f44318
  custom:scripting/monoscript/fileName/XLuaGenAutoRegister.cs: d853ef44aabfccb80e0b7c076b61770b -> f7d7a1bdecea0875c31215b468d1ea3c
  custom:SearchIndexIgnoredProperties: e643bd26f0fe6173181afceb89e7c659 -> 
  custom:scripting/monoscript/fileName/UnityEngine_ColorWrap.cs: bd8e985ef59408a673873236ce871e73 -> a2199b901d8d68ac06d36f834d48f0de
  custom:AudioImporter_EditorPlatform: d09bf68614088b80899f8185d706f6e7 -> 
  custom:scripting/monoscript/fileName/Tutorial_BaseClassWrap.cs: 0cb2af1d083b0b2c5e8cb36d24bfb39c -> 82bd31d966804ddf94755f42eec25c75
  custom:scripting/monoscript/fileName/UnityEngine_Ray2DWrap.cs: 0739f12fd5151febac857f4bf1dfbf4b -> 3948513cbdb210ff5fa49a4b2880e106
  custom:scripting/monoscript/fileName/UnityEngine_ComponentWrap.cs: e27295da2190ed2ebf55b5ac632d7f35 -> 3c3e0b9fedb2878f9f3fac771839136b
  custom:scripting/monoscript/fileName/System_ObjectWrap.cs: c4f7132fadbd7f5f459fdffb106ce8ad -> 9fb5e5ed9e38c23dad1e0232edf0373b
  custom:scripting/monoscript/fileName/XLuaTest_Foo1ParentWrap.cs: 4d06c6c313846bbd2659cf013bd8c081 -> bc3faaa30d66f1a9334279476c37b2a8
  custom:scripting/monoscript/fileName/XLuaTest_FooExtensionWrap.cs: 0cf66dd4ab170a1f2008f8b97f4f2106 -> 778d9d5cc8332e1d0739618b88aa2bb9
  custom:scripting/monoscript/fileName/UnityEngine_QuaternionWrap.cs: d7776a0aea79cbcec5ba2c36565a1173 -> 2be38f3d0f8715c9babd38533b7cc2f6
  custom:scripting/monoscript/fileName/UnityEngine_AnimationCurveWrap.cs: f2332648b2113d579022f7ac44ddf1a2 -> a1b4a7dab75f49fff03082ff025e4e5e
  custom:scripting/monoscript/fileName/XLuaTest_IExchangerBridge.cs: dbb2be54f36a2496a4425e7ceb90b9b9 -> a1b04ba231b7210d75c48779fb061387
  custom:scripting/monoscript/fileName/UnityEngine_LightWrap.cs: d3e76313bbab2d6f78618d0a96177993 -> afdccdb78964e15816bd84ff574e1d72
  custom:scripting/monoscript/fileName/System_Collections_IEnumeratorBridge.cs: e58d0dcf0aa39125fd572da9408c5a63 -> a6b8b2b6997973169c6bebc4e00197c3
  custom:video-encoder-webm-vp8: eb34c28f22e8b96e1ab97ce403110664 -> 
  custom:scripting/monoscript/fileName/XLuaTest_Foo2ParentWrap.cs: 3cfc8bf6cad7ab5669e86f82da9efffc -> e55fdaf088679107b1602d0f4f018827
  custom:scripting/monoscript/fileName/Tutorial_CSCallLua_ItfDBridge.cs: d05148e45525d393370f3ca919d4cdc0 -> 4e0a8d0795850c18cf92cbc673dc6199
  custom:scripting/monoscript/fileName/UnityEngine_Vector2Wrap.cs: dfd1be4a9f736e54a226859ba85dbc30 -> d8bd11c5df83747314d76d2e1152a25a
  custom:audio-decoder-ogg-vorbis: bf7c407c2cedff20999df2af8eb42d56 -> 
  custom:scripting/monoscript/fileName/UnityEngine_GameObjectWrap.cs: c4cddad80b77cae4a3f64483d25e1457 -> 499beb086fe32ba82bd6b30d04f108ea
  custom:scripting/monoscript/fileName/XLuaTest_NoGcWrap.cs: 7c2153fc9ca9cd0a3cc8b2d8a5de2fcd -> b8ab725f3034c7583c772afc97e73cfe
  custom:scripting/monoscript/fileName/UnityEngine_DebugWrap.cs: a14c41c7fbd7dec62bec687de4c6fe27 -> 2a23054f13a8c643d838dbc57d787e1a
  custom:scripting/monoscript/fileName/UnityEngine_SkinnedMeshRendererWrap.cs: 9ad169117eb1ff375ebe298216e6901c -> e6c3bb62aa80867a3afe5dcbb6224761
  custom:scripting/monoscript/fileName/UnityEngine_TextAssetWrap.cs: a895654ec821ef871bab45f0bf4ab1bf -> 96eae3d139831963806db363328bfefe
  custom:scripting/monoscript/fileName/UnityEngine_TransformWrap.cs: 1ec7fdf0df78c54383c54d4890267885 -> 50d916bbc9cc3aa204547c1dbcf1b841
  custom:scripting/monoscript/fileName/UnityEngine_RendererWrap.cs: f2bb488dcafa31d4d1829db70de7e3de -> e28d66316639c5d4634a4f4176885c0f
  custom:audio-encoder-webm-vorbis: bf7c407c2cedff20999df2af8eb42d56 -> 
  custom:scripting/monoscript/fileName/XLuaTest_LuaBehaviourWrap.cs: eb21b90bdd58645712610184d1a6b02e -> 8a24807dde2ec4b5434d8876b84591df
  custom:scripting/monoscript/fileName/UnityEngine_Vector4Wrap.cs: 4736b1d9605ba5be814644e3bcc9e928 -> e876ed87f63c3dc401e686c851325f69
  custom:scripting/monoscript/fileName/XLuaTest_MyStructWrap.cs: 55519c14d8f95433c1b6e262daa1d322 -> bcfe0251bd793e1e64a466467ef9f39d
  custom:scripting/monoscript/fileName/UnityEngine_ObjectWrap.cs: acbfc6ebce3660b3cec600cb246312ee -> d239f04268fb712161f840d533347443
  custom:scripting/precompiled-assembly-types:Assembly-CSharp: c80cbc873a113ccd39c9ed2554ddb117 -> 6d2cbbca728bbcc514a1a97e862a8e21
  custom:scripting/monoscript/fileName/Tutorial_ICalcWrap.cs: 9802804745e09aa6d92fbca1a46de55a -> 03d02c9cf202af74271e6b9339f2aa97
========================================================================
Received Prepare
Caller must complete domain reload
Begin MonoManager ReloadAssembly
- Loaded All Assemblies, in  0.585 seconds
Native extension for WindowsStandalone target not found
Mono: successfully reloaded assembly
- Finished resetting the current domain, in  1.161 seconds
Domain Reload Profiling: 1744ms
	BeginReloadAssembly (186ms)
		ExecutionOrderSort (0ms)
		DisableScriptedObjects (6ms)
		BackupInstance (0ms)
		ReleaseScriptingObjects (0ms)
		CreateAndSetChildDomain (44ms)
	RebuildCommonClasses (35ms)
	RebuildNativeTypeToScriptingClass (12ms)
	initialDomainReloadingComplete (44ms)
	LoadAllAssembliesAndSetupDomain (305ms)
		LoadAssemblies (381ms)
		RebuildTransferFunctionScriptingTraits (0ms)
		AnalyzeDomain (22ms)
			TypeCache.Refresh (12ms)
				TypeCache.ScanAssembly (0ms)
			ScanForSourceGeneratedMonoScriptInfo (0ms)
			ResolveRequiredComponents (7ms)
	FinalizeReload (1162ms)
		ReleaseScriptCaches (0ms)
		RebuildScriptCaches (0ms)
		SetupLoadedEditorAssemblies (506ms)
			LogAssemblyErrors (0ms)
			InitializePlatformSupportModulesInManaged (8ms)
			SetLoadedEditorAssemblies (4ms)
			RefreshPlugins (0ms)
			BeforeProcessingInitializeOnLoad (67ms)
			ProcessInitializeOnLoadAttributes (351ms)
			ProcessInitializeOnLoadMethodAttributes (67ms)
			AfterProcessingInitializeOnLoad (8ms)
			EditorAssembliesLoaded (0ms)
		ExecutionOrderSort2 (0ms)
		AwakeInstancesAfterBackupRestoration (6ms)
Refreshing native plugins compatible for Editor in 6.30 ms, found 4 plugins.
Preloading 0 native plugins for Editor in 0.00 ms.
Unloading 4364 Unused Serialized files (Serialized files now loaded: 0)
Unloading 17 unused Assets / (331.7 KB). Loaded Objects now: 4887.
Memory consumption went from 151.5 MB to 151.1 MB.
Total: 3.114800 ms (FindLiveObjects: 0.371600 ms CreateObjectMapping: 0.363300 ms MarkObjects: 2.281600 ms  DeleteObjects: 0.097500 ms)

Prepare: number of updated asset objects reloaded= 0
AssetImportParameters requested are different than current active one (requested -> active):
  custom:scripting/monoscript/fileName/XLuaTest_InvokeLua_ICalcBridge.cs: 30fde9c3feb0b30e098352b4dfeb9cae -> 39dbaec3aa6ccdef5b8e133e5c8d912d
  custom:scripting/monoscript/fileName/UnityEngine_BehaviourWrap.cs: 50be6300a89da29ca17ad67a2589a5ca -> 07f04650a03b829841e9fab9d7740454
  custom:scripting/monoscript/fileName/UnityEngine_WaitForSecondsWrap.cs: 14ce79597090ca49f32e5242d176e3e0 -> f924ebf1733d94f4d65590a1a94e6531
  custom:scripting/monoscript/fileName/XLuaTest_PeddingWrap.cs: 904ed3ab876976c36018836c17a5f7cd -> 87db0d803af8b6af633a98194cb11698
  custom:container-demuxer-ogg: 62fdf1f143b41e24485cea50d1cbac27 -> 
  custom:scripting/monoscript/fileName/UnityEngine_Vector3Wrap.cs: ce0a23addf1a2b20f8676787382fe6da -> 63f465b9380555daafea25b4176adba5
  custom:scripting/monoscript/fileName/UnityEngine_RayWrap.cs: 1b2ced459e0f7fe10c0b5b9489be6f35 -> 0b84fbe6cabdb1173feb41e835ef3a40
  custom:scripting/monoscript/fileName/WrapPusher.cs: 3b3bd77f226a0f893aad8e7367a0f06b -> a7d84f614ae4cd3b956f9b8556cfd18e
  custom:scripting/monoscript/fileName/Tutorial_DerivedClassWrap.cs: a9f1f1a33e70d4aca6ed43632ef080bc -> 1a8da11bcfc26039296e071510ba3246
  custom:video-decoder-ogg-theora: a1e56fd34408186e4bbccfd4996cb3dc -> 
  custom:scripting/monoscript/fileName/XLuaTest_Foo2ChildWrap.cs: f25917eb49d7296a35740a2c6a4d40ec -> 30fab5c82eb5f5ffb38a0a6d668c1895
  custom:framework-win-MediaFoundation: 216162199b28c13a410421893ffa2e32 -> 
  custom:scripting/monoscript/fileName/UnityEngine_TimeWrap.cs: 582bbe1acbebc99abd038879d2ce291a -> 5e744018ad83dc4e6b5341356b280ff7
  custom:scripting/monoscript/fileName/UnityEngine_AnimationClipWrap.cs: 35e9dbce44e2400ca249a1b04e238032 -> 77a92debc688d37d0c76ed29e7849dc6
  custom:scripting/monoscript/fileName/UnityEngine_MonoBehaviourWrap.cs: ab88a4de07d1ed4d6902d46f78a9c2a5 -> 04d351bf9d6db68acd2847f2651b2d6b
  custom:scripting/monoscript/fileName/UnityEngine_MathfWrap.cs: b8423f29ae782d824fe5861eb133fe99 -> 333033f071a58c53b030860e1dc36f4e
  custom:scripting/monoscript/fileName/XLuaTest_Foo1ChildWrap.cs: 4e50b7c1fc1d91200bd6d308925718b7 -> 1c5e3d8cdf39c119ce22e5be32eae9dd
  custom:scripting/monoscript/fileName/UnityEngine_ResourcesWrap.cs: 7881eec03c10cac6aed4968059672b77 -> 698ab99237a4262ce7f88356cded464a
  custom:CustomObjectIndexerAttribute: 9a22284fe3817be447336de3de66b15e -> 
  custom:scripting/monoscript/fileName/EnumWrap.cs: e1678317fb40b1504377930932a65f00 -> 71aaf938165cbdbb0ac6c90ffee86023
  custom:container-demuxer-webm: 4f35f7cbe854078d1ac9338744f61a02 -> 
  custom:scripting/monoscript/fileName/UnityEngine_ParticleSystemWrap.cs: ea70451eecfa9db0287288ead2570a87 -> eee33c4ac5a2b762ef5a90683fe90f0f
  custom:scripting/monoscript/fileName/XLuaTest_BaseTestWrap.cs: 07e45de8fa2ee7650261714b0c2efcd8 -> 4f21680da7e23ca573808ca54815d505
  custom:scripting/monoscript/fileName/UnityEngine_BoundsWrap.cs: 0ac99f7c45b4a0aef916e0e5b49238c9 -> 3dd26eeb95bac2de8ce2da585d995261
  custom:scripting/monoscript/fileName/PackUnpack.cs: 7bf1a1e4b9a6d19c982a86f574107fe4 -> 273cbe68a303e04c83210a0d1b0dbfc8
  custom:scripting/monoscript/fileName/UnityEngine_KeyframeWrap.cs: 198c4d7f205e316a3726e83558840a1d -> f022c20884bfebd1cdba5d0a32b69287
  custom:scripting/monoscript/fileName/DelegatesGensBridge.cs: 14979ecd91d982a7d4b63ce8b241a2cb -> 9b33d1c344798966a03eb7d32474259e
  custom:container-muxer-webm: aa71ff27fc2769a1b78a27578f13a17b -> 
  custom:video-decoder-webm-vp8: 9c59270c3fd7afecdb556c50c9e8de78 -> 
  custom:scripting/monoscript/fileName/XLuaTest_FooWrap.cs: 94d50054e40ab48511cae7fb0b602c9b -> abbeeb9782209030752aecf7c8307085
  custom:scripting/monoscript/fileName/Tutorial_DerivedClassExtensionsWrap.cs: 8d3a8d18ccf52ef11958b45f9012fc25 -> e71c7199b289862c70f81cc97fad9cd1
  custom:scripting/monoscript/fileName/System_Collections_Generic_List_1_System_Int32_Wrap.cs: 17851e7c00326059ae0787338228160b -> 0d81f6d3ce2afe6f735fa61fb6f44318
  custom:scripting/monoscript/fileName/XLuaGenAutoRegister.cs: d853ef44aabfccb80e0b7c076b61770b -> f7d7a1bdecea0875c31215b468d1ea3c
  custom:SearchIndexIgnoredProperties: e643bd26f0fe6173181afceb89e7c659 -> 
  custom:scripting/monoscript/fileName/UnityEngine_ColorWrap.cs: bd8e985ef59408a673873236ce871e73 -> a2199b901d8d68ac06d36f834d48f0de
  custom:AudioImporter_EditorPlatform: d09bf68614088b80899f8185d706f6e7 -> 
  custom:scripting/monoscript/fileName/Tutorial_BaseClassWrap.cs: 0cb2af1d083b0b2c5e8cb36d24bfb39c -> 82bd31d966804ddf94755f42eec25c75
  custom:scripting/monoscript/fileName/UnityEngine_Ray2DWrap.cs: 0739f12fd5151febac857f4bf1dfbf4b -> 3948513cbdb210ff5fa49a4b2880e106
  custom:scripting/monoscript/fileName/UnityEngine_ComponentWrap.cs: e27295da2190ed2ebf55b5ac632d7f35 -> 3c3e0b9fedb2878f9f3fac771839136b
  custom:scripting/monoscript/fileName/System_ObjectWrap.cs: c4f7132fadbd7f5f459fdffb106ce8ad -> 9fb5e5ed9e38c23dad1e0232edf0373b
  custom:scripting/monoscript/fileName/XLuaTest_Foo1ParentWrap.cs: 4d06c6c313846bbd2659cf013bd8c081 -> bc3faaa30d66f1a9334279476c37b2a8
  custom:scripting/monoscript/fileName/XLuaTest_FooExtensionWrap.cs: 0cf66dd4ab170a1f2008f8b97f4f2106 -> 778d9d5cc8332e1d0739618b88aa2bb9
  custom:scripting/monoscript/fileName/UnityEngine_QuaternionWrap.cs: d7776a0aea79cbcec5ba2c36565a1173 -> 2be38f3d0f8715c9babd38533b7cc2f6
  custom:scripting/monoscript/fileName/UnityEngine_AnimationCurveWrap.cs: f2332648b2113d579022f7ac44ddf1a2 -> a1b4a7dab75f49fff03082ff025e4e5e
  custom:scripting/monoscript/fileName/XLuaTest_IExchangerBridge.cs: dbb2be54f36a2496a4425e7ceb90b9b9 -> a1b04ba231b7210d75c48779fb061387
  custom:scripting/monoscript/fileName/UnityEngine_LightWrap.cs: d3e76313bbab2d6f78618d0a96177993 -> afdccdb78964e15816bd84ff574e1d72
  custom:scripting/monoscript/fileName/System_Collections_IEnumeratorBridge.cs: e58d0dcf0aa39125fd572da9408c5a63 -> a6b8b2b6997973169c6bebc4e00197c3
  custom:video-encoder-webm-vp8: eb34c28f22e8b96e1ab97ce403110664 -> 
  custom:scripting/monoscript/fileName/XLuaTest_Foo2ParentWrap.cs: 3cfc8bf6cad7ab5669e86f82da9efffc -> e55fdaf088679107b1602d0f4f018827
  custom:scripting/monoscript/fileName/Tutorial_CSCallLua_ItfDBridge.cs: d05148e45525d393370f3ca919d4cdc0 -> 4e0a8d0795850c18cf92cbc673dc6199
  custom:scripting/monoscript/fileName/UnityEngine_Vector2Wrap.cs: dfd1be4a9f736e54a226859ba85dbc30 -> d8bd11c5df83747314d76d2e1152a25a
  custom:audio-decoder-ogg-vorbis: bf7c407c2cedff20999df2af8eb42d56 -> 
  custom:scripting/monoscript/fileName/UnityEngine_GameObjectWrap.cs: c4cddad80b77cae4a3f64483d25e1457 -> 499beb086fe32ba82bd6b30d04f108ea
  custom:scripting/monoscript/fileName/XLuaTest_NoGcWrap.cs: 7c2153fc9ca9cd0a3cc8b2d8a5de2fcd -> b8ab725f3034c7583c772afc97e73cfe
  custom:scripting/monoscript/fileName/UnityEngine_DebugWrap.cs: a14c41c7fbd7dec62bec687de4c6fe27 -> 2a23054f13a8c643d838dbc57d787e1a
  custom:scripting/monoscript/fileName/UnityEngine_SkinnedMeshRendererWrap.cs: 9ad169117eb1ff375ebe298216e6901c -> e6c3bb62aa80867a3afe5dcbb6224761
  custom:scripting/monoscript/fileName/UnityEngine_TextAssetWrap.cs: a895654ec821ef871bab45f0bf4ab1bf -> 96eae3d139831963806db363328bfefe
  custom:scripting/monoscript/fileName/UnityEngine_TransformWrap.cs: 1ec7fdf0df78c54383c54d4890267885 -> 50d916bbc9cc3aa204547c1dbcf1b841
  custom:scripting/monoscript/fileName/UnityEngine_RendererWrap.cs: f2bb488dcafa31d4d1829db70de7e3de -> e28d66316639c5d4634a4f4176885c0f
  custom:audio-encoder-webm-vorbis: bf7c407c2cedff20999df2af8eb42d56 -> 
  custom:scripting/monoscript/fileName/XLuaTest_LuaBehaviourWrap.cs: eb21b90bdd58645712610184d1a6b02e -> 8a24807dde2ec4b5434d8876b84591df
  custom:scripting/monoscript/fileName/UnityEngine_Vector4Wrap.cs: 4736b1d9605ba5be814644e3bcc9e928 -> e876ed87f63c3dc401e686c851325f69
  custom:scripting/monoscript/fileName/XLuaTest_MyStructWrap.cs: 55519c14d8f95433c1b6e262daa1d322 -> bcfe0251bd793e1e64a466467ef9f39d
  custom:scripting/monoscript/fileName/UnityEngine_ObjectWrap.cs: acbfc6ebce3660b3cec600cb246312ee -> d239f04268fb712161f840d533347443
  custom:scripting/precompiled-assembly-types:Assembly-CSharp: c80cbc873a113ccd39c9ed2554ddb117 -> 6d2cbbca728bbcc514a1a97e862a8e21
  custom:scripting/monoscript/fileName/Tutorial_ICalcWrap.cs: 9802804745e09aa6d92fbca1a46de55a -> 03d02c9cf202af74271e6b9339f2aa97
========================================================================
Received Prepare
Caller must complete domain reload
Begin MonoManager ReloadAssembly
- Loaded All Assemblies, in  0.680 seconds
Native extension for WindowsStandalone target not found
Mono: successfully reloaded assembly
- Finished resetting the current domain, in  1.279 seconds
Domain Reload Profiling: 1956ms
	BeginReloadAssembly (200ms)
		ExecutionOrderSort (0ms)
		DisableScriptedObjects (5ms)
		BackupInstance (0ms)
		ReleaseScriptingObjects (0ms)
		CreateAndSetChildDomain (48ms)
	RebuildCommonClasses (38ms)
	RebuildNativeTypeToScriptingClass (13ms)
	initialDomainReloadingComplete (42ms)
	LoadAllAssembliesAndSetupDomain (384ms)
		LoadAssemblies (403ms)
		RebuildTransferFunctionScriptingTraits (0ms)
		AnalyzeDomain (90ms)
			TypeCache.Refresh (49ms)
				TypeCache.ScanAssembly (5ms)
			ScanForSourceGeneratedMonoScriptInfo (22ms)
			ResolveRequiredComponents (14ms)
	FinalizeReload (1279ms)
		ReleaseScriptCaches (0ms)
		RebuildScriptCaches (0ms)
		SetupLoadedEditorAssemblies (531ms)
			LogAssemblyErrors (0ms)
			InitializePlatformSupportModulesInManaged (12ms)
			SetLoadedEditorAssemblies (7ms)
			RefreshPlugins (0ms)
			BeforeProcessingInitializeOnLoad (82ms)
			ProcessInitializeOnLoadAttributes (357ms)
			ProcessInitializeOnLoadMethodAttributes (63ms)
			AfterProcessingInitializeOnLoad (10ms)
			EditorAssembliesLoaded (0ms)
		ExecutionOrderSort2 (0ms)
		AwakeInstancesAfterBackupRestoration (7ms)
Refreshing native plugins compatible for Editor in 6.88 ms, found 4 plugins.
Preloading 0 native plugins for Editor in 0.00 ms.
Unloading 4311 Unused Serialized files (Serialized files now loaded: 0)
Unloading 70 unused Assets / (359.7 KB). Loaded Objects now: 4837.
Memory consumption went from 150.6 MB to 150.3 MB.
Total: 3.155800 ms (FindLiveObjects: 0.342100 ms CreateObjectMapping: 0.297800 ms MarkObjects: 2.355900 ms  DeleteObjects: 0.159300 ms)

Prepare: number of updated asset objects reloaded= 0
AssetImportParameters requested are different than current active one (requested -> active):
  custom:scripting/monoscript/fileName/XLuaTest_InvokeLua_ICalcBridge.cs: 30fde9c3feb0b30e098352b4dfeb9cae -> 39dbaec3aa6ccdef5b8e133e5c8d912d
  custom:scripting/monoscript/fileName/UnityEngine_BehaviourWrap.cs: 50be6300a89da29ca17ad67a2589a5ca -> 07f04650a03b829841e9fab9d7740454
  custom:scripting/monoscript/fileName/UnityEngine_WaitForSecondsWrap.cs: 14ce79597090ca49f32e5242d176e3e0 -> f924ebf1733d94f4d65590a1a94e6531
  custom:scripting/monoscript/fileName/XLuaTest_PeddingWrap.cs: 904ed3ab876976c36018836c17a5f7cd -> 87db0d803af8b6af633a98194cb11698
  custom:container-demuxer-ogg: 62fdf1f143b41e24485cea50d1cbac27 -> 
  custom:scripting/monoscript/fileName/UnityEngine_Vector3Wrap.cs: ce0a23addf1a2b20f8676787382fe6da -> 63f465b9380555daafea25b4176adba5
  custom:scripting/monoscript/fileName/UnityEngine_RayWrap.cs: 1b2ced459e0f7fe10c0b5b9489be6f35 -> 0b84fbe6cabdb1173feb41e835ef3a40
  custom:scripting/monoscript/fileName/WrapPusher.cs: 3b3bd77f226a0f893aad8e7367a0f06b -> a7d84f614ae4cd3b956f9b8556cfd18e
  custom:scripting/monoscript/fileName/Tutorial_DerivedClassWrap.cs: a9f1f1a33e70d4aca6ed43632ef080bc -> 1a8da11bcfc26039296e071510ba3246
  custom:video-decoder-ogg-theora: a1e56fd34408186e4bbccfd4996cb3dc -> 
  custom:scripting/monoscript/fileName/XLuaTest_Foo2ChildWrap.cs: f25917eb49d7296a35740a2c6a4d40ec -> 30fab5c82eb5f5ffb38a0a6d668c1895
  custom:framework-win-MediaFoundation: 216162199b28c13a410421893ffa2e32 -> 
  custom:scripting/monoscript/fileName/UnityEngine_TimeWrap.cs: 582bbe1acbebc99abd038879d2ce291a -> 5e744018ad83dc4e6b5341356b280ff7
  custom:scripting/monoscript/fileName/UnityEngine_AnimationClipWrap.cs: 35e9dbce44e2400ca249a1b04e238032 -> 77a92debc688d37d0c76ed29e7849dc6
  custom:scripting/monoscript/fileName/UnityEngine_MonoBehaviourWrap.cs: ab88a4de07d1ed4d6902d46f78a9c2a5 -> 04d351bf9d6db68acd2847f2651b2d6b
  custom:scripting/monoscript/fileName/UnityEngine_MathfWrap.cs: b8423f29ae782d824fe5861eb133fe99 -> 333033f071a58c53b030860e1dc36f4e
  custom:scripting/monoscript/fileName/XLuaTest_Foo1ChildWrap.cs: 4e50b7c1fc1d91200bd6d308925718b7 -> 1c5e3d8cdf39c119ce22e5be32eae9dd
  custom:scripting/monoscript/fileName/UnityEngine_ResourcesWrap.cs: 7881eec03c10cac6aed4968059672b77 -> 698ab99237a4262ce7f88356cded464a
  custom:CustomObjectIndexerAttribute: 9a22284fe3817be447336de3de66b15e -> 
  custom:scripting/monoscript/fileName/EnumWrap.cs: e1678317fb40b1504377930932a65f00 -> 71aaf938165cbdbb0ac6c90ffee86023
  custom:container-demuxer-webm: 4f35f7cbe854078d1ac9338744f61a02 -> 
  custom:scripting/monoscript/fileName/UnityEngine_ParticleSystemWrap.cs: ea70451eecfa9db0287288ead2570a87 -> eee33c4ac5a2b762ef5a90683fe90f0f
  custom:scripting/monoscript/fileName/XLuaTest_BaseTestWrap.cs: 07e45de8fa2ee7650261714b0c2efcd8 -> 4f21680da7e23ca573808ca54815d505
  custom:scripting/monoscript/fileName/UnityEngine_BoundsWrap.cs: 0ac99f7c45b4a0aef916e0e5b49238c9 -> 3dd26eeb95bac2de8ce2da585d995261
  custom:scripting/monoscript/fileName/PackUnpack.cs: 7bf1a1e4b9a6d19c982a86f574107fe4 -> 273cbe68a303e04c83210a0d1b0dbfc8
  custom:scripting/monoscript/fileName/UnityEngine_KeyframeWrap.cs: 198c4d7f205e316a3726e83558840a1d -> f022c20884bfebd1cdba5d0a32b69287
  custom:scripting/monoscript/fileName/DelegatesGensBridge.cs: 14979ecd91d982a7d4b63ce8b241a2cb -> 9b33d1c344798966a03eb7d32474259e
  custom:container-muxer-webm: aa71ff27fc2769a1b78a27578f13a17b -> 
  custom:video-decoder-webm-vp8: 9c59270c3fd7afecdb556c50c9e8de78 -> 
  custom:scripting/monoscript/fileName/XLuaTest_FooWrap.cs: 94d50054e40ab48511cae7fb0b602c9b -> abbeeb9782209030752aecf7c8307085
  custom:scripting/monoscript/fileName/Tutorial_DerivedClassExtensionsWrap.cs: 8d3a8d18ccf52ef11958b45f9012fc25 -> e71c7199b289862c70f81cc97fad9cd1
  custom:scripting/monoscript/fileName/System_Collections_Generic_List_1_System_Int32_Wrap.cs: 17851e7c00326059ae0787338228160b -> 0d81f6d3ce2afe6f735fa61fb6f44318
  custom:scripting/monoscript/fileName/XLuaGenAutoRegister.cs: d853ef44aabfccb80e0b7c076b61770b -> f7d7a1bdecea0875c31215b468d1ea3c
  custom:SearchIndexIgnoredProperties: e643bd26f0fe6173181afceb89e7c659 -> 
  custom:scripting/monoscript/fileName/UnityEngine_ColorWrap.cs: bd8e985ef59408a673873236ce871e73 -> a2199b901d8d68ac06d36f834d48f0de
  custom:AudioImporter_EditorPlatform: d09bf68614088b80899f8185d706f6e7 -> 
  custom:scripting/monoscript/fileName/Tutorial_BaseClassWrap.cs: 0cb2af1d083b0b2c5e8cb36d24bfb39c -> 82bd31d966804ddf94755f42eec25c75
  custom:scripting/monoscript/fileName/UnityEngine_Ray2DWrap.cs: 0739f12fd5151febac857f4bf1dfbf4b -> 3948513cbdb210ff5fa49a4b2880e106
  custom:scripting/monoscript/fileName/UnityEngine_ComponentWrap.cs: e27295da2190ed2ebf55b5ac632d7f35 -> 3c3e0b9fedb2878f9f3fac771839136b
  custom:scripting/monoscript/fileName/System_ObjectWrap.cs: c4f7132fadbd7f5f459fdffb106ce8ad -> 9fb5e5ed9e38c23dad1e0232edf0373b
  custom:scripting/monoscript/fileName/XLuaTest_Foo1ParentWrap.cs: 4d06c6c313846bbd2659cf013bd8c081 -> bc3faaa30d66f1a9334279476c37b2a8
  custom:scripting/monoscript/fileName/XLuaTest_FooExtensionWrap.cs: 0cf66dd4ab170a1f2008f8b97f4f2106 -> 778d9d5cc8332e1d0739618b88aa2bb9
  custom:scripting/monoscript/fileName/UnityEngine_QuaternionWrap.cs: d7776a0aea79cbcec5ba2c36565a1173 -> 2be38f3d0f8715c9babd38533b7cc2f6
  custom:scripting/monoscript/fileName/UnityEngine_AnimationCurveWrap.cs: f2332648b2113d579022f7ac44ddf1a2 -> a1b4a7dab75f49fff03082ff025e4e5e
  custom:scripting/monoscript/fileName/XLuaTest_IExchangerBridge.cs: dbb2be54f36a2496a4425e7ceb90b9b9 -> a1b04ba231b7210d75c48779fb061387
  custom:scripting/monoscript/fileName/UnityEngine_LightWrap.cs: d3e76313bbab2d6f78618d0a96177993 -> afdccdb78964e15816bd84ff574e1d72
  custom:scripting/monoscript/fileName/System_Collections_IEnumeratorBridge.cs: e58d0dcf0aa39125fd572da9408c5a63 -> a6b8b2b6997973169c6bebc4e00197c3
  custom:video-encoder-webm-vp8: eb34c28f22e8b96e1ab97ce403110664 -> 
  custom:scripting/monoscript/fileName/XLuaTest_Foo2ParentWrap.cs: 3cfc8bf6cad7ab5669e86f82da9efffc -> e55fdaf088679107b1602d0f4f018827
  custom:scripting/monoscript/fileName/Tutorial_CSCallLua_ItfDBridge.cs: d05148e45525d393370f3ca919d4cdc0 -> 4e0a8d0795850c18cf92cbc673dc6199
  custom:scripting/monoscript/fileName/UnityEngine_Vector2Wrap.cs: dfd1be4a9f736e54a226859ba85dbc30 -> d8bd11c5df83747314d76d2e1152a25a
  custom:audio-decoder-ogg-vorbis: bf7c407c2cedff20999df2af8eb42d56 -> 
  custom:scripting/monoscript/fileName/UnityEngine_GameObjectWrap.cs: c4cddad80b77cae4a3f64483d25e1457 -> 499beb086fe32ba82bd6b30d04f108ea
  custom:scripting/monoscript/fileName/XLuaTest_NoGcWrap.cs: 7c2153fc9ca9cd0a3cc8b2d8a5de2fcd -> b8ab725f3034c7583c772afc97e73cfe
  custom:scripting/monoscript/fileName/UnityEngine_DebugWrap.cs: a14c41c7fbd7dec62bec687de4c6fe27 -> 2a23054f13a8c643d838dbc57d787e1a
  custom:scripting/monoscript/fileName/UnityEngine_SkinnedMeshRendererWrap.cs: 9ad169117eb1ff375ebe298216e6901c -> e6c3bb62aa80867a3afe5dcbb6224761
  custom:scripting/monoscript/fileName/UnityEngine_TextAssetWrap.cs: a895654ec821ef871bab45f0bf4ab1bf -> 96eae3d139831963806db363328bfefe
  custom:scripting/monoscript/fileName/UnityEngine_TransformWrap.cs: 1ec7fdf0df78c54383c54d4890267885 -> 50d916bbc9cc3aa204547c1dbcf1b841
  custom:scripting/monoscript/fileName/UnityEngine_RendererWrap.cs: f2bb488dcafa31d4d1829db70de7e3de -> e28d66316639c5d4634a4f4176885c0f
  custom:audio-encoder-webm-vorbis: bf7c407c2cedff20999df2af8eb42d56 -> 
  custom:scripting/monoscript/fileName/XLuaTest_LuaBehaviourWrap.cs: eb21b90bdd58645712610184d1a6b02e -> 8a24807dde2ec4b5434d8876b84591df
  custom:scripting/monoscript/fileName/UnityEngine_Vector4Wrap.cs: 4736b1d9605ba5be814644e3bcc9e928 -> e876ed87f63c3dc401e686c851325f69
  custom:scripting/monoscript/fileName/XLuaTest_MyStructWrap.cs: 55519c14d8f95433c1b6e262daa1d322 -> bcfe0251bd793e1e64a466467ef9f39d
  custom:scripting/monoscript/fileName/UnityEngine_ObjectWrap.cs: acbfc6ebce3660b3cec600cb246312ee -> d239f04268fb712161f840d533347443
  custom:scripting/precompiled-assembly-types:Assembly-CSharp: 7f215f4b51c6a6c7c1fbe1effeda673d -> 6d2cbbca728bbcc514a1a97e862a8e21
  custom:scripting/monoscript/fileName/Tutorial_ICalcWrap.cs: 9802804745e09aa6d92fbca1a46de55a -> 03d02c9cf202af74271e6b9339f2aa97
========================================================================
Received Prepare
Refreshing native plugins compatible for Editor in 5.77 ms, found 4 plugins.
Preloading 0 native plugins for Editor in 0.00 ms.
Unloading 4 Unused Serialized files (Serialized files now loaded: 0)
Unloading 4 unused Assets / (312.9 KB). Loaded Objects now: 4837.
Memory consumption went from 83.9 MB to 83.6 MB.
Total: 6.496300 ms (FindLiveObjects: 0.341100 ms CreateObjectMapping: 0.349800 ms MarkObjects: 5.451300 ms  DeleteObjects: 0.352200 ms)

Prepare: number of updated asset objects reloaded= 0
AssetImportParameters requested are different than current active one (requested -> active):
  custom:scripting/monoscript/fileName/XLuaTest_InvokeLua_ICalcBridge.cs: 30fde9c3feb0b30e098352b4dfeb9cae -> 39dbaec3aa6ccdef5b8e133e5c8d912d
  custom:scripting/monoscript/fileName/UnityEngine_BehaviourWrap.cs: 50be6300a89da29ca17ad67a2589a5ca -> 07f04650a03b829841e9fab9d7740454
  custom:scripting/monoscript/fileName/UnityEngine_WaitForSecondsWrap.cs: 14ce79597090ca49f32e5242d176e3e0 -> f924ebf1733d94f4d65590a1a94e6531
  custom:scripting/monoscript/fileName/XLuaTest_PeddingWrap.cs: 904ed3ab876976c36018836c17a5f7cd -> 87db0d803af8b6af633a98194cb11698
  custom:container-demuxer-ogg: 62fdf1f143b41e24485cea50d1cbac27 -> 
  custom:scripting/monoscript/fileName/UnityEngine_Vector3Wrap.cs: ce0a23addf1a2b20f8676787382fe6da -> 63f465b9380555daafea25b4176adba5
  custom:scripting/monoscript/fileName/UnityEngine_RayWrap.cs: 1b2ced459e0f7fe10c0b5b9489be6f35 -> 0b84fbe6cabdb1173feb41e835ef3a40
  custom:scripting/monoscript/fileName/WrapPusher.cs: 3b3bd77f226a0f893aad8e7367a0f06b -> a7d84f614ae4cd3b956f9b8556cfd18e
  custom:scripting/monoscript/fileName/Tutorial_DerivedClassWrap.cs: a9f1f1a33e70d4aca6ed43632ef080bc -> 1a8da11bcfc26039296e071510ba3246
  custom:video-decoder-ogg-theora: a1e56fd34408186e4bbccfd4996cb3dc -> 
  custom:scripting/monoscript/fileName/XLuaTest_Foo2ChildWrap.cs: f25917eb49d7296a35740a2c6a4d40ec -> 30fab5c82eb5f5ffb38a0a6d668c1895
  custom:framework-win-MediaFoundation: 216162199b28c13a410421893ffa2e32 -> 
  custom:scripting/monoscript/fileName/UnityEngine_TimeWrap.cs: 582bbe1acbebc99abd038879d2ce291a -> 5e744018ad83dc4e6b5341356b280ff7
  custom:scripting/monoscript/fileName/UnityEngine_AnimationClipWrap.cs: 35e9dbce44e2400ca249a1b04e238032 -> 77a92debc688d37d0c76ed29e7849dc6
  custom:scripting/monoscript/fileName/UnityEngine_MonoBehaviourWrap.cs: ab88a4de07d1ed4d6902d46f78a9c2a5 -> 04d351bf9d6db68acd2847f2651b2d6b
  custom:scripting/monoscript/fileName/UnityEngine_MathfWrap.cs: b8423f29ae782d824fe5861eb133fe99 -> 333033f071a58c53b030860e1dc36f4e
  custom:scripting/monoscript/fileName/XLuaTest_Foo1ChildWrap.cs: 4e50b7c1fc1d91200bd6d308925718b7 -> 1c5e3d8cdf39c119ce22e5be32eae9dd
  custom:scripting/monoscript/fileName/UnityEngine_ResourcesWrap.cs: 7881eec03c10cac6aed4968059672b77 -> 698ab99237a4262ce7f88356cded464a
  custom:CustomObjectIndexerAttribute: 9a22284fe3817be447336de3de66b15e -> 
  custom:scripting/monoscript/fileName/EnumWrap.cs: e1678317fb40b1504377930932a65f00 -> 71aaf938165cbdbb0ac6c90ffee86023
  custom:container-demuxer-webm: 4f35f7cbe854078d1ac9338744f61a02 -> 
  custom:scripting/monoscript/fileName/UnityEngine_ParticleSystemWrap.cs: ea70451eecfa9db0287288ead2570a87 -> eee33c4ac5a2b762ef5a90683fe90f0f
  custom:scripting/monoscript/fileName/XLuaTest_BaseTestWrap.cs: 07e45de8fa2ee7650261714b0c2efcd8 -> 4f21680da7e23ca573808ca54815d505
  custom:scripting/monoscript/fileName/UnityEngine_BoundsWrap.cs: 0ac99f7c45b4a0aef916e0e5b49238c9 -> 3dd26eeb95bac2de8ce2da585d995261
  custom:scripting/monoscript/fileName/PackUnpack.cs: 7bf1a1e4b9a6d19c982a86f574107fe4 -> 273cbe68a303e04c83210a0d1b0dbfc8
  custom:scripting/monoscript/fileName/UnityEngine_KeyframeWrap.cs: 198c4d7f205e316a3726e83558840a1d -> f022c20884bfebd1cdba5d0a32b69287
  custom:scripting/monoscript/fileName/DelegatesGensBridge.cs: 14979ecd91d982a7d4b63ce8b241a2cb -> 9b33d1c344798966a03eb7d32474259e
  custom:container-muxer-webm: aa71ff27fc2769a1b78a27578f13a17b -> 
  custom:video-decoder-webm-vp8: 9c59270c3fd7afecdb556c50c9e8de78 -> 
  custom:scripting/monoscript/fileName/XLuaTest_FooWrap.cs: 94d50054e40ab48511cae7fb0b602c9b -> abbeeb9782209030752aecf7c8307085
  custom:scripting/monoscript/fileName/Tutorial_DerivedClassExtensionsWrap.cs: 8d3a8d18ccf52ef11958b45f9012fc25 -> e71c7199b289862c70f81cc97fad9cd1
  custom:scripting/monoscript/fileName/System_Collections_Generic_List_1_System_Int32_Wrap.cs: 17851e7c00326059ae0787338228160b -> 0d81f6d3ce2afe6f735fa61fb6f44318
  custom:scripting/monoscript/fileName/XLuaGenAutoRegister.cs: d853ef44aabfccb80e0b7c076b61770b -> f7d7a1bdecea0875c31215b468d1ea3c
  custom:SearchIndexIgnoredProperties: e643bd26f0fe6173181afceb89e7c659 -> 
  custom:scripting/monoscript/fileName/UnityEngine_ColorWrap.cs: bd8e985ef59408a673873236ce871e73 -> a2199b901d8d68ac06d36f834d48f0de
  custom:AudioImporter_EditorPlatform: d09bf68614088b80899f8185d706f6e7 -> 
  custom:scripting/monoscript/fileName/Tutorial_BaseClassWrap.cs: 0cb2af1d083b0b2c5e8cb36d24bfb39c -> 82bd31d966804ddf94755f42eec25c75
  custom:scripting/monoscript/fileName/UnityEngine_Ray2DWrap.cs: 0739f12fd5151febac857f4bf1dfbf4b -> 3948513cbdb210ff5fa49a4b2880e106
  custom:scripting/monoscript/fileName/UnityEngine_ComponentWrap.cs: e27295da2190ed2ebf55b5ac632d7f35 -> 3c3e0b9fedb2878f9f3fac771839136b
  custom:scripting/monoscript/fileName/System_ObjectWrap.cs: c4f7132fadbd7f5f459fdffb106ce8ad -> 9fb5e5ed9e38c23dad1e0232edf0373b
  custom:scripting/monoscript/fileName/XLuaTest_Foo1ParentWrap.cs: 4d06c6c313846bbd2659cf013bd8c081 -> bc3faaa30d66f1a9334279476c37b2a8
  custom:scripting/monoscript/fileName/XLuaTest_FooExtensionWrap.cs: 0cf66dd4ab170a1f2008f8b97f4f2106 -> 778d9d5cc8332e1d0739618b88aa2bb9
  custom:scripting/monoscript/fileName/UnityEngine_QuaternionWrap.cs: d7776a0aea79cbcec5ba2c36565a1173 -> 2be38f3d0f8715c9babd38533b7cc2f6
  custom:scripting/monoscript/fileName/UnityEngine_AnimationCurveWrap.cs: f2332648b2113d579022f7ac44ddf1a2 -> a1b4a7dab75f49fff03082ff025e4e5e
  custom:scripting/monoscript/fileName/XLuaTest_IExchangerBridge.cs: dbb2be54f36a2496a4425e7ceb90b9b9 -> a1b04ba231b7210d75c48779fb061387
  custom:scripting/monoscript/fileName/UnityEngine_LightWrap.cs: d3e76313bbab2d6f78618d0a96177993 -> afdccdb78964e15816bd84ff574e1d72
  custom:scripting/monoscript/fileName/System_Collections_IEnumeratorBridge.cs: e58d0dcf0aa39125fd572da9408c5a63 -> a6b8b2b6997973169c6bebc4e00197c3
  custom:video-encoder-webm-vp8: eb34c28f22e8b96e1ab97ce403110664 -> 
  custom:scripting/monoscript/fileName/XLuaTest_Foo2ParentWrap.cs: 3cfc8bf6cad7ab5669e86f82da9efffc -> e55fdaf088679107b1602d0f4f018827
  custom:scripting/monoscript/fileName/Tutorial_CSCallLua_ItfDBridge.cs: d05148e45525d393370f3ca919d4cdc0 -> 4e0a8d0795850c18cf92cbc673dc6199
  custom:scripting/monoscript/fileName/UnityEngine_Vector2Wrap.cs: dfd1be4a9f736e54a226859ba85dbc30 -> d8bd11c5df83747314d76d2e1152a25a
  custom:audio-decoder-ogg-vorbis: bf7c407c2cedff20999df2af8eb42d56 -> 
  custom:scripting/monoscript/fileName/UnityEngine_GameObjectWrap.cs: c4cddad80b77cae4a3f64483d25e1457 -> 499beb086fe32ba82bd6b30d04f108ea
  custom:scripting/monoscript/fileName/XLuaTest_NoGcWrap.cs: 7c2153fc9ca9cd0a3cc8b2d8a5de2fcd -> b8ab725f3034c7583c772afc97e73cfe
  custom:scripting/monoscript/fileName/UnityEngine_DebugWrap.cs: a14c41c7fbd7dec62bec687de4c6fe27 -> 2a23054f13a8c643d838dbc57d787e1a
  custom:scripting/monoscript/fileName/UnityEngine_SkinnedMeshRendererWrap.cs: 9ad169117eb1ff375ebe298216e6901c -> e6c3bb62aa80867a3afe5dcbb6224761
  custom:scripting/monoscript/fileName/UnityEngine_TextAssetWrap.cs: a895654ec821ef871bab45f0bf4ab1bf -> 96eae3d139831963806db363328bfefe
  custom:scripting/monoscript/fileName/UnityEngine_TransformWrap.cs: 1ec7fdf0df78c54383c54d4890267885 -> 50d916bbc9cc3aa204547c1dbcf1b841
  custom:scripting/monoscript/fileName/UnityEngine_RendererWrap.cs: f2bb488dcafa31d4d1829db70de7e3de -> e28d66316639c5d4634a4f4176885c0f
  custom:audio-encoder-webm-vorbis: bf7c407c2cedff20999df2af8eb42d56 -> 
  custom:scripting/monoscript/fileName/XLuaTest_LuaBehaviourWrap.cs: eb21b90bdd58645712610184d1a6b02e -> 8a24807dde2ec4b5434d8876b84591df
  custom:scripting/monoscript/fileName/UnityEngine_Vector4Wrap.cs: 4736b1d9605ba5be814644e3bcc9e928 -> e876ed87f63c3dc401e686c851325f69
  custom:scripting/monoscript/fileName/XLuaTest_MyStructWrap.cs: 55519c14d8f95433c1b6e262daa1d322 -> bcfe0251bd793e1e64a466467ef9f39d
  custom:scripting/monoscript/fileName/UnityEngine_ObjectWrap.cs: acbfc6ebce3660b3cec600cb246312ee -> d239f04268fb712161f840d533347443
  custom:scripting/precompiled-assembly-types:Assembly-CSharp: 7f215f4b51c6a6c7c1fbe1effeda673d -> 6d2cbbca728bbcc514a1a97e862a8e21
  custom:scripting/monoscript/fileName/Tutorial_ICalcWrap.cs: 9802804745e09aa6d92fbca1a46de55a -> 03d02c9cf202af74271e6b9339f2aa97
========================================================================
Received Prepare
Refreshing native plugins compatible for Editor in 11.39 ms, found 4 plugins.
Preloading 0 native plugins for Editor in 0.00 ms.
Unloading 4 Unused Serialized files (Serialized files now loaded: 0)
Unloading 4 unused Assets / (312.4 KB). Loaded Objects now: 4837.
Memory consumption went from 83.5 MB to 83.2 MB.
Total: 4.081900 ms (FindLiveObjects: 0.483000 ms CreateObjectMapping: 0.626500 ms MarkObjects: 2.830800 ms  DeleteObjects: 0.140300 ms)

Prepare: number of updated asset objects reloaded= 0
AssetImportParameters requested are different than current active one (requested -> active):
  custom:scripting/monoscript/fileName/XLuaTest_InvokeLua_ICalcBridge.cs: 30fde9c3feb0b30e098352b4dfeb9cae -> 39dbaec3aa6ccdef5b8e133e5c8d912d
  custom:scripting/monoscript/fileName/UnityEngine_BehaviourWrap.cs: 50be6300a89da29ca17ad67a2589a5ca -> 07f04650a03b829841e9fab9d7740454
  custom:scripting/monoscript/fileName/UnityEngine_WaitForSecondsWrap.cs: 14ce79597090ca49f32e5242d176e3e0 -> f924ebf1733d94f4d65590a1a94e6531
  custom:scripting/monoscript/fileName/XLuaTest_PeddingWrap.cs: 904ed3ab876976c36018836c17a5f7cd -> 87db0d803af8b6af633a98194cb11698
  custom:container-demuxer-ogg: 62fdf1f143b41e24485cea50d1cbac27 -> 
  custom:scripting/monoscript/fileName/UnityEngine_Vector3Wrap.cs: ce0a23addf1a2b20f8676787382fe6da -> 63f465b9380555daafea25b4176adba5
  custom:scripting/monoscript/fileName/UnityEngine_RayWrap.cs: 1b2ced459e0f7fe10c0b5b9489be6f35 -> 0b84fbe6cabdb1173feb41e835ef3a40
  custom:scripting/monoscript/fileName/WrapPusher.cs: 3b3bd77f226a0f893aad8e7367a0f06b -> a7d84f614ae4cd3b956f9b8556cfd18e
  custom:scripting/monoscript/fileName/Tutorial_DerivedClassWrap.cs: a9f1f1a33e70d4aca6ed43632ef080bc -> 1a8da11bcfc26039296e071510ba3246
  custom:video-decoder-ogg-theora: a1e56fd34408186e4bbccfd4996cb3dc -> 
  custom:scripting/monoscript/fileName/XLuaTest_Foo2ChildWrap.cs: f25917eb49d7296a35740a2c6a4d40ec -> 30fab5c82eb5f5ffb38a0a6d668c1895
  custom:framework-win-MediaFoundation: 216162199b28c13a410421893ffa2e32 -> 
  custom:scripting/monoscript/fileName/UnityEngine_TimeWrap.cs: 582bbe1acbebc99abd038879d2ce291a -> 5e744018ad83dc4e6b5341356b280ff7
  custom:scripting/monoscript/fileName/UnityEngine_AnimationClipWrap.cs: 35e9dbce44e2400ca249a1b04e238032 -> 77a92debc688d37d0c76ed29e7849dc6
  custom:scripting/monoscript/fileName/UnityEngine_MonoBehaviourWrap.cs: ab88a4de07d1ed4d6902d46f78a9c2a5 -> 04d351bf9d6db68acd2847f2651b2d6b
  custom:scripting/monoscript/fileName/UnityEngine_MathfWrap.cs: b8423f29ae782d824fe5861eb133fe99 -> 333033f071a58c53b030860e1dc36f4e
  custom:scripting/monoscript/fileName/XLuaTest_Foo1ChildWrap.cs: 4e50b7c1fc1d91200bd6d308925718b7 -> 1c5e3d8cdf39c119ce22e5be32eae9dd
  custom:scripting/monoscript/fileName/UnityEngine_ResourcesWrap.cs: 7881eec03c10cac6aed4968059672b77 -> 698ab99237a4262ce7f88356cded464a
  custom:CustomObjectIndexerAttribute: 9a22284fe3817be447336de3de66b15e -> 
  custom:scripting/monoscript/fileName/EnumWrap.cs: e1678317fb40b1504377930932a65f00 -> 71aaf938165cbdbb0ac6c90ffee86023
  custom:container-demuxer-webm: 4f35f7cbe854078d1ac9338744f61a02 -> 
  custom:scripting/monoscript/fileName/UnityEngine_ParticleSystemWrap.cs: ea70451eecfa9db0287288ead2570a87 -> eee33c4ac5a2b762ef5a90683fe90f0f
  custom:scripting/monoscript/fileName/XLuaTest_BaseTestWrap.cs: 07e45de8fa2ee7650261714b0c2efcd8 -> 4f21680da7e23ca573808ca54815d505
  custom:scripting/monoscript/fileName/UnityEngine_BoundsWrap.cs: 0ac99f7c45b4a0aef916e0e5b49238c9 -> 3dd26eeb95bac2de8ce2da585d995261
  custom:scripting/monoscript/fileName/PackUnpack.cs: 7bf1a1e4b9a6d19c982a86f574107fe4 -> 273cbe68a303e04c83210a0d1b0dbfc8
  custom:scripting/monoscript/fileName/UnityEngine_KeyframeWrap.cs: 198c4d7f205e316a3726e83558840a1d -> f022c20884bfebd1cdba5d0a32b69287
  custom:scripting/monoscript/fileName/DelegatesGensBridge.cs: 14979ecd91d982a7d4b63ce8b241a2cb -> 9b33d1c344798966a03eb7d32474259e
  custom:container-muxer-webm: aa71ff27fc2769a1b78a27578f13a17b -> 
  custom:video-decoder-webm-vp8: 9c59270c3fd7afecdb556c50c9e8de78 -> 
  custom:scripting/monoscript/fileName/XLuaTest_FooWrap.cs: 94d50054e40ab48511cae7fb0b602c9b -> abbeeb9782209030752aecf7c8307085
  custom:scripting/monoscript/fileName/Tutorial_DerivedClassExtensionsWrap.cs: 8d3a8d18ccf52ef11958b45f9012fc25 -> e71c7199b289862c70f81cc97fad9cd1
  custom:scripting/monoscript/fileName/System_Collections_Generic_List_1_System_Int32_Wrap.cs: 17851e7c00326059ae0787338228160b -> 0d81f6d3ce2afe6f735fa61fb6f44318
  custom:scripting/monoscript/fileName/XLuaGenAutoRegister.cs: d853ef44aabfccb80e0b7c076b61770b -> f7d7a1bdecea0875c31215b468d1ea3c
  custom:SearchIndexIgnoredProperties: e643bd26f0fe6173181afceb89e7c659 -> 
  custom:scripting/monoscript/fileName/UnityEngine_ColorWrap.cs: bd8e985ef59408a673873236ce871e73 -> a2199b901d8d68ac06d36f834d48f0de
  custom:AudioImporter_EditorPlatform: d09bf68614088b80899f8185d706f6e7 -> 
  custom:scripting/monoscript/fileName/Tutorial_BaseClassWrap.cs: 0cb2af1d083b0b2c5e8cb36d24bfb39c -> 82bd31d966804ddf94755f42eec25c75
  custom:scripting/monoscript/fileName/UnityEngine_Ray2DWrap.cs: 0739f12fd5151febac857f4bf1dfbf4b -> 3948513cbdb210ff5fa49a4b2880e106
  custom:scripting/monoscript/fileName/UnityEngine_ComponentWrap.cs: e27295da2190ed2ebf55b5ac632d7f35 -> 3c3e0b9fedb2878f9f3fac771839136b
  custom:scripting/monoscript/fileName/System_ObjectWrap.cs: c4f7132fadbd7f5f459fdffb106ce8ad -> 9fb5e5ed9e38c23dad1e0232edf0373b
  custom:scripting/monoscript/fileName/XLuaTest_Foo1ParentWrap.cs: 4d06c6c313846bbd2659cf013bd8c081 -> bc3faaa30d66f1a9334279476c37b2a8
  custom:scripting/monoscript/fileName/XLuaTest_FooExtensionWrap.cs: 0cf66dd4ab170a1f2008f8b97f4f2106 -> 778d9d5cc8332e1d0739618b88aa2bb9
  custom:scripting/monoscript/fileName/UnityEngine_QuaternionWrap.cs: d7776a0aea79cbcec5ba2c36565a1173 -> 2be38f3d0f8715c9babd38533b7cc2f6
  custom:scripting/monoscript/fileName/UnityEngine_AnimationCurveWrap.cs: f2332648b2113d579022f7ac44ddf1a2 -> a1b4a7dab75f49fff03082ff025e4e5e
  custom:scripting/monoscript/fileName/XLuaTest_IExchangerBridge.cs: dbb2be54f36a2496a4425e7ceb90b9b9 -> a1b04ba231b7210d75c48779fb061387
  custom:scripting/monoscript/fileName/UnityEngine_LightWrap.cs: d3e76313bbab2d6f78618d0a96177993 -> afdccdb78964e15816bd84ff574e1d72
  custom:scripting/monoscript/fileName/System_Collections_IEnumeratorBridge.cs: e58d0dcf0aa39125fd572da9408c5a63 -> a6b8b2b6997973169c6bebc4e00197c3
  custom:video-encoder-webm-vp8: eb34c28f22e8b96e1ab97ce403110664 -> 
  custom:scripting/monoscript/fileName/XLuaTest_Foo2ParentWrap.cs: 3cfc8bf6cad7ab5669e86f82da9efffc -> e55fdaf088679107b1602d0f4f018827
  custom:scripting/monoscript/fileName/Tutorial_CSCallLua_ItfDBridge.cs: d05148e45525d393370f3ca919d4cdc0 -> 4e0a8d0795850c18cf92cbc673dc6199
  custom:scripting/monoscript/fileName/UnityEngine_Vector2Wrap.cs: dfd1be4a9f736e54a226859ba85dbc30 -> d8bd11c5df83747314d76d2e1152a25a
  custom:audio-decoder-ogg-vorbis: bf7c407c2cedff20999df2af8eb42d56 -> 
  custom:scripting/monoscript/fileName/UnityEngine_GameObjectWrap.cs: c4cddad80b77cae4a3f64483d25e1457 -> 499beb086fe32ba82bd6b30d04f108ea
  custom:scripting/monoscript/fileName/XLuaTest_NoGcWrap.cs: 7c2153fc9ca9cd0a3cc8b2d8a5de2fcd -> b8ab725f3034c7583c772afc97e73cfe
  custom:scripting/monoscript/fileName/UnityEngine_DebugWrap.cs: a14c41c7fbd7dec62bec687de4c6fe27 -> 2a23054f13a8c643d838dbc57d787e1a
  custom:scripting/monoscript/fileName/UnityEngine_SkinnedMeshRendererWrap.cs: 9ad169117eb1ff375ebe298216e6901c -> e6c3bb62aa80867a3afe5dcbb6224761
  custom:scripting/monoscript/fileName/UnityEngine_TextAssetWrap.cs: a895654ec821ef871bab45f0bf4ab1bf -> 96eae3d139831963806db363328bfefe
  custom:scripting/monoscript/fileName/UnityEngine_TransformWrap.cs: 1ec7fdf0df78c54383c54d4890267885 -> 50d916bbc9cc3aa204547c1dbcf1b841
  custom:scripting/monoscript/fileName/UnityEngine_RendererWrap.cs: f2bb488dcafa31d4d1829db70de7e3de -> e28d66316639c5d4634a4f4176885c0f
  custom:audio-encoder-webm-vorbis: bf7c407c2cedff20999df2af8eb42d56 -> 
  custom:scripting/monoscript/fileName/XLuaTest_LuaBehaviourWrap.cs: eb21b90bdd58645712610184d1a6b02e -> 8a24807dde2ec4b5434d8876b84591df
  custom:scripting/monoscript/fileName/UnityEngine_Vector4Wrap.cs: 4736b1d9605ba5be814644e3bcc9e928 -> e876ed87f63c3dc401e686c851325f69
  custom:scripting/monoscript/fileName/XLuaTest_MyStructWrap.cs: 55519c14d8f95433c1b6e262daa1d322 -> bcfe0251bd793e1e64a466467ef9f39d
  custom:scripting/monoscript/fileName/UnityEngine_ObjectWrap.cs: acbfc6ebce3660b3cec600cb246312ee -> d239f04268fb712161f840d533347443
  custom:scripting/precompiled-assembly-types:Assembly-CSharp: 7f215f4b51c6a6c7c1fbe1effeda673d -> 6d2cbbca728bbcc514a1a97e862a8e21
  custom:scripting/monoscript/fileName/Tutorial_ICalcWrap.cs: 9802804745e09aa6d92fbca1a46de55a -> 03d02c9cf202af74271e6b9339f2aa97
========================================================================
Received Prepare
Caller must complete domain reload
Begin MonoManager ReloadAssembly
- Loaded All Assemblies, in  0.609 seconds
Native extension for WindowsStandalone target not found
Mono: successfully reloaded assembly
- Finished resetting the current domain, in  1.338 seconds
Domain Reload Profiling: 1942ms
	BeginReloadAssembly (180ms)
		ExecutionOrderSort (0ms)
		DisableScriptedObjects (4ms)
		BackupInstance (0ms)
		ReleaseScriptingObjects (0ms)
		CreateAndSetChildDomain (35ms)
	RebuildCommonClasses (37ms)
	RebuildNativeTypeToScriptingClass (12ms)
	initialDomainReloadingComplete (33ms)
	LoadAllAssembliesAndSetupDomain (343ms)
		LoadAssemblies (393ms)
		RebuildTransferFunctionScriptingTraits (0ms)
		AnalyzeDomain (54ms)
			TypeCache.Refresh (28ms)
				TypeCache.ScanAssembly (2ms)
			ScanForSourceGeneratedMonoScriptInfo (18ms)
			ResolveRequiredComponents (6ms)
	FinalizeReload (1339ms)
		ReleaseScriptCaches (0ms)
		RebuildScriptCaches (0ms)
		SetupLoadedEditorAssemblies (580ms)
			LogAssemblyErrors (0ms)
			InitializePlatformSupportModulesInManaged (9ms)
			SetLoadedEditorAssemblies (3ms)
			RefreshPlugins (0ms)
			BeforeProcessingInitializeOnLoad (88ms)
			ProcessInitializeOnLoadAttributes (407ms)
			ProcessInitializeOnLoadMethodAttributes (66ms)
			AfterProcessingInitializeOnLoad (7ms)
			EditorAssembliesLoaded (0ms)
		ExecutionOrderSort2 (0ms)
		AwakeInstancesAfterBackupRestoration (8ms)
Refreshing native plugins compatible for Editor in 9.07 ms, found 4 plugins.
Preloading 0 native plugins for Editor in 0.00 ms.
Unloading 4311 Unused Serialized files (Serialized files now loaded: 0)
Unloading 17 unused Assets / (331.8 KB). Loaded Objects now: 4840.
Memory consumption went from 150.6 MB to 150.2 MB.
Total: 3.181200 ms (FindLiveObjects: 0.352300 ms CreateObjectMapping: 0.295500 ms MarkObjects: 2.419000 ms  DeleteObjects: 0.113700 ms)

Prepare: number of updated asset objects reloaded= 0
AssetImportParameters requested are different than current active one (requested -> active):
  custom:scripting/monoscript/fileName/XLuaTest_InvokeLua_ICalcBridge.cs: 30fde9c3feb0b30e098352b4dfeb9cae -> 39dbaec3aa6ccdef5b8e133e5c8d912d
  custom:scripting/monoscript/fileName/UnityEngine_BehaviourWrap.cs: 50be6300a89da29ca17ad67a2589a5ca -> 07f04650a03b829841e9fab9d7740454
  custom:scripting/monoscript/fileName/UnityEngine_WaitForSecondsWrap.cs: 14ce79597090ca49f32e5242d176e3e0 -> f924ebf1733d94f4d65590a1a94e6531
  custom:scripting/monoscript/fileName/XLuaTest_PeddingWrap.cs: 904ed3ab876976c36018836c17a5f7cd -> 87db0d803af8b6af633a98194cb11698
  custom:container-demuxer-ogg: 62fdf1f143b41e24485cea50d1cbac27 -> 
  custom:scripting/monoscript/fileName/UnityEngine_Vector3Wrap.cs: ce0a23addf1a2b20f8676787382fe6da -> 63f465b9380555daafea25b4176adba5
  custom:scripting/monoscript/fileName/UnityEngine_RayWrap.cs: 1b2ced459e0f7fe10c0b5b9489be6f35 -> 0b84fbe6cabdb1173feb41e835ef3a40
  custom:scripting/monoscript/fileName/WrapPusher.cs: 3b3bd77f226a0f893aad8e7367a0f06b -> a7d84f614ae4cd3b956f9b8556cfd18e
  custom:scripting/monoscript/fileName/Tutorial_DerivedClassWrap.cs: a9f1f1a33e70d4aca6ed43632ef080bc -> 1a8da11bcfc26039296e071510ba3246
  custom:video-decoder-ogg-theora: a1e56fd34408186e4bbccfd4996cb3dc -> 
  custom:scripting/monoscript/fileName/XLuaTest_Foo2ChildWrap.cs: f25917eb49d7296a35740a2c6a4d40ec -> 30fab5c82eb5f5ffb38a0a6d668c1895
  custom:framework-win-MediaFoundation: 216162199b28c13a410421893ffa2e32 -> 
  custom:scripting/monoscript/fileName/UnityEngine_TimeWrap.cs: 582bbe1acbebc99abd038879d2ce291a -> 5e744018ad83dc4e6b5341356b280ff7
  custom:scripting/monoscript/fileName/UnityEngine_AnimationClipWrap.cs: 35e9dbce44e2400ca249a1b04e238032 -> 77a92debc688d37d0c76ed29e7849dc6
  custom:scripting/monoscript/fileName/UnityEngine_MonoBehaviourWrap.cs: ab88a4de07d1ed4d6902d46f78a9c2a5 -> 04d351bf9d6db68acd2847f2651b2d6b
  custom:scripting/monoscript/fileName/UnityEngine_MathfWrap.cs: b8423f29ae782d824fe5861eb133fe99 -> 333033f071a58c53b030860e1dc36f4e
  custom:scripting/monoscript/fileName/XLuaTest_Foo1ChildWrap.cs: 4e50b7c1fc1d91200bd6d308925718b7 -> 1c5e3d8cdf39c119ce22e5be32eae9dd
  custom:scripting/monoscript/fileName/UnityEngine_ResourcesWrap.cs: 7881eec03c10cac6aed4968059672b77 -> 698ab99237a4262ce7f88356cded464a
  custom:CustomObjectIndexerAttribute: 9a22284fe3817be447336de3de66b15e -> 
  custom:scripting/monoscript/fileName/EnumWrap.cs: e1678317fb40b1504377930932a65f00 -> 71aaf938165cbdbb0ac6c90ffee86023
  custom:container-demuxer-webm: 4f35f7cbe854078d1ac9338744f61a02 -> 
  custom:scripting/monoscript/fileName/UnityEngine_ParticleSystemWrap.cs: ea70451eecfa9db0287288ead2570a87 -> eee33c4ac5a2b762ef5a90683fe90f0f
  custom:scripting/monoscript/fileName/XLuaTest_BaseTestWrap.cs: 07e45de8fa2ee7650261714b0c2efcd8 -> 4f21680da7e23ca573808ca54815d505
  custom:scripting/monoscript/fileName/UnityEngine_BoundsWrap.cs: 0ac99f7c45b4a0aef916e0e5b49238c9 -> 3dd26eeb95bac2de8ce2da585d995261
  custom:scripting/monoscript/fileName/PackUnpack.cs: 7bf1a1e4b9a6d19c982a86f574107fe4 -> 273cbe68a303e04c83210a0d1b0dbfc8
  custom:scripting/monoscript/fileName/UnityEngine_KeyframeWrap.cs: 198c4d7f205e316a3726e83558840a1d -> f022c20884bfebd1cdba5d0a32b69287
  custom:scripting/monoscript/fileName/DelegatesGensBridge.cs: 14979ecd91d982a7d4b63ce8b241a2cb -> 9b33d1c344798966a03eb7d32474259e
  custom:container-muxer-webm: aa71ff27fc2769a1b78a27578f13a17b -> 
  custom:video-decoder-webm-vp8: 9c59270c3fd7afecdb556c50c9e8de78 -> 
  custom:scripting/monoscript/fileName/XLuaTest_FooWrap.cs: 94d50054e40ab48511cae7fb0b602c9b -> abbeeb9782209030752aecf7c8307085
  custom:scripting/monoscript/fileName/Tutorial_DerivedClassExtensionsWrap.cs: 8d3a8d18ccf52ef11958b45f9012fc25 -> e71c7199b289862c70f81cc97fad9cd1
  custom:scripting/monoscript/fileName/System_Collections_Generic_List_1_System_Int32_Wrap.cs: 17851e7c00326059ae0787338228160b -> 0d81f6d3ce2afe6f735fa61fb6f44318
  custom:scripting/monoscript/fileName/XLuaGenAutoRegister.cs: d853ef44aabfccb80e0b7c076b61770b -> f7d7a1bdecea0875c31215b468d1ea3c
  custom:SearchIndexIgnoredProperties: e643bd26f0fe6173181afceb89e7c659 -> 
  custom:scripting/monoscript/fileName/UnityEngine_ColorWrap.cs: bd8e985ef59408a673873236ce871e73 -> a2199b901d8d68ac06d36f834d48f0de
  custom:AudioImporter_EditorPlatform: d09bf68614088b80899f8185d706f6e7 -> 
  custom:scripting/monoscript/fileName/Tutorial_BaseClassWrap.cs: 0cb2af1d083b0b2c5e8cb36d24bfb39c -> 82bd31d966804ddf94755f42eec25c75
  custom:scripting/monoscript/fileName/UnityEngine_Ray2DWrap.cs: 0739f12fd5151febac857f4bf1dfbf4b -> 3948513cbdb210ff5fa49a4b2880e106
  custom:scripting/monoscript/fileName/UnityEngine_ComponentWrap.cs: e27295da2190ed2ebf55b5ac632d7f35 -> 3c3e0b9fedb2878f9f3fac771839136b
  custom:scripting/monoscript/fileName/System_ObjectWrap.cs: c4f7132fadbd7f5f459fdffb106ce8ad -> 9fb5e5ed9e38c23dad1e0232edf0373b
  custom:scripting/monoscript/fileName/XLuaTest_Foo1ParentWrap.cs: 4d06c6c313846bbd2659cf013bd8c081 -> bc3faaa30d66f1a9334279476c37b2a8
  custom:scripting/monoscript/fileName/XLuaTest_FooExtensionWrap.cs: 0cf66dd4ab170a1f2008f8b97f4f2106 -> 778d9d5cc8332e1d0739618b88aa2bb9
  custom:scripting/monoscript/fileName/UnityEngine_QuaternionWrap.cs: d7776a0aea79cbcec5ba2c36565a1173 -> 2be38f3d0f8715c9babd38533b7cc2f6
  custom:scripting/monoscript/fileName/UnityEngine_AnimationCurveWrap.cs: f2332648b2113d579022f7ac44ddf1a2 -> a1b4a7dab75f49fff03082ff025e4e5e
  custom:scripting/monoscript/fileName/XLuaTest_IExchangerBridge.cs: dbb2be54f36a2496a4425e7ceb90b9b9 -> a1b04ba231b7210d75c48779fb061387
  custom:scripting/monoscript/fileName/UnityEngine_LightWrap.cs: d3e76313bbab2d6f78618d0a96177993 -> afdccdb78964e15816bd84ff574e1d72
  custom:scripting/monoscript/fileName/System_Collections_IEnumeratorBridge.cs: e58d0dcf0aa39125fd572da9408c5a63 -> a6b8b2b6997973169c6bebc4e00197c3
  custom:video-encoder-webm-vp8: eb34c28f22e8b96e1ab97ce403110664 -> 
  custom:scripting/monoscript/fileName/XLuaTest_Foo2ParentWrap.cs: 3cfc8bf6cad7ab5669e86f82da9efffc -> e55fdaf088679107b1602d0f4f018827
  custom:scripting/monoscript/fileName/Tutorial_CSCallLua_ItfDBridge.cs: d05148e45525d393370f3ca919d4cdc0 -> 4e0a8d0795850c18cf92cbc673dc6199
  custom:scripting/monoscript/fileName/UnityEngine_Vector2Wrap.cs: dfd1be4a9f736e54a226859ba85dbc30 -> d8bd11c5df83747314d76d2e1152a25a
  custom:audio-decoder-ogg-vorbis: bf7c407c2cedff20999df2af8eb42d56 -> 
  custom:scripting/monoscript/fileName/UnityEngine_GameObjectWrap.cs: c4cddad80b77cae4a3f64483d25e1457 -> 499beb086fe32ba82bd6b30d04f108ea
  custom:scripting/monoscript/fileName/XLuaTest_NoGcWrap.cs: 7c2153fc9ca9cd0a3cc8b2d8a5de2fcd -> b8ab725f3034c7583c772afc97e73cfe
  custom:scripting/monoscript/fileName/UnityEngine_DebugWrap.cs: a14c41c7fbd7dec62bec687de4c6fe27 -> 2a23054f13a8c643d838dbc57d787e1a
  custom:scripting/monoscript/fileName/UnityEngine_SkinnedMeshRendererWrap.cs: 9ad169117eb1ff375ebe298216e6901c -> e6c3bb62aa80867a3afe5dcbb6224761
  custom:scripting/monoscript/fileName/UnityEngine_TextAssetWrap.cs: a895654ec821ef871bab45f0bf4ab1bf -> 96eae3d139831963806db363328bfefe
  custom:scripting/monoscript/fileName/UnityEngine_TransformWrap.cs: 1ec7fdf0df78c54383c54d4890267885 -> 50d916bbc9cc3aa204547c1dbcf1b841
  custom:scripting/monoscript/fileName/UnityEngine_RendererWrap.cs: f2bb488dcafa31d4d1829db70de7e3de -> e28d66316639c5d4634a4f4176885c0f
  custom:audio-encoder-webm-vorbis: bf7c407c2cedff20999df2af8eb42d56 -> 
  custom:scripting/monoscript/fileName/XLuaTest_LuaBehaviourWrap.cs: eb21b90bdd58645712610184d1a6b02e -> 8a24807dde2ec4b5434d8876b84591df
  custom:scripting/monoscript/fileName/UnityEngine_Vector4Wrap.cs: 4736b1d9605ba5be814644e3bcc9e928 -> e876ed87f63c3dc401e686c851325f69
  custom:scripting/monoscript/fileName/XLuaTest_MyStructWrap.cs: 55519c14d8f95433c1b6e262daa1d322 -> bcfe0251bd793e1e64a466467ef9f39d
  custom:scripting/monoscript/fileName/UnityEngine_ObjectWrap.cs: acbfc6ebce3660b3cec600cb246312ee -> d239f04268fb712161f840d533347443
  custom:scripting/precompiled-assembly-types:Assembly-CSharp: 7f215f4b51c6a6c7c1fbe1effeda673d -> 6d2cbbca728bbcc514a1a97e862a8e21
  custom:scripting/monoscript/fileName/Tutorial_ICalcWrap.cs: 9802804745e09aa6d92fbca1a46de55a -> 03d02c9cf202af74271e6b9339f2aa97
========================================================================
Received Import Request.
  Time since last request: 1470.438402 seconds.
  path: Assets/AB/LuaTxt/RolePanel.lua.txt
  artifactKey: Guid(94346a5c57d36104591a847c9ab4211b) Importer(815301076,1909f56bfc062723c751e8b465ee728b)
Start importing Assets/AB/LuaTxt/RolePanel.lua.txt using Guid(94346a5c57d36104591a847c9ab4211b) Importer(815301076,1909f56bfc062723c751e8b465ee728b) [PhysX] Initialized MultithreadedTaskDispatcher with 16 workers.
 -> (artifact id: '66be9eb1243419da39867634366a4fd9') in 0.013444 seconds
Number of updated asset objects reloaded before import = 0
Number of asset objects unloaded after import = 1
========================================================================
Received Prepare
Refreshing native plugins compatible for Editor in 10.10 ms, found 4 plugins.
Preloading 0 native plugins for Editor in 0.00 ms.
Unloading 3 Unused Serialized files (Serialized files now loaded: 0)
Unloading 4 unused Assets / (310.7 KB). Loaded Objects now: 4841.
Memory consumption went from 83.3 MB to 83.0 MB.
Total: 7.791300 ms (FindLiveObjects: 0.786200 ms CreateObjectMapping: 1.013300 ms MarkObjects: 5.867000 ms  DeleteObjects: 0.123800 ms)

Prepare: number of updated asset objects reloaded= 0
AssetImportParameters requested are different than current active one (requested -> active):
  custom:scripting/monoscript/fileName/XLuaTest_InvokeLua_ICalcBridge.cs: 30fde9c3feb0b30e098352b4dfeb9cae -> 39dbaec3aa6ccdef5b8e133e5c8d912d
  custom:scripting/monoscript/fileName/UnityEngine_BehaviourWrap.cs: 50be6300a89da29ca17ad67a2589a5ca -> 07f04650a03b829841e9fab9d7740454
  custom:scripting/monoscript/fileName/UnityEngine_WaitForSecondsWrap.cs: 14ce79597090ca49f32e5242d176e3e0 -> f924ebf1733d94f4d65590a1a94e6531
  custom:scripting/monoscript/fileName/XLuaTest_PeddingWrap.cs: 904ed3ab876976c36018836c17a5f7cd -> 87db0d803af8b6af633a98194cb11698
  custom:container-demuxer-ogg: 62fdf1f143b41e24485cea50d1cbac27 -> 
  custom:scripting/monoscript/fileName/UnityEngine_Vector3Wrap.cs: ce0a23addf1a2b20f8676787382fe6da -> 63f465b9380555daafea25b4176adba5
  custom:scripting/monoscript/fileName/UnityEngine_RayWrap.cs: 1b2ced459e0f7fe10c0b5b9489be6f35 -> 0b84fbe6cabdb1173feb41e835ef3a40
  custom:scripting/monoscript/fileName/WrapPusher.cs: 3b3bd77f226a0f893aad8e7367a0f06b -> a7d84f614ae4cd3b956f9b8556cfd18e
  custom:scripting/monoscript/fileName/Tutorial_DerivedClassWrap.cs: a9f1f1a33e70d4aca6ed43632ef080bc -> 1a8da11bcfc26039296e071510ba3246
  custom:video-decoder-ogg-theora: a1e56fd34408186e4bbccfd4996cb3dc -> 
  custom:scripting/monoscript/fileName/XLuaTest_Foo2ChildWrap.cs: f25917eb49d7296a35740a2c6a4d40ec -> 30fab5c82eb5f5ffb38a0a6d668c1895
  custom:framework-win-MediaFoundation: 216162199b28c13a410421893ffa2e32 -> 
  custom:scripting/monoscript/fileName/UnityEngine_TimeWrap.cs: 582bbe1acbebc99abd038879d2ce291a -> 5e744018ad83dc4e6b5341356b280ff7
  custom:scripting/monoscript/fileName/UnityEngine_AnimationClipWrap.cs: 35e9dbce44e2400ca249a1b04e238032 -> 77a92debc688d37d0c76ed29e7849dc6
  custom:scripting/monoscript/fileName/UnityEngine_MonoBehaviourWrap.cs: ab88a4de07d1ed4d6902d46f78a9c2a5 -> 04d351bf9d6db68acd2847f2651b2d6b
  custom:scripting/monoscript/fileName/UnityEngine_MathfWrap.cs: b8423f29ae782d824fe5861eb133fe99 -> 333033f071a58c53b030860e1dc36f4e
  custom:scripting/monoscript/fileName/XLuaTest_Foo1ChildWrap.cs: 4e50b7c1fc1d91200bd6d308925718b7 -> 1c5e3d8cdf39c119ce22e5be32eae9dd
  custom:scripting/monoscript/fileName/UnityEngine_ResourcesWrap.cs: 7881eec03c10cac6aed4968059672b77 -> 698ab99237a4262ce7f88356cded464a
  custom:CustomObjectIndexerAttribute: 9a22284fe3817be447336de3de66b15e -> 
  custom:scripting/monoscript/fileName/EnumWrap.cs: e1678317fb40b1504377930932a65f00 -> 71aaf938165cbdbb0ac6c90ffee86023
  custom:container-demuxer-webm: 4f35f7cbe854078d1ac9338744f61a02 -> 
  custom:scripting/monoscript/fileName/UnityEngine_ParticleSystemWrap.cs: ea70451eecfa9db0287288ead2570a87 -> eee33c4ac5a2b762ef5a90683fe90f0f
  custom:scripting/monoscript/fileName/XLuaTest_BaseTestWrap.cs: 07e45de8fa2ee7650261714b0c2efcd8 -> 4f21680da7e23ca573808ca54815d505
  custom:scripting/monoscript/fileName/UnityEngine_BoundsWrap.cs: 0ac99f7c45b4a0aef916e0e5b49238c9 -> 3dd26eeb95bac2de8ce2da585d995261
  custom:scripting/monoscript/fileName/PackUnpack.cs: 7bf1a1e4b9a6d19c982a86f574107fe4 -> 273cbe68a303e04c83210a0d1b0dbfc8
  custom:scripting/monoscript/fileName/UnityEngine_KeyframeWrap.cs: 198c4d7f205e316a3726e83558840a1d -> f022c20884bfebd1cdba5d0a32b69287
  custom:scripting/monoscript/fileName/DelegatesGensBridge.cs: 14979ecd91d982a7d4b63ce8b241a2cb -> 9b33d1c344798966a03eb7d32474259e
  custom:container-muxer-webm: aa71ff27fc2769a1b78a27578f13a17b -> 
  custom:video-decoder-webm-vp8: 9c59270c3fd7afecdb556c50c9e8de78 -> 
  custom:scripting/monoscript/fileName/XLuaTest_FooWrap.cs: 94d50054e40ab48511cae7fb0b602c9b -> abbeeb9782209030752aecf7c8307085
  custom:scripting/monoscript/fileName/Tutorial_DerivedClassExtensionsWrap.cs: 8d3a8d18ccf52ef11958b45f9012fc25 -> e71c7199b289862c70f81cc97fad9cd1
  custom:scripting/monoscript/fileName/System_Collections_Generic_List_1_System_Int32_Wrap.cs: 17851e7c00326059ae0787338228160b -> 0d81f6d3ce2afe6f735fa61fb6f44318
  custom:scripting/monoscript/fileName/XLuaGenAutoRegister.cs: d853ef44aabfccb80e0b7c076b61770b -> f7d7a1bdecea0875c31215b468d1ea3c
  custom:SearchIndexIgnoredProperties: e643bd26f0fe6173181afceb89e7c659 -> 
  custom:scripting/monoscript/fileName/UnityEngine_ColorWrap.cs: bd8e985ef59408a673873236ce871e73 -> a2199b901d8d68ac06d36f834d48f0de
  custom:AudioImporter_EditorPlatform: d09bf68614088b80899f8185d706f6e7 -> 
  custom:scripting/monoscript/fileName/Tutorial_BaseClassWrap.cs: 0cb2af1d083b0b2c5e8cb36d24bfb39c -> 82bd31d966804ddf94755f42eec25c75
  custom:scripting/monoscript/fileName/UnityEngine_Ray2DWrap.cs: 0739f12fd5151febac857f4bf1dfbf4b -> 3948513cbdb210ff5fa49a4b2880e106
  custom:scripting/monoscript/fileName/UnityEngine_ComponentWrap.cs: e27295da2190ed2ebf55b5ac632d7f35 -> 3c3e0b9fedb2878f9f3fac771839136b
  custom:scripting/monoscript/fileName/System_ObjectWrap.cs: c4f7132fadbd7f5f459fdffb106ce8ad -> 9fb5e5ed9e38c23dad1e0232edf0373b
  custom:scripting/monoscript/fileName/XLuaTest_Foo1ParentWrap.cs: 4d06c6c313846bbd2659cf013bd8c081 -> bc3faaa30d66f1a9334279476c37b2a8
  custom:scripting/monoscript/fileName/XLuaTest_FooExtensionWrap.cs: 0cf66dd4ab170a1f2008f8b97f4f2106 -> 778d9d5cc8332e1d0739618b88aa2bb9
  custom:scripting/monoscript/fileName/UnityEngine_QuaternionWrap.cs: d7776a0aea79cbcec5ba2c36565a1173 -> 2be38f3d0f8715c9babd38533b7cc2f6
  custom:scripting/monoscript/fileName/UnityEngine_AnimationCurveWrap.cs: f2332648b2113d579022f7ac44ddf1a2 -> a1b4a7dab75f49fff03082ff025e4e5e
  custom:scripting/monoscript/fileName/XLuaTest_IExchangerBridge.cs: dbb2be54f36a2496a4425e7ceb90b9b9 -> a1b04ba231b7210d75c48779fb061387
  custom:scripting/monoscript/fileName/UnityEngine_LightWrap.cs: d3e76313bbab2d6f78618d0a96177993 -> afdccdb78964e15816bd84ff574e1d72
  custom:scripting/monoscript/fileName/System_Collections_IEnumeratorBridge.cs: e58d0dcf0aa39125fd572da9408c5a63 -> a6b8b2b6997973169c6bebc4e00197c3
  custom:video-encoder-webm-vp8: eb34c28f22e8b96e1ab97ce403110664 -> 
  custom:scripting/monoscript/fileName/XLuaTest_Foo2ParentWrap.cs: 3cfc8bf6cad7ab5669e86f82da9efffc -> e55fdaf088679107b1602d0f4f018827
  custom:scripting/monoscript/fileName/Tutorial_CSCallLua_ItfDBridge.cs: d05148e45525d393370f3ca919d4cdc0 -> 4e0a8d0795850c18cf92cbc673dc6199
  custom:scripting/monoscript/fileName/UnityEngine_Vector2Wrap.cs: dfd1be4a9f736e54a226859ba85dbc30 -> d8bd11c5df83747314d76d2e1152a25a
  custom:audio-decoder-ogg-vorbis: bf7c407c2cedff20999df2af8eb42d56 -> 
  custom:scripting/monoscript/fileName/UnityEngine_GameObjectWrap.cs: c4cddad80b77cae4a3f64483d25e1457 -> 499beb086fe32ba82bd6b30d04f108ea
  custom:scripting/monoscript/fileName/XLuaTest_NoGcWrap.cs: 7c2153fc9ca9cd0a3cc8b2d8a5de2fcd -> b8ab725f3034c7583c772afc97e73cfe
  custom:scripting/monoscript/fileName/UnityEngine_DebugWrap.cs: a14c41c7fbd7dec62bec687de4c6fe27 -> 2a23054f13a8c643d838dbc57d787e1a
  custom:scripting/monoscript/fileName/UnityEngine_SkinnedMeshRendererWrap.cs: 9ad169117eb1ff375ebe298216e6901c -> e6c3bb62aa80867a3afe5dcbb6224761
  custom:scripting/monoscript/fileName/UnityEngine_TextAssetWrap.cs: a895654ec821ef871bab45f0bf4ab1bf -> 96eae3d139831963806db363328bfefe
  custom:scripting/monoscript/fileName/UnityEngine_TransformWrap.cs: 1ec7fdf0df78c54383c54d4890267885 -> 50d916bbc9cc3aa204547c1dbcf1b841
  custom:scripting/monoscript/fileName/UnityEngine_RendererWrap.cs: f2bb488dcafa31d4d1829db70de7e3de -> e28d66316639c5d4634a4f4176885c0f
  custom:audio-encoder-webm-vorbis: bf7c407c2cedff20999df2af8eb42d56 -> 
  custom:scripting/monoscript/fileName/XLuaTest_LuaBehaviourWrap.cs: eb21b90bdd58645712610184d1a6b02e -> 8a24807dde2ec4b5434d8876b84591df
  custom:scripting/monoscript/fileName/UnityEngine_Vector4Wrap.cs: 4736b1d9605ba5be814644e3bcc9e928 -> e876ed87f63c3dc401e686c851325f69
  custom:scripting/monoscript/fileName/XLuaTest_MyStructWrap.cs: 55519c14d8f95433c1b6e262daa1d322 -> bcfe0251bd793e1e64a466467ef9f39d
  custom:scripting/monoscript/fileName/UnityEngine_ObjectWrap.cs: acbfc6ebce3660b3cec600cb246312ee -> d239f04268fb712161f840d533347443
  custom:scripting/precompiled-assembly-types:Assembly-CSharp: 7f215f4b51c6a6c7c1fbe1effeda673d -> 6d2cbbca728bbcc514a1a97e862a8e21
  custom:scripting/monoscript/fileName/Tutorial_ICalcWrap.cs: 9802804745e09aa6d92fbca1a46de55a -> 03d02c9cf202af74271e6b9339f2aa97
========================================================================
Received Prepare
Caller must complete domain reload
Begin MonoManager ReloadAssembly
- Loaded All Assemblies, in  0.637 seconds
Native extension for WindowsStandalone target not found
Mono: successfully reloaded assembly
- Finished resetting the current domain, in  1.196 seconds
Domain Reload Profiling: 1828ms
	BeginReloadAssembly (185ms)
		ExecutionOrderSort (0ms)
		DisableScriptedObjects (3ms)
		BackupInstance (0ms)
		ReleaseScriptingObjects (0ms)
		CreateAndSetChildDomain (36ms)
	RebuildCommonClasses (34ms)
	RebuildNativeTypeToScriptingClass (14ms)
	initialDomainReloadingComplete (42ms)
	LoadAllAssembliesAndSetupDomain (356ms)
		LoadAssemblies (415ms)
		RebuildTransferFunctionScriptingTraits (0ms)
		AnalyzeDomain (52ms)
			TypeCache.Refresh (23ms)
				TypeCache.ScanAssembly (3ms)
			ScanForSourceGeneratedMonoScriptInfo (16ms)
			ResolveRequiredComponents (12ms)
	FinalizeReload (1197ms)
		ReleaseScriptCaches (0ms)
		RebuildScriptCaches (0ms)
		SetupLoadedEditorAssemblies (516ms)
			LogAssemblyErrors (0ms)
			InitializePlatformSupportModulesInManaged (5ms)
			SetLoadedEditorAssemblies (3ms)
			RefreshPlugins (0ms)
			BeforeProcessingInitializeOnLoad (74ms)
			ProcessInitializeOnLoadAttributes (358ms)
			ProcessInitializeOnLoadMethodAttributes (66ms)
			AfterProcessingInitializeOnLoad (9ms)
			EditorAssembliesLoaded (0ms)
		ExecutionOrderSort2 (0ms)
		AwakeInstancesAfterBackupRestoration (10ms)
Refreshing native plugins compatible for Editor in 8.42 ms, found 4 plugins.
Preloading 0 native plugins for Editor in 0.00 ms.
Unloading 4311 Unused Serialized files (Serialized files now loaded: 0)
Unloading 17 unused Assets / (331.7 KB). Loaded Objects now: 4844.
Memory consumption went from 150.6 MB to 150.2 MB.
Total: 5.315700 ms (FindLiveObjects: 0.656100 ms CreateObjectMapping: 0.568900 ms MarkObjects: 3.696700 ms  DeleteObjects: 0.392400 ms)

Prepare: number of updated asset objects reloaded= 0
AssetImportParameters requested are different than current active one (requested -> active):
  custom:scripting/monoscript/fileName/XLuaTest_InvokeLua_ICalcBridge.cs: 30fde9c3feb0b30e098352b4dfeb9cae -> 39dbaec3aa6ccdef5b8e133e5c8d912d
  custom:scripting/monoscript/fileName/UnityEngine_BehaviourWrap.cs: 50be6300a89da29ca17ad67a2589a5ca -> 07f04650a03b829841e9fab9d7740454
  custom:scripting/monoscript/fileName/UnityEngine_WaitForSecondsWrap.cs: 14ce79597090ca49f32e5242d176e3e0 -> f924ebf1733d94f4d65590a1a94e6531
  custom:scripting/monoscript/fileName/XLuaTest_PeddingWrap.cs: 904ed3ab876976c36018836c17a5f7cd -> 87db0d803af8b6af633a98194cb11698
  custom:container-demuxer-ogg: 62fdf1f143b41e24485cea50d1cbac27 -> 
  custom:scripting/monoscript/fileName/UnityEngine_Vector3Wrap.cs: ce0a23addf1a2b20f8676787382fe6da -> 63f465b9380555daafea25b4176adba5
  custom:scripting/monoscript/fileName/UnityEngine_RayWrap.cs: 1b2ced459e0f7fe10c0b5b9489be6f35 -> 0b84fbe6cabdb1173feb41e835ef3a40
  custom:scripting/monoscript/fileName/WrapPusher.cs: 3b3bd77f226a0f893aad8e7367a0f06b -> a7d84f614ae4cd3b956f9b8556cfd18e
  custom:scripting/monoscript/fileName/Tutorial_DerivedClassWrap.cs: a9f1f1a33e70d4aca6ed43632ef080bc -> 1a8da11bcfc26039296e071510ba3246
  custom:video-decoder-ogg-theora: a1e56fd34408186e4bbccfd4996cb3dc -> 
  custom:scripting/monoscript/fileName/XLuaTest_Foo2ChildWrap.cs: f25917eb49d7296a35740a2c6a4d40ec -> 30fab5c82eb5f5ffb38a0a6d668c1895
  custom:framework-win-MediaFoundation: 216162199b28c13a410421893ffa2e32 -> 
  custom:scripting/monoscript/fileName/UnityEngine_TimeWrap.cs: 582bbe1acbebc99abd038879d2ce291a -> 5e744018ad83dc4e6b5341356b280ff7
  custom:scripting/monoscript/fileName/UnityEngine_AnimationClipWrap.cs: 35e9dbce44e2400ca249a1b04e238032 -> 77a92debc688d37d0c76ed29e7849dc6
  custom:scripting/monoscript/fileName/UnityEngine_MonoBehaviourWrap.cs: ab88a4de07d1ed4d6902d46f78a9c2a5 -> 04d351bf9d6db68acd2847f2651b2d6b
  custom:scripting/monoscript/fileName/UnityEngine_MathfWrap.cs: b8423f29ae782d824fe5861eb133fe99 -> 333033f071a58c53b030860e1dc36f4e
  custom:scripting/monoscript/fileName/XLuaTest_Foo1ChildWrap.cs: 4e50b7c1fc1d91200bd6d308925718b7 -> 1c5e3d8cdf39c119ce22e5be32eae9dd
  custom:scripting/monoscript/fileName/UnityEngine_ResourcesWrap.cs: 7881eec03c10cac6aed4968059672b77 -> 698ab99237a4262ce7f88356cded464a
  custom:CustomObjectIndexerAttribute: 9a22284fe3817be447336de3de66b15e -> 
  custom:scripting/monoscript/fileName/EnumWrap.cs: e1678317fb40b1504377930932a65f00 -> 71aaf938165cbdbb0ac6c90ffee86023
  custom:container-demuxer-webm: 4f35f7cbe854078d1ac9338744f61a02 -> 
  custom:scripting/monoscript/fileName/UnityEngine_ParticleSystemWrap.cs: ea70451eecfa9db0287288ead2570a87 -> eee33c4ac5a2b762ef5a90683fe90f0f
  custom:scripting/monoscript/fileName/XLuaTest_BaseTestWrap.cs: 07e45de8fa2ee7650261714b0c2efcd8 -> 4f21680da7e23ca573808ca54815d505
  custom:scripting/monoscript/fileName/UnityEngine_BoundsWrap.cs: 0ac99f7c45b4a0aef916e0e5b49238c9 -> 3dd26eeb95bac2de8ce2da585d995261
  custom:scripting/monoscript/fileName/PackUnpack.cs: 7bf1a1e4b9a6d19c982a86f574107fe4 -> 273cbe68a303e04c83210a0d1b0dbfc8
  custom:scripting/monoscript/fileName/UnityEngine_KeyframeWrap.cs: 198c4d7f205e316a3726e83558840a1d -> f022c20884bfebd1cdba5d0a32b69287
  custom:scripting/monoscript/fileName/DelegatesGensBridge.cs: 14979ecd91d982a7d4b63ce8b241a2cb -> 9b33d1c344798966a03eb7d32474259e
  custom:container-muxer-webm: aa71ff27fc2769a1b78a27578f13a17b -> 
  custom:video-decoder-webm-vp8: 9c59270c3fd7afecdb556c50c9e8de78 -> 
  custom:scripting/monoscript/fileName/XLuaTest_FooWrap.cs: 94d50054e40ab48511cae7fb0b602c9b -> abbeeb9782209030752aecf7c8307085
  custom:scripting/monoscript/fileName/Tutorial_DerivedClassExtensionsWrap.cs: 8d3a8d18ccf52ef11958b45f9012fc25 -> e71c7199b289862c70f81cc97fad9cd1
  custom:scripting/monoscript/fileName/System_Collections_Generic_List_1_System_Int32_Wrap.cs: 17851e7c00326059ae0787338228160b -> 0d81f6d3ce2afe6f735fa61fb6f44318
  custom:scripting/monoscript/fileName/XLuaGenAutoRegister.cs: d853ef44aabfccb80e0b7c076b61770b -> f7d7a1bdecea0875c31215b468d1ea3c
  custom:SearchIndexIgnoredProperties: e643bd26f0fe6173181afceb89e7c659 -> 
  custom:scripting/monoscript/fileName/UnityEngine_ColorWrap.cs: bd8e985ef59408a673873236ce871e73 -> a2199b901d8d68ac06d36f834d48f0de
  custom:AudioImporter_EditorPlatform: d09bf68614088b80899f8185d706f6e7 -> 
  custom:scripting/monoscript/fileName/Tutorial_BaseClassWrap.cs: 0cb2af1d083b0b2c5e8cb36d24bfb39c -> 82bd31d966804ddf94755f42eec25c75
  custom:scripting/monoscript/fileName/UnityEngine_Ray2DWrap.cs: 0739f12fd5151febac857f4bf1dfbf4b -> 3948513cbdb210ff5fa49a4b2880e106
  custom:scripting/monoscript/fileName/UnityEngine_ComponentWrap.cs: e27295da2190ed2ebf55b5ac632d7f35 -> 3c3e0b9fedb2878f9f3fac771839136b
  custom:scripting/monoscript/fileName/System_ObjectWrap.cs: c4f7132fadbd7f5f459fdffb106ce8ad -> 9fb5e5ed9e38c23dad1e0232edf0373b
  custom:scripting/monoscript/fileName/XLuaTest_Foo1ParentWrap.cs: 4d06c6c313846bbd2659cf013bd8c081 -> bc3faaa30d66f1a9334279476c37b2a8
  custom:scripting/monoscript/fileName/XLuaTest_FooExtensionWrap.cs: 0cf66dd4ab170a1f2008f8b97f4f2106 -> 778d9d5cc8332e1d0739618b88aa2bb9
  custom:scripting/monoscript/fileName/UnityEngine_QuaternionWrap.cs: d7776a0aea79cbcec5ba2c36565a1173 -> 2be38f3d0f8715c9babd38533b7cc2f6
  custom:scripting/monoscript/fileName/UnityEngine_AnimationCurveWrap.cs: f2332648b2113d579022f7ac44ddf1a2 -> a1b4a7dab75f49fff03082ff025e4e5e
  custom:scripting/monoscript/fileName/XLuaTest_IExchangerBridge.cs: dbb2be54f36a2496a4425e7ceb90b9b9 -> a1b04ba231b7210d75c48779fb061387
  custom:scripting/monoscript/fileName/UnityEngine_LightWrap.cs: d3e76313bbab2d6f78618d0a96177993 -> afdccdb78964e15816bd84ff574e1d72
  custom:scripting/monoscript/fileName/System_Collections_IEnumeratorBridge.cs: e58d0dcf0aa39125fd572da9408c5a63 -> a6b8b2b6997973169c6bebc4e00197c3
  custom:video-encoder-webm-vp8: eb34c28f22e8b96e1ab97ce403110664 -> 
  custom:scripting/monoscript/fileName/XLuaTest_Foo2ParentWrap.cs: 3cfc8bf6cad7ab5669e86f82da9efffc -> e55fdaf088679107b1602d0f4f018827
  custom:scripting/monoscript/fileName/Tutorial_CSCallLua_ItfDBridge.cs: d05148e45525d393370f3ca919d4cdc0 -> 4e0a8d0795850c18cf92cbc673dc6199
  custom:scripting/monoscript/fileName/UnityEngine_Vector2Wrap.cs: dfd1be4a9f736e54a226859ba85dbc30 -> d8bd11c5df83747314d76d2e1152a25a
  custom:audio-decoder-ogg-vorbis: bf7c407c2cedff20999df2af8eb42d56 -> 
  custom:scripting/monoscript/fileName/UnityEngine_GameObjectWrap.cs: c4cddad80b77cae4a3f64483d25e1457 -> 499beb086fe32ba82bd6b30d04f108ea
  custom:scripting/monoscript/fileName/XLuaTest_NoGcWrap.cs: 7c2153fc9ca9cd0a3cc8b2d8a5de2fcd -> b8ab725f3034c7583c772afc97e73cfe
  custom:scripting/monoscript/fileName/UnityEngine_DebugWrap.cs: a14c41c7fbd7dec62bec687de4c6fe27 -> 2a23054f13a8c643d838dbc57d787e1a
  custom:scripting/monoscript/fileName/UnityEngine_SkinnedMeshRendererWrap.cs: 9ad169117eb1ff375ebe298216e6901c -> e6c3bb62aa80867a3afe5dcbb6224761
  custom:scripting/monoscript/fileName/UnityEngine_TextAssetWrap.cs: a895654ec821ef871bab45f0bf4ab1bf -> 96eae3d139831963806db363328bfefe
  custom:scripting/monoscript/fileName/UnityEngine_TransformWrap.cs: 1ec7fdf0df78c54383c54d4890267885 -> 50d916bbc9cc3aa204547c1dbcf1b841
  custom:scripting/monoscript/fileName/UnityEngine_RendererWrap.cs: f2bb488dcafa31d4d1829db70de7e3de -> e28d66316639c5d4634a4f4176885c0f
  custom:audio-encoder-webm-vorbis: bf7c407c2cedff20999df2af8eb42d56 -> 
  custom:scripting/monoscript/fileName/XLuaTest_LuaBehaviourWrap.cs: eb21b90bdd58645712610184d1a6b02e -> 8a24807dde2ec4b5434d8876b84591df
  custom:scripting/monoscript/fileName/UnityEngine_Vector4Wrap.cs: 4736b1d9605ba5be814644e3bcc9e928 -> e876ed87f63c3dc401e686c851325f69
  custom:scripting/monoscript/fileName/XLuaTest_MyStructWrap.cs: 55519c14d8f95433c1b6e262daa1d322 -> bcfe0251bd793e1e64a466467ef9f39d
  custom:scripting/monoscript/fileName/UnityEngine_ObjectWrap.cs: acbfc6ebce3660b3cec600cb246312ee -> d239f04268fb712161f840d533347443
  custom:scripting/precompiled-assembly-types:Assembly-CSharp: 7f215f4b51c6a6c7c1fbe1effeda673d -> 6d2cbbca728bbcc514a1a97e862a8e21
  custom:scripting/monoscript/fileName/Tutorial_ICalcWrap.cs: 9802804745e09aa6d92fbca1a46de55a -> 03d02c9cf202af74271e6b9339f2aa97
========================================================================
Received Prepare
Caller must complete domain reload
Begin MonoManager ReloadAssembly
- Loaded All Assemblies, in  0.562 seconds
Native extension for WindowsStandalone target not found
Mono: successfully reloaded assembly
- Finished resetting the current domain, in  1.228 seconds
Domain Reload Profiling: 1788ms
	BeginReloadAssembly (171ms)
		ExecutionOrderSort (0ms)
		DisableScriptedObjects (4ms)
		BackupInstance (0ms)
		ReleaseScriptingObjects (0ms)
		CreateAndSetChildDomain (32ms)
	RebuildCommonClasses (41ms)
	RebuildNativeTypeToScriptingClass (11ms)
	initialDomainReloadingComplete (34ms)
	LoadAllAssembliesAndSetupDomain (303ms)
		LoadAssemblies (384ms)
		RebuildTransferFunctionScriptingTraits (0ms)
		AnalyzeDomain (20ms)
			TypeCache.Refresh (12ms)
				TypeCache.ScanAssembly (0ms)
			ScanForSourceGeneratedMonoScriptInfo (0ms)
			ResolveRequiredComponents (7ms)
	FinalizeReload (1229ms)
		ReleaseScriptCaches (0ms)
		RebuildScriptCaches (0ms)
		SetupLoadedEditorAssemblies (580ms)
			LogAssemblyErrors (0ms)
			InitializePlatformSupportModulesInManaged (6ms)
			SetLoadedEditorAssemblies (3ms)
			RefreshPlugins (0ms)
			BeforeProcessingInitializeOnLoad (73ms)
			ProcessInitializeOnLoadAttributes (415ms)
			ProcessInitializeOnLoadMethodAttributes (76ms)
			AfterProcessingInitializeOnLoad (8ms)
			EditorAssembliesLoaded (0ms)
		ExecutionOrderSort2 (0ms)
		AwakeInstancesAfterBackupRestoration (9ms)
Refreshing native plugins compatible for Editor in 9.96 ms, found 4 plugins.
Preloading 0 native plugins for Editor in 0.00 ms.
Unloading 4311 Unused Serialized files (Serialized files now loaded: 0)
Unloading 17 unused Assets / (331.8 KB). Loaded Objects now: 4847.
Memory consumption went from 150.6 MB to 150.2 MB.
Total: 3.692400 ms (FindLiveObjects: 0.406400 ms CreateObjectMapping: 0.593500 ms MarkObjects: 2.581200 ms  DeleteObjects: 0.109900 ms)

Prepare: number of updated asset objects reloaded= 0
AssetImportParameters requested are different than current active one (requested -> active):
  custom:scripting/monoscript/fileName/XLuaTest_InvokeLua_ICalcBridge.cs: 30fde9c3feb0b30e098352b4dfeb9cae -> 39dbaec3aa6ccdef5b8e133e5c8d912d
  custom:scripting/monoscript/fileName/UnityEngine_BehaviourWrap.cs: 50be6300a89da29ca17ad67a2589a5ca -> 07f04650a03b829841e9fab9d7740454
  custom:scripting/monoscript/fileName/UnityEngine_WaitForSecondsWrap.cs: 14ce79597090ca49f32e5242d176e3e0 -> f924ebf1733d94f4d65590a1a94e6531
  custom:scripting/monoscript/fileName/XLuaTest_PeddingWrap.cs: 904ed3ab876976c36018836c17a5f7cd -> 87db0d803af8b6af633a98194cb11698
  custom:container-demuxer-ogg: 62fdf1f143b41e24485cea50d1cbac27 -> 
  custom:scripting/monoscript/fileName/UnityEngine_Vector3Wrap.cs: ce0a23addf1a2b20f8676787382fe6da -> 63f465b9380555daafea25b4176adba5
  custom:scripting/monoscript/fileName/UnityEngine_RayWrap.cs: 1b2ced459e0f7fe10c0b5b9489be6f35 -> 0b84fbe6cabdb1173feb41e835ef3a40
  custom:scripting/monoscript/fileName/WrapPusher.cs: 3b3bd77f226a0f893aad8e7367a0f06b -> a7d84f614ae4cd3b956f9b8556cfd18e
  custom:scripting/monoscript/fileName/Tutorial_DerivedClassWrap.cs: a9f1f1a33e70d4aca6ed43632ef080bc -> 1a8da11bcfc26039296e071510ba3246
  custom:video-decoder-ogg-theora: a1e56fd34408186e4bbccfd4996cb3dc -> 
  custom:scripting/monoscript/fileName/XLuaTest_Foo2ChildWrap.cs: f25917eb49d7296a35740a2c6a4d40ec -> 30fab5c82eb5f5ffb38a0a6d668c1895
  custom:framework-win-MediaFoundation: 216162199b28c13a410421893ffa2e32 -> 
  custom:scripting/monoscript/fileName/UnityEngine_TimeWrap.cs: 582bbe1acbebc99abd038879d2ce291a -> 5e744018ad83dc4e6b5341356b280ff7
  custom:scripting/monoscript/fileName/UnityEngine_AnimationClipWrap.cs: 35e9dbce44e2400ca249a1b04e238032 -> 77a92debc688d37d0c76ed29e7849dc6
  custom:scripting/monoscript/fileName/UnityEngine_MonoBehaviourWrap.cs: ab88a4de07d1ed4d6902d46f78a9c2a5 -> 04d351bf9d6db68acd2847f2651b2d6b
  custom:scripting/monoscript/fileName/UnityEngine_MathfWrap.cs: b8423f29ae782d824fe5861eb133fe99 -> 333033f071a58c53b030860e1dc36f4e
  custom:scripting/monoscript/fileName/XLuaTest_Foo1ChildWrap.cs: 4e50b7c1fc1d91200bd6d308925718b7 -> 1c5e3d8cdf39c119ce22e5be32eae9dd
  custom:scripting/monoscript/fileName/UnityEngine_ResourcesWrap.cs: 7881eec03c10cac6aed4968059672b77 -> 698ab99237a4262ce7f88356cded464a
  custom:CustomObjectIndexerAttribute: 9a22284fe3817be447336de3de66b15e -> 
  custom:scripting/monoscript/fileName/EnumWrap.cs: e1678317fb40b1504377930932a65f00 -> 71aaf938165cbdbb0ac6c90ffee86023
  custom:container-demuxer-webm: 4f35f7cbe854078d1ac9338744f61a02 -> 
  custom:scripting/monoscript/fileName/UnityEngine_ParticleSystemWrap.cs: ea70451eecfa9db0287288ead2570a87 -> eee33c4ac5a2b762ef5a90683fe90f0f
  custom:scripting/monoscript/fileName/XLuaTest_BaseTestWrap.cs: 07e45de8fa2ee7650261714b0c2efcd8 -> 4f21680da7e23ca573808ca54815d505
  custom:scripting/monoscript/fileName/UnityEngine_BoundsWrap.cs: 0ac99f7c45b4a0aef916e0e5b49238c9 -> 3dd26eeb95bac2de8ce2da585d995261
  custom:scripting/monoscript/fileName/PackUnpack.cs: 7bf1a1e4b9a6d19c982a86f574107fe4 -> 273cbe68a303e04c83210a0d1b0dbfc8
  custom:scripting/monoscript/fileName/UnityEngine_KeyframeWrap.cs: 198c4d7f205e316a3726e83558840a1d -> f022c20884bfebd1cdba5d0a32b69287
  custom:scripting/monoscript/fileName/DelegatesGensBridge.cs: 14979ecd91d982a7d4b63ce8b241a2cb -> 9b33d1c344798966a03eb7d32474259e
  custom:container-muxer-webm: aa71ff27fc2769a1b78a27578f13a17b -> 
  custom:video-decoder-webm-vp8: 9c59270c3fd7afecdb556c50c9e8de78 -> 
  custom:scripting/monoscript/fileName/XLuaTest_FooWrap.cs: 94d50054e40ab48511cae7fb0b602c9b -> abbeeb9782209030752aecf7c8307085
  custom:scripting/monoscript/fileName/Tutorial_DerivedClassExtensionsWrap.cs: 8d3a8d18ccf52ef11958b45f9012fc25 -> e71c7199b289862c70f81cc97fad9cd1
  custom:scripting/monoscript/fileName/System_Collections_Generic_List_1_System_Int32_Wrap.cs: 17851e7c00326059ae0787338228160b -> 0d81f6d3ce2afe6f735fa61fb6f44318
  custom:scripting/monoscript/fileName/XLuaGenAutoRegister.cs: d853ef44aabfccb80e0b7c076b61770b -> f7d7a1bdecea0875c31215b468d1ea3c
  custom:SearchIndexIgnoredProperties: e643bd26f0fe6173181afceb89e7c659 -> 
  custom:scripting/monoscript/fileName/UnityEngine_ColorWrap.cs: bd8e985ef59408a673873236ce871e73 -> a2199b901d8d68ac06d36f834d48f0de
  custom:AudioImporter_EditorPlatform: d09bf68614088b80899f8185d706f6e7 -> 
  custom:scripting/monoscript/fileName/Tutorial_BaseClassWrap.cs: 0cb2af1d083b0b2c5e8cb36d24bfb39c -> 82bd31d966804ddf94755f42eec25c75
  custom:scripting/monoscript/fileName/UnityEngine_Ray2DWrap.cs: 0739f12fd5151febac857f4bf1dfbf4b -> 3948513cbdb210ff5fa49a4b2880e106
  custom:scripting/monoscript/fileName/UnityEngine_ComponentWrap.cs: e27295da2190ed2ebf55b5ac632d7f35 -> 3c3e0b9fedb2878f9f3fac771839136b
  custom:scripting/monoscript/fileName/System_ObjectWrap.cs: c4f7132fadbd7f5f459fdffb106ce8ad -> 9fb5e5ed9e38c23dad1e0232edf0373b
  custom:scripting/monoscript/fileName/XLuaTest_Foo1ParentWrap.cs: 4d06c6c313846bbd2659cf013bd8c081 -> bc3faaa30d66f1a9334279476c37b2a8
  custom:scripting/monoscript/fileName/XLuaTest_FooExtensionWrap.cs: 0cf66dd4ab170a1f2008f8b97f4f2106 -> 778d9d5cc8332e1d0739618b88aa2bb9
  custom:scripting/monoscript/fileName/UnityEngine_QuaternionWrap.cs: d7776a0aea79cbcec5ba2c36565a1173 -> 2be38f3d0f8715c9babd38533b7cc2f6
  custom:scripting/monoscript/fileName/UnityEngine_AnimationCurveWrap.cs: f2332648b2113d579022f7ac44ddf1a2 -> a1b4a7dab75f49fff03082ff025e4e5e
  custom:scripting/monoscript/fileName/XLuaTest_IExchangerBridge.cs: dbb2be54f36a2496a4425e7ceb90b9b9 -> a1b04ba231b7210d75c48779fb061387
  custom:scripting/monoscript/fileName/UnityEngine_LightWrap.cs: d3e76313bbab2d6f78618d0a96177993 -> afdccdb78964e15816bd84ff574e1d72
  custom:scripting/monoscript/fileName/System_Collections_IEnumeratorBridge.cs: e58d0dcf0aa39125fd572da9408c5a63 -> a6b8b2b6997973169c6bebc4e00197c3
  custom:video-encoder-webm-vp8: eb34c28f22e8b96e1ab97ce403110664 -> 
  custom:scripting/monoscript/fileName/XLuaTest_Foo2ParentWrap.cs: 3cfc8bf6cad7ab5669e86f82da9efffc -> e55fdaf088679107b1602d0f4f018827
  custom:scripting/monoscript/fileName/Tutorial_CSCallLua_ItfDBridge.cs: d05148e45525d393370f3ca919d4cdc0 -> 4e0a8d0795850c18cf92cbc673dc6199
  custom:scripting/monoscript/fileName/UnityEngine_Vector2Wrap.cs: dfd1be4a9f736e54a226859ba85dbc30 -> d8bd11c5df83747314d76d2e1152a25a
  custom:audio-decoder-ogg-vorbis: bf7c407c2cedff20999df2af8eb42d56 -> 
  custom:scripting/monoscript/fileName/UnityEngine_GameObjectWrap.cs: c4cddad80b77cae4a3f64483d25e1457 -> 499beb086fe32ba82bd6b30d04f108ea
  custom:scripting/monoscript/fileName/XLuaTest_NoGcWrap.cs: 7c2153fc9ca9cd0a3cc8b2d8a5de2fcd -> b8ab725f3034c7583c772afc97e73cfe
  custom:scripting/monoscript/fileName/UnityEngine_DebugWrap.cs: a14c41c7fbd7dec62bec687de4c6fe27 -> 2a23054f13a8c643d838dbc57d787e1a
  custom:scripting/monoscript/fileName/UnityEngine_SkinnedMeshRendererWrap.cs: 9ad169117eb1ff375ebe298216e6901c -> e6c3bb62aa80867a3afe5dcbb6224761
  custom:scripting/monoscript/fileName/UnityEngine_TextAssetWrap.cs: a895654ec821ef871bab45f0bf4ab1bf -> 96eae3d139831963806db363328bfefe
  custom:scripting/monoscript/fileName/UnityEngine_TransformWrap.cs: 1ec7fdf0df78c54383c54d4890267885 -> 50d916bbc9cc3aa204547c1dbcf1b841
  custom:scripting/monoscript/fileName/UnityEngine_RendererWrap.cs: f2bb488dcafa31d4d1829db70de7e3de -> e28d66316639c5d4634a4f4176885c0f
  custom:audio-encoder-webm-vorbis: bf7c407c2cedff20999df2af8eb42d56 -> 
  custom:scripting/monoscript/fileName/XLuaTest_LuaBehaviourWrap.cs: eb21b90bdd58645712610184d1a6b02e -> 8a24807dde2ec4b5434d8876b84591df
  custom:scripting/monoscript/fileName/UnityEngine_Vector4Wrap.cs: 4736b1d9605ba5be814644e3bcc9e928 -> e876ed87f63c3dc401e686c851325f69
  custom:scripting/monoscript/fileName/XLuaTest_MyStructWrap.cs: 55519c14d8f95433c1b6e262daa1d322 -> bcfe0251bd793e1e64a466467ef9f39d
  custom:scripting/monoscript/fileName/UnityEngine_ObjectWrap.cs: acbfc6ebce3660b3cec600cb246312ee -> d239f04268fb712161f840d533347443
  custom:scripting/precompiled-assembly-types:Assembly-CSharp: 7f215f4b51c6a6c7c1fbe1effeda673d -> 6d2cbbca728bbcc514a1a97e862a8e21
  custom:scripting/monoscript/fileName/Tutorial_ICalcWrap.cs: 9802804745e09aa6d92fbca1a46de55a -> 03d02c9cf202af74271e6b9339f2aa97
========================================================================
Received Import Request.
  Time since last request: 227.533707 seconds.
  path: Assets/AB/LuaTxt/RolePanel.lua.txt
  artifactKey: Guid(94346a5c57d36104591a847c9ab4211b) Importer(815301076,1909f56bfc062723c751e8b465ee728b)
Start importing Assets/AB/LuaTxt/RolePanel.lua.txt using Guid(94346a5c57d36104591a847c9ab4211b) Importer(815301076,1909f56bfc062723c751e8b465ee728b) [PhysX] Initialized MultithreadedTaskDispatcher with 16 workers.
 -> (artifact id: '054048941a316cb8c418b45fe3f1dbac') in 0.015729 seconds
Number of updated asset objects reloaded before import = 0
Number of asset objects unloaded after import = 1
========================================================================
Received Prepare
Refreshing native plugins compatible for Editor in 6.40 ms, found 4 plugins.
Preloading 0 native plugins for Editor in 0.00 ms.
Unloading 3 Unused Serialized files (Serialized files now loaded: 0)
Unloading 4 unused Assets / (310.7 KB). Loaded Objects now: 4847.
Memory consumption went from 83.3 MB to 83.0 MB.
Total: 4.761100 ms (FindLiveObjects: 0.803500 ms CreateObjectMapping: 0.770100 ms MarkObjects: 3.054400 ms  DeleteObjects: 0.131800 ms)

Prepare: number of updated asset objects reloaded= 0
AssetImportParameters requested are different than current active one (requested -> active):
  custom:scripting/monoscript/fileName/XLuaTest_InvokeLua_ICalcBridge.cs: 30fde9c3feb0b30e098352b4dfeb9cae -> 39dbaec3aa6ccdef5b8e133e5c8d912d
  custom:scripting/monoscript/fileName/UnityEngine_BehaviourWrap.cs: 50be6300a89da29ca17ad67a2589a5ca -> 07f04650a03b829841e9fab9d7740454
  custom:scripting/monoscript/fileName/UnityEngine_WaitForSecondsWrap.cs: 14ce79597090ca49f32e5242d176e3e0 -> f924ebf1733d94f4d65590a1a94e6531
  custom:scripting/monoscript/fileName/XLuaTest_PeddingWrap.cs: 904ed3ab876976c36018836c17a5f7cd -> 87db0d803af8b6af633a98194cb11698
  custom:container-demuxer-ogg: 62fdf1f143b41e24485cea50d1cbac27 -> 
  custom:scripting/monoscript/fileName/UnityEngine_Vector3Wrap.cs: ce0a23addf1a2b20f8676787382fe6da -> 63f465b9380555daafea25b4176adba5
  custom:scripting/monoscript/fileName/UnityEngine_RayWrap.cs: 1b2ced459e0f7fe10c0b5b9489be6f35 -> 0b84fbe6cabdb1173feb41e835ef3a40
  custom:scripting/monoscript/fileName/WrapPusher.cs: 3b3bd77f226a0f893aad8e7367a0f06b -> a7d84f614ae4cd3b956f9b8556cfd18e
  custom:scripting/monoscript/fileName/Tutorial_DerivedClassWrap.cs: a9f1f1a33e70d4aca6ed43632ef080bc -> 1a8da11bcfc26039296e071510ba3246
  custom:video-decoder-ogg-theora: a1e56fd34408186e4bbccfd4996cb3dc -> 
  custom:scripting/monoscript/fileName/XLuaTest_Foo2ChildWrap.cs: f25917eb49d7296a35740a2c6a4d40ec -> 30fab5c82eb5f5ffb38a0a6d668c1895
  custom:framework-win-MediaFoundation: 216162199b28c13a410421893ffa2e32 -> 
  custom:scripting/monoscript/fileName/UnityEngine_TimeWrap.cs: 582bbe1acbebc99abd038879d2ce291a -> 5e744018ad83dc4e6b5341356b280ff7
  custom:scripting/monoscript/fileName/UnityEngine_AnimationClipWrap.cs: 35e9dbce44e2400ca249a1b04e238032 -> 77a92debc688d37d0c76ed29e7849dc6
  custom:scripting/monoscript/fileName/UnityEngine_MonoBehaviourWrap.cs: ab88a4de07d1ed4d6902d46f78a9c2a5 -> 04d351bf9d6db68acd2847f2651b2d6b
  custom:scripting/monoscript/fileName/UnityEngine_MathfWrap.cs: b8423f29ae782d824fe5861eb133fe99 -> 333033f071a58c53b030860e1dc36f4e
  custom:scripting/monoscript/fileName/XLuaTest_Foo1ChildWrap.cs: 4e50b7c1fc1d91200bd6d308925718b7 -> 1c5e3d8cdf39c119ce22e5be32eae9dd
  custom:scripting/monoscript/fileName/UnityEngine_ResourcesWrap.cs: 7881eec03c10cac6aed4968059672b77 -> 698ab99237a4262ce7f88356cded464a
  custom:CustomObjectIndexerAttribute: 9a22284fe3817be447336de3de66b15e -> 
  custom:scripting/monoscript/fileName/EnumWrap.cs: e1678317fb40b1504377930932a65f00 -> 71aaf938165cbdbb0ac6c90ffee86023
  custom:container-demuxer-webm: 4f35f7cbe854078d1ac9338744f61a02 -> 
  custom:scripting/monoscript/fileName/UnityEngine_ParticleSystemWrap.cs: ea70451eecfa9db0287288ead2570a87 -> eee33c4ac5a2b762ef5a90683fe90f0f
  custom:scripting/monoscript/fileName/XLuaTest_BaseTestWrap.cs: 07e45de8fa2ee7650261714b0c2efcd8 -> 4f21680da7e23ca573808ca54815d505
  custom:scripting/monoscript/fileName/UnityEngine_BoundsWrap.cs: 0ac99f7c45b4a0aef916e0e5b49238c9 -> 3dd26eeb95bac2de8ce2da585d995261
  custom:scripting/monoscript/fileName/PackUnpack.cs: 7bf1a1e4b9a6d19c982a86f574107fe4 -> 273cbe68a303e04c83210a0d1b0dbfc8
  custom:scripting/monoscript/fileName/UnityEngine_KeyframeWrap.cs: 198c4d7f205e316a3726e83558840a1d -> f022c20884bfebd1cdba5d0a32b69287
  custom:scripting/monoscript/fileName/DelegatesGensBridge.cs: 14979ecd91d982a7d4b63ce8b241a2cb -> 9b33d1c344798966a03eb7d32474259e
  custom:container-muxer-webm: aa71ff27fc2769a1b78a27578f13a17b -> 
  custom:video-decoder-webm-vp8: 9c59270c3fd7afecdb556c50c9e8de78 -> 
  custom:scripting/monoscript/fileName/XLuaTest_FooWrap.cs: 94d50054e40ab48511cae7fb0b602c9b -> abbeeb9782209030752aecf7c8307085
  custom:scripting/monoscript/fileName/Tutorial_DerivedClassExtensionsWrap.cs: 8d3a8d18ccf52ef11958b45f9012fc25 -> e71c7199b289862c70f81cc97fad9cd1
  custom:scripting/monoscript/fileName/System_Collections_Generic_List_1_System_Int32_Wrap.cs: 17851e7c00326059ae0787338228160b -> 0d81f6d3ce2afe6f735fa61fb6f44318
  custom:scripting/monoscript/fileName/XLuaGenAutoRegister.cs: d853ef44aabfccb80e0b7c076b61770b -> f7d7a1bdecea0875c31215b468d1ea3c
  custom:SearchIndexIgnoredProperties: e643bd26f0fe6173181afceb89e7c659 -> 
  custom:scripting/monoscript/fileName/UnityEngine_ColorWrap.cs: bd8e985ef59408a673873236ce871e73 -> a2199b901d8d68ac06d36f834d48f0de
  custom:AudioImporter_EditorPlatform: d09bf68614088b80899f8185d706f6e7 -> 
  custom:scripting/monoscript/fileName/Tutorial_BaseClassWrap.cs: 0cb2af1d083b0b2c5e8cb36d24bfb39c -> 82bd31d966804ddf94755f42eec25c75
  custom:scripting/monoscript/fileName/UnityEngine_Ray2DWrap.cs: 0739f12fd5151febac857f4bf1dfbf4b -> 3948513cbdb210ff5fa49a4b2880e106
  custom:scripting/monoscript/fileName/UnityEngine_ComponentWrap.cs: e27295da2190ed2ebf55b5ac632d7f35 -> 3c3e0b9fedb2878f9f3fac771839136b
  custom:scripting/monoscript/fileName/System_ObjectWrap.cs: c4f7132fadbd7f5f459fdffb106ce8ad -> 9fb5e5ed9e38c23dad1e0232edf0373b
  custom:scripting/monoscript/fileName/XLuaTest_Foo1ParentWrap.cs: 4d06c6c313846bbd2659cf013bd8c081 -> bc3faaa30d66f1a9334279476c37b2a8
  custom:scripting/monoscript/fileName/XLuaTest_FooExtensionWrap.cs: 0cf66dd4ab170a1f2008f8b97f4f2106 -> 778d9d5cc8332e1d0739618b88aa2bb9
  custom:scripting/monoscript/fileName/UnityEngine_QuaternionWrap.cs: d7776a0aea79cbcec5ba2c36565a1173 -> 2be38f3d0f8715c9babd38533b7cc2f6
  custom:scripting/monoscript/fileName/UnityEngine_AnimationCurveWrap.cs: f2332648b2113d579022f7ac44ddf1a2 -> a1b4a7dab75f49fff03082ff025e4e5e
  custom:scripting/monoscript/fileName/XLuaTest_IExchangerBridge.cs: dbb2be54f36a2496a4425e7ceb90b9b9 -> a1b04ba231b7210d75c48779fb061387
  custom:scripting/monoscript/fileName/UnityEngine_LightWrap.cs: d3e76313bbab2d6f78618d0a96177993 -> afdccdb78964e15816bd84ff574e1d72
  custom:scripting/monoscript/fileName/System_Collections_IEnumeratorBridge.cs: e58d0dcf0aa39125fd572da9408c5a63 -> a6b8b2b6997973169c6bebc4e00197c3
  custom:video-encoder-webm-vp8: eb34c28f22e8b96e1ab97ce403110664 -> 
  custom:scripting/monoscript/fileName/XLuaTest_Foo2ParentWrap.cs: 3cfc8bf6cad7ab5669e86f82da9efffc -> e55fdaf088679107b1602d0f4f018827
  custom:scripting/monoscript/fileName/Tutorial_CSCallLua_ItfDBridge.cs: d05148e45525d393370f3ca919d4cdc0 -> 4e0a8d0795850c18cf92cbc673dc6199
  custom:scripting/monoscript/fileName/UnityEngine_Vector2Wrap.cs: dfd1be4a9f736e54a226859ba85dbc30 -> d8bd11c5df83747314d76d2e1152a25a
  custom:audio-decoder-ogg-vorbis: bf7c407c2cedff20999df2af8eb42d56 -> 
  custom:scripting/monoscript/fileName/UnityEngine_GameObjectWrap.cs: c4cddad80b77cae4a3f64483d25e1457 -> 499beb086fe32ba82bd6b30d04f108ea
  custom:scripting/monoscript/fileName/XLuaTest_NoGcWrap.cs: 7c2153fc9ca9cd0a3cc8b2d8a5de2fcd -> b8ab725f3034c7583c772afc97e73cfe
  custom:scripting/monoscript/fileName/UnityEngine_DebugWrap.cs: a14c41c7fbd7dec62bec687de4c6fe27 -> 2a23054f13a8c643d838dbc57d787e1a
  custom:scripting/monoscript/fileName/UnityEngine_SkinnedMeshRendererWrap.cs: 9ad169117eb1ff375ebe298216e6901c -> e6c3bb62aa80867a3afe5dcbb6224761
  custom:scripting/monoscript/fileName/UnityEngine_TextAssetWrap.cs: a895654ec821ef871bab45f0bf4ab1bf -> 96eae3d139831963806db363328bfefe
  custom:scripting/monoscript/fileName/UnityEngine_TransformWrap.cs: 1ec7fdf0df78c54383c54d4890267885 -> 50d916bbc9cc3aa204547c1dbcf1b841
  custom:scripting/monoscript/fileName/UnityEngine_RendererWrap.cs: f2bb488dcafa31d4d1829db70de7e3de -> e28d66316639c5d4634a4f4176885c0f
  custom:audio-encoder-webm-vorbis: bf7c407c2cedff20999df2af8eb42d56 -> 
  custom:scripting/monoscript/fileName/XLuaTest_LuaBehaviourWrap.cs: eb21b90bdd58645712610184d1a6b02e -> 8a24807dde2ec4b5434d8876b84591df
  custom:scripting/monoscript/fileName/UnityEngine_Vector4Wrap.cs: 4736b1d9605ba5be814644e3bcc9e928 -> e876ed87f63c3dc401e686c851325f69
  custom:scripting/monoscript/fileName/XLuaTest_MyStructWrap.cs: 55519c14d8f95433c1b6e262daa1d322 -> bcfe0251bd793e1e64a466467ef9f39d
  custom:scripting/monoscript/fileName/UnityEngine_ObjectWrap.cs: acbfc6ebce3660b3cec600cb246312ee -> d239f04268fb712161f840d533347443
  custom:scripting/precompiled-assembly-types:Assembly-CSharp: 7f215f4b51c6a6c7c1fbe1effeda673d -> 6d2cbbca728bbcc514a1a97e862a8e21
  custom:scripting/monoscript/fileName/Tutorial_ICalcWrap.cs: 9802804745e09aa6d92fbca1a46de55a -> 03d02c9cf202af74271e6b9339f2aa97
========================================================================
Received Prepare
Caller must complete domain reload
Begin MonoManager ReloadAssembly
- Loaded All Assemblies, in  0.573 seconds
Native extension for WindowsStandalone target not found
Mono: successfully reloaded assembly
- Finished resetting the current domain, in  1.280 seconds
Domain Reload Profiling: 1850ms
	BeginReloadAssembly (183ms)
		ExecutionOrderSort (0ms)
		DisableScriptedObjects (4ms)
		BackupInstance (0ms)
		ReleaseScriptingObjects (0ms)
		CreateAndSetChildDomain (38ms)
	RebuildCommonClasses (36ms)
	RebuildNativeTypeToScriptingClass (12ms)
	initialDomainReloadingComplete (35ms)
	LoadAllAssembliesAndSetupDomain (304ms)
		LoadAssemblies (374ms)
		RebuildTransferFunctionScriptingTraits (0ms)
		AnalyzeDomain (36ms)
			TypeCache.Refresh (27ms)
				TypeCache.ScanAssembly (0ms)
			ScanForSourceGeneratedMonoScriptInfo (0ms)
			ResolveRequiredComponents (7ms)
	FinalizeReload (1281ms)
		ReleaseScriptCaches (0ms)
		RebuildScriptCaches (0ms)
		SetupLoadedEditorAssemblies (586ms)
			LogAssemblyErrors (0ms)
			InitializePlatformSupportModulesInManaged (5ms)
			SetLoadedEditorAssemblies (3ms)
			RefreshPlugins (0ms)
			BeforeProcessingInitializeOnLoad (76ms)
			ProcessInitializeOnLoadAttributes (411ms)
			ProcessInitializeOnLoadMethodAttributes (83ms)
			AfterProcessingInitializeOnLoad (8ms)
			EditorAssembliesLoaded (0ms)
		ExecutionOrderSort2 (0ms)
		AwakeInstancesAfterBackupRestoration (8ms)
Refreshing native plugins compatible for Editor in 10.02 ms, found 4 plugins.
Preloading 0 native plugins for Editor in 0.00 ms.
Unloading 4311 Unused Serialized files (Serialized files now loaded: 0)
Unloading 17 unused Assets / (331.7 KB). Loaded Objects now: 4850.
Memory consumption went from 150.6 MB to 150.2 MB.
Total: 6.242200 ms (FindLiveObjects: 1.363900 ms CreateObjectMapping: 1.139800 ms MarkObjects: 3.598500 ms  DeleteObjects: 0.138500 ms)

Prepare: number of updated asset objects reloaded= 0
AssetImportParameters requested are different than current active one (requested -> active):
  custom:scripting/monoscript/fileName/XLuaTest_InvokeLua_ICalcBridge.cs: 30fde9c3feb0b30e098352b4dfeb9cae -> 39dbaec3aa6ccdef5b8e133e5c8d912d
  custom:scripting/monoscript/fileName/UnityEngine_BehaviourWrap.cs: 50be6300a89da29ca17ad67a2589a5ca -> 07f04650a03b829841e9fab9d7740454
  custom:scripting/monoscript/fileName/UnityEngine_WaitForSecondsWrap.cs: 14ce79597090ca49f32e5242d176e3e0 -> f924ebf1733d94f4d65590a1a94e6531
  custom:scripting/monoscript/fileName/XLuaTest_PeddingWrap.cs: 904ed3ab876976c36018836c17a5f7cd -> 87db0d803af8b6af633a98194cb11698
  custom:container-demuxer-ogg: 62fdf1f143b41e24485cea50d1cbac27 -> 
  custom:scripting/monoscript/fileName/UnityEngine_Vector3Wrap.cs: ce0a23addf1a2b20f8676787382fe6da -> 63f465b9380555daafea25b4176adba5
  custom:scripting/monoscript/fileName/UnityEngine_RayWrap.cs: 1b2ced459e0f7fe10c0b5b9489be6f35 -> 0b84fbe6cabdb1173feb41e835ef3a40
  custom:scripting/monoscript/fileName/WrapPusher.cs: 3b3bd77f226a0f893aad8e7367a0f06b -> a7d84f614ae4cd3b956f9b8556cfd18e
  custom:scripting/monoscript/fileName/Tutorial_DerivedClassWrap.cs: a9f1f1a33e70d4aca6ed43632ef080bc -> 1a8da11bcfc26039296e071510ba3246
  custom:video-decoder-ogg-theora: a1e56fd34408186e4bbccfd4996cb3dc -> 
  custom:scripting/monoscript/fileName/XLuaTest_Foo2ChildWrap.cs: f25917eb49d7296a35740a2c6a4d40ec -> 30fab5c82eb5f5ffb38a0a6d668c1895
  custom:framework-win-MediaFoundation: 216162199b28c13a410421893ffa2e32 -> 
  custom:scripting/monoscript/fileName/UnityEngine_TimeWrap.cs: 582bbe1acbebc99abd038879d2ce291a -> 5e744018ad83dc4e6b5341356b280ff7
  custom:scripting/monoscript/fileName/UnityEngine_AnimationClipWrap.cs: 35e9dbce44e2400ca249a1b04e238032 -> 77a92debc688d37d0c76ed29e7849dc6
  custom:scripting/monoscript/fileName/UnityEngine_MonoBehaviourWrap.cs: ab88a4de07d1ed4d6902d46f78a9c2a5 -> 04d351bf9d6db68acd2847f2651b2d6b
  custom:scripting/monoscript/fileName/UnityEngine_MathfWrap.cs: b8423f29ae782d824fe5861eb133fe99 -> 333033f071a58c53b030860e1dc36f4e
  custom:scripting/monoscript/fileName/XLuaTest_Foo1ChildWrap.cs: 4e50b7c1fc1d91200bd6d308925718b7 -> 1c5e3d8cdf39c119ce22e5be32eae9dd
  custom:scripting/monoscript/fileName/UnityEngine_ResourcesWrap.cs: 7881eec03c10cac6aed4968059672b77 -> 698ab99237a4262ce7f88356cded464a
  custom:CustomObjectIndexerAttribute: 9a22284fe3817be447336de3de66b15e -> 
  custom:scripting/monoscript/fileName/EnumWrap.cs: e1678317fb40b1504377930932a65f00 -> 71aaf938165cbdbb0ac6c90ffee86023
  custom:container-demuxer-webm: 4f35f7cbe854078d1ac9338744f61a02 -> 
  custom:scripting/monoscript/fileName/UnityEngine_ParticleSystemWrap.cs: ea70451eecfa9db0287288ead2570a87 -> eee33c4ac5a2b762ef5a90683fe90f0f
  custom:scripting/monoscript/fileName/XLuaTest_BaseTestWrap.cs: 07e45de8fa2ee7650261714b0c2efcd8 -> 4f21680da7e23ca573808ca54815d505
  custom:scripting/monoscript/fileName/UnityEngine_BoundsWrap.cs: 0ac99f7c45b4a0aef916e0e5b49238c9 -> 3dd26eeb95bac2de8ce2da585d995261
  custom:scripting/monoscript/fileName/PackUnpack.cs: 7bf1a1e4b9a6d19c982a86f574107fe4 -> 273cbe68a303e04c83210a0d1b0dbfc8
  custom:scripting/monoscript/fileName/UnityEngine_KeyframeWrap.cs: 198c4d7f205e316a3726e83558840a1d -> f022c20884bfebd1cdba5d0a32b69287
  custom:scripting/monoscript/fileName/DelegatesGensBridge.cs: 14979ecd91d982a7d4b63ce8b241a2cb -> 9b33d1c344798966a03eb7d32474259e
  custom:container-muxer-webm: aa71ff27fc2769a1b78a27578f13a17b -> 
  custom:video-decoder-webm-vp8: 9c59270c3fd7afecdb556c50c9e8de78 -> 
  custom:scripting/monoscript/fileName/XLuaTest_FooWrap.cs: 94d50054e40ab48511cae7fb0b602c9b -> abbeeb9782209030752aecf7c8307085
  custom:scripting/monoscript/fileName/Tutorial_DerivedClassExtensionsWrap.cs: 8d3a8d18ccf52ef11958b45f9012fc25 -> e71c7199b289862c70f81cc97fad9cd1
  custom:scripting/monoscript/fileName/System_Collections_Generic_List_1_System_Int32_Wrap.cs: 17851e7c00326059ae0787338228160b -> 0d81f6d3ce2afe6f735fa61fb6f44318
  custom:scripting/monoscript/fileName/XLuaGenAutoRegister.cs: d853ef44aabfccb80e0b7c076b61770b -> f7d7a1bdecea0875c31215b468d1ea3c
  custom:SearchIndexIgnoredProperties: e643bd26f0fe6173181afceb89e7c659 -> 
  custom:scripting/monoscript/fileName/UnityEngine_ColorWrap.cs: bd8e985ef59408a673873236ce871e73 -> a2199b901d8d68ac06d36f834d48f0de
  custom:AudioImporter_EditorPlatform: d09bf68614088b80899f8185d706f6e7 -> 
  custom:scripting/monoscript/fileName/Tutorial_BaseClassWrap.cs: 0cb2af1d083b0b2c5e8cb36d24bfb39c -> 82bd31d966804ddf94755f42eec25c75
  custom:scripting/monoscript/fileName/UnityEngine_Ray2DWrap.cs: 0739f12fd5151febac857f4bf1dfbf4b -> 3948513cbdb210ff5fa49a4b2880e106
  custom:scripting/monoscript/fileName/UnityEngine_ComponentWrap.cs: e27295da2190ed2ebf55b5ac632d7f35 -> 3c3e0b9fedb2878f9f3fac771839136b
  custom:scripting/monoscript/fileName/System_ObjectWrap.cs: c4f7132fadbd7f5f459fdffb106ce8ad -> 9fb5e5ed9e38c23dad1e0232edf0373b
  custom:scripting/monoscript/fileName/XLuaTest_Foo1ParentWrap.cs: 4d06c6c313846bbd2659cf013bd8c081 -> bc3faaa30d66f1a9334279476c37b2a8
  custom:scripting/monoscript/fileName/XLuaTest_FooExtensionWrap.cs: 0cf66dd4ab170a1f2008f8b97f4f2106 -> 778d9d5cc8332e1d0739618b88aa2bb9
  custom:scripting/monoscript/fileName/UnityEngine_QuaternionWrap.cs: d7776a0aea79cbcec5ba2c36565a1173 -> 2be38f3d0f8715c9babd38533b7cc2f6
  custom:scripting/monoscript/fileName/UnityEngine_AnimationCurveWrap.cs: f2332648b2113d579022f7ac44ddf1a2 -> a1b4a7dab75f49fff03082ff025e4e5e
  custom:scripting/monoscript/fileName/XLuaTest_IExchangerBridge.cs: dbb2be54f36a2496a4425e7ceb90b9b9 -> a1b04ba231b7210d75c48779fb061387
  custom:scripting/monoscript/fileName/UnityEngine_LightWrap.cs: d3e76313bbab2d6f78618d0a96177993 -> afdccdb78964e15816bd84ff574e1d72
  custom:scripting/monoscript/fileName/System_Collections_IEnumeratorBridge.cs: e58d0dcf0aa39125fd572da9408c5a63 -> a6b8b2b6997973169c6bebc4e00197c3
  custom:video-encoder-webm-vp8: eb34c28f22e8b96e1ab97ce403110664 -> 
  custom:scripting/monoscript/fileName/XLuaTest_Foo2ParentWrap.cs: 3cfc8bf6cad7ab5669e86f82da9efffc -> e55fdaf088679107b1602d0f4f018827
  custom:scripting/monoscript/fileName/Tutorial_CSCallLua_ItfDBridge.cs: d05148e45525d393370f3ca919d4cdc0 -> 4e0a8d0795850c18cf92cbc673dc6199
  custom:scripting/monoscript/fileName/UnityEngine_Vector2Wrap.cs: dfd1be4a9f736e54a226859ba85dbc30 -> d8bd11c5df83747314d76d2e1152a25a
  custom:audio-decoder-ogg-vorbis: bf7c407c2cedff20999df2af8eb42d56 -> 
  custom:scripting/monoscript/fileName/UnityEngine_GameObjectWrap.cs: c4cddad80b77cae4a3f64483d25e1457 -> 499beb086fe32ba82bd6b30d04f108ea
  custom:scripting/monoscript/fileName/XLuaTest_NoGcWrap.cs: 7c2153fc9ca9cd0a3cc8b2d8a5de2fcd -> b8ab725f3034c7583c772afc97e73cfe
  custom:scripting/monoscript/fileName/UnityEngine_DebugWrap.cs: a14c41c7fbd7dec62bec687de4c6fe27 -> 2a23054f13a8c643d838dbc57d787e1a
  custom:scripting/monoscript/fileName/UnityEngine_SkinnedMeshRendererWrap.cs: 9ad169117eb1ff375ebe298216e6901c -> e6c3bb62aa80867a3afe5dcbb6224761
  custom:scripting/monoscript/fileName/UnityEngine_TextAssetWrap.cs: a895654ec821ef871bab45f0bf4ab1bf -> 96eae3d139831963806db363328bfefe
  custom:scripting/monoscript/fileName/UnityEngine_TransformWrap.cs: 1ec7fdf0df78c54383c54d4890267885 -> 50d916bbc9cc3aa204547c1dbcf1b841
  custom:scripting/monoscript/fileName/UnityEngine_RendererWrap.cs: f2bb488dcafa31d4d1829db70de7e3de -> e28d66316639c5d4634a4f4176885c0f
  custom:audio-encoder-webm-vorbis: bf7c407c2cedff20999df2af8eb42d56 -> 
  custom:scripting/monoscript/fileName/XLuaTest_LuaBehaviourWrap.cs: eb21b90bdd58645712610184d1a6b02e -> 8a24807dde2ec4b5434d8876b84591df
  custom:scripting/monoscript/fileName/UnityEngine_Vector4Wrap.cs: 4736b1d9605ba5be814644e3bcc9e928 -> e876ed87f63c3dc401e686c851325f69
  custom:scripting/monoscript/fileName/XLuaTest_MyStructWrap.cs: 55519c14d8f95433c1b6e262daa1d322 -> bcfe0251bd793e1e64a466467ef9f39d
  custom:scripting/monoscript/fileName/UnityEngine_ObjectWrap.cs: acbfc6ebce3660b3cec600cb246312ee -> d239f04268fb712161f840d533347443
  custom:scripting/precompiled-assembly-types:Assembly-CSharp: 7f215f4b51c6a6c7c1fbe1effeda673d -> 6d2cbbca728bbcc514a1a97e862a8e21
  custom:scripting/monoscript/fileName/Tutorial_ICalcWrap.cs: 9802804745e09aa6d92fbca1a46de55a -> 03d02c9cf202af74271e6b9339f2aa97
========================================================================
Received Prepare
Caller must complete domain reload
Begin MonoManager ReloadAssembly
- Loaded All Assemblies, in  0.593 seconds
Native extension for WindowsStandalone target not found
Mono: successfully reloaded assembly
- Finished resetting the current domain, in  1.394 seconds
Domain Reload Profiling: 1984ms
	BeginReloadAssembly (181ms)
		ExecutionOrderSort (0ms)
		DisableScriptedObjects (4ms)
		BackupInstance (0ms)
		ReleaseScriptingObjects (0ms)
		CreateAndSetChildDomain (36ms)
	RebuildCommonClasses (36ms)
	RebuildNativeTypeToScriptingClass (10ms)
	initialDomainReloadingComplete (31ms)
	LoadAllAssembliesAndSetupDomain (331ms)
		LoadAssemblies (379ms)
		RebuildTransferFunctionScriptingTraits (0ms)
		AnalyzeDomain (62ms)
			TypeCache.Refresh (20ms)
				TypeCache.ScanAssembly (6ms)
			ScanForSourceGeneratedMonoScriptInfo (28ms)
			ResolveRequiredComponents (11ms)
	FinalizeReload (1395ms)
		ReleaseScriptCaches (0ms)
		RebuildScriptCaches (0ms)
		SetupLoadedEditorAssemblies (627ms)
			LogAssemblyErrors (0ms)
			InitializePlatformSupportModulesInManaged (10ms)
			SetLoadedEditorAssemblies (5ms)
			RefreshPlugins (0ms)
			BeforeProcessingInitializeOnLoad (101ms)
			ProcessInitializeOnLoadAttributes (434ms)
			ProcessInitializeOnLoadMethodAttributes (68ms)
			AfterProcessingInitializeOnLoad (8ms)
			EditorAssembliesLoaded (0ms)
		ExecutionOrderSort2 (0ms)
		AwakeInstancesAfterBackupRestoration (7ms)
Refreshing native plugins compatible for Editor in 7.92 ms, found 4 plugins.
Preloading 0 native plugins for Editor in 0.00 ms.
Unloading 4311 Unused Serialized files (Serialized files now loaded: 0)
Unloading 17 unused Assets / (331.7 KB). Loaded Objects now: 4853.
Memory consumption went from 150.6 MB to 150.3 MB.
Total: 2.909200 ms (FindLiveObjects: 0.319100 ms CreateObjectMapping: 0.260500 ms MarkObjects: 2.207600 ms  DeleteObjects: 0.121100 ms)

Prepare: number of updated asset objects reloaded= 0
AssetImportParameters requested are different than current active one (requested -> active):
  custom:scripting/monoscript/fileName/AsyncTest.cs: ba7b296f91a53eb12a2f973e4bfe6187 -> 76ce712e1c4d409aac5fa695d71d244a
  custom:scripting/monoscript/fileName/XLuaTest_InvokeLua_ICalcBridge.cs: 30fde9c3feb0b30e098352b4dfeb9cae -> 39dbaec3aa6ccdef5b8e133e5c8d912d
  custom:scripting/monoscript/fileName/UnityEngine_BehaviourWrap.cs: 50be6300a89da29ca17ad67a2589a5ca -> 07f04650a03b829841e9fab9d7740454
  custom:scripting/monoscript/fileName/CoroutineTest.cs: 8ff63a150c08cc9bc1500a6e3305dabe -> b55b07dbd7b0751be4b88111c51a8597
  custom:scripting/monoscript/fileName/UnityEngine_WaitForSecondsWrap.cs: 14ce79597090ca49f32e5242d176e3e0 -> f924ebf1733d94f4d65590a1a94e6531
  custom:scripting/monoscript/fileName/XLuaTest_PeddingWrap.cs: 904ed3ab876976c36018836c17a5f7cd -> 87db0d803af8b6af633a98194cb11698
  custom:scripting/monoscript/fileName/LuaBehaviour.cs: c26b3945b1b2533a373318992b28370d -> 8501f2955baa2ae1e4b9dc9f246b814a
  custom:container-demuxer-ogg: 62fdf1f143b41e24485cea50d1cbac27 -> 
  custom:scripting/monoscript/fileName/ObjectTranslatorPool.cs: 0fcc88f1a2575820f34ed99efa865239 -> c088e49ccc65541c1471becee0155ecc
  custom:scripting/monoscript/fileName/ByFile.cs: 4175f9d405491cf5cd12d69fd7ad338b -> 6f3dfbef5ea17c4620534958e4e26f3b
  custom:scripting/monoscript/fileName/ObjectCasters.cs: 2e05dcad88217340e3469b49cb484a5e -> 0c1ed1f1cf3d518e5e522f4d874c21c2
  custom:scripting/monoscript/fileName/UnityEngine_Vector3Wrap.cs: ce0a23addf1a2b20f8676787382fe6da -> 63f465b9380555daafea25b4176adba5
  custom:scripting/monoscript/fileName/ReImplementInLua.cs: 95b77c9b6059158d95dc9a7ae2d1cdb1 -> ccd60d267132159582621b9635d9b5d9
  custom:scripting/monoscript/fileName/UnityEngine_RayWrap.cs: 1b2ced459e0f7fe10c0b5b9489be6f35 -> 0b84fbe6cabdb1173feb41e835ef3a40
  custom:scripting/monoscript/fileName/HotfixTest.cs: 1c02fcc866280314c2a4f14c6d154faa -> 3960e9f9315d94bf0223f379bfbd4a4a
  custom:scripting/monoscript/fileName/WrapPusher.cs: 3b3bd77f226a0f893aad8e7367a0f06b -> a7d84f614ae4cd3b956f9b8556cfd18e
  custom:scripting/monoscript/fileName/RawObject.cs: b7277126f2de8ab75c184e0ffceaa264 -> e4d66a2fce5b764d8103d4567ed38606
  custom:scripting/monoscript/fileName/Tutorial_DerivedClassWrap.cs: a9f1f1a33e70d4aca6ed43632ef080bc -> 1a8da11bcfc26039296e071510ba3246
  custom:video-decoder-ogg-theora: a1e56fd34408186e4bbccfd4996cb3dc -> 
  custom:scripting/monoscript/fileName/LuaTable.cs: 831d394b03ebb276485eae65adc1ccd5 -> afc244f7b5f5d0300b37ddf3297901ec
  custom:scripting/monoscript/fileName/XLuaTest_Foo2ChildWrap.cs: f25917eb49d7296a35740a2c6a4d40ec -> 30fab5c82eb5f5ffb38a0a6d668c1895
  custom:framework-win-MediaFoundation: 216162199b28c13a410421893ffa2e32 -> 
  custom:scripting/monoscript/fileName/UnityEngine_TimeWrap.cs: 582bbe1acbebc99abd038879d2ce291a -> 5e744018ad83dc4e6b5341356b280ff7
  custom:scripting/monoscript/fileName/ObjectTranslator.cs: 3684f948a56ed5cf93b0514e484d3f48 -> dd3d0b582d45a9b753aab5e6237efeb3
  custom:scripting/monoscript/fileName/UnityEngine_AnimationClipWrap.cs: 35e9dbce44e2400ca249a1b04e238032 -> 77a92debc688d37d0c76ed29e7849dc6
  custom:scripting/monoscript/fileName/UnityEngine_MonoBehaviourWrap.cs: ab88a4de07d1ed4d6902d46f78a9c2a5 -> 04d351bf9d6db68acd2847f2651b2d6b
  custom:scripting/monoscript/fileName/UnityEngine_MathfWrap.cs: b8423f29ae782d824fe5861eb133fe99 -> 333033f071a58c53b030860e1dc36f4e
  custom:scripting/monoscript/fileName/Helloworld.cs: 0111736be64650c2c199ab4f2d2240c1 -> 5df6067a12a0276271ef7e4b2f46b98d
  custom:scripting/monoscript/fileName/HotfixTest2.cs: 8e85738438913476ef9e5c92cd26daad -> e6fb5855d637d49dacea7216888e03f7
  custom:scripting/monoscript/fileName/LinkXmlGen.cs: 91d69328c4b5d0ada19c3766b1b6ad15 -> f26ca07c1d6ecd8bde6b48a50ed6d393
  custom:scripting/monoscript/fileName/XLuaTest_Foo1ChildWrap.cs: 4e50b7c1fc1d91200bd6d308925718b7 -> 1c5e3d8cdf39c119ce22e5be32eae9dd
  custom:scripting/monoscript/fileName/LuaDLL.cs: a461d359c0f868ea297a4d0e0fa0810d -> 61e98a188b5f49dbf1a755838a97959a
  custom:scripting/monoscript/fileName/GenAttributes.cs: eecd24d8570c09b2ce8b7a7a7f2d3d12 -> d46b0cff88dfb044f17f4aed96768af1
  custom:scripting/monoscript/fileName/UnityEngine_ResourcesWrap.cs: 7881eec03c10cac6aed4968059672b77 -> 698ab99237a4262ce7f88356cded464a
  custom:scripting/monoscript/fileName/ExampleConfig.cs: 01010b4aed93329e34ab2c68a0d8c398 -> 96766ead2b0a0269b4571117ad9e65bc
  custom:scripting/monoscript/fileName/CSCallLua.cs: e37f012e62a4c619428574814b983ced -> 9d2ef4b275968bd22a483233fb8b554e
  custom:scripting/monoscript/fileName/Utils.cs: cf685c01caf3a4f894711b47bbf947e6 -> 55f902a32cb309b7a62f1e16aa1d617d
  custom:CustomObjectIndexerAttribute: 9a22284fe3817be447336de3de66b15e -> 
  custom:scripting/monoscript/fileName/LuaEnv.cs: 39b0b6f887cfc0f9d8b8bab4d9210e8f -> 89231863be1481a3b9e862fc4fbe0062
  custom:scripting/monoscript/fileName/EnumWrap.cs: e1678317fb40b1504377930932a65f00 -> 71aaf938165cbdbb0ac6c90ffee86023
  custom:container-demuxer-webm: 4f35f7cbe854078d1ac9338744f61a02 -> 
  custom:scripting/monoscript/fileName/UnityEngine_ParticleSystemWrap.cs: ea70451eecfa9db0287288ead2570a87 -> eee33c4ac5a2b762ef5a90683fe90f0f
  custom:scripting/monoscript/fileName/LuaException.cs: 1ddffcc2e8b89810add964c77207e13b -> c33171da8599ff6293dbea39eed5f2df
  custom:scripting/monoscript/fileName/InvokeLua.cs: 8d1030f275cd4c779c8aadb220460431 -> 7479efa8aadd7aed0020601aa4374477
  custom:scripting/monoscript/fileName/XLuaTest_BaseTestWrap.cs: 07e45de8fa2ee7650261714b0c2efcd8 -> 4f21680da7e23ca573808ca54815d505
  custom:scripting/monoscript/fileName/UnityEngine_BoundsWrap.cs: 0ac99f7c45b4a0aef916e0e5b49238c9 -> 3dd26eeb95bac2de8ce2da585d995261
  custom:scripting/monoscript/fileName/PackUnpack.cs: 7bf1a1e4b9a6d19c982a86f574107fe4 -> 273cbe68a303e04c83210a0d1b0dbfc8
  custom:scripting/monoscript/fileName/UnityEngine_KeyframeWrap.cs: 198c4d7f205e316a3726e83558840a1d -> f022c20884bfebd1cdba5d0a32b69287
  custom:scripting/monoscript/fileName/DelegatesGensBridge.cs: 14979ecd91d982a7d4b63ce8b241a2cb -> 9b33d1c344798966a03eb7d32474259e
  custom:scripting/monoscript/fileName/SignatureLoader.cs: f9b5b4f501bbc4033b1d26e1c53bc27d -> 2543099e1b7f94e78f488961484e5e52
  custom:scripting/monoscript/fileName/Coroutine_Runner.cs: 931214e1a723b03a7a230109c4225361 -> 690ad48fe9500ae79da028936c127982
  custom:container-muxer-webm: aa71ff27fc2769a1b78a27578f13a17b -> 
  custom:scripting/monoscript/fileName/NoGc.cs: 93f5576a58657b60a9c431df8280450e -> 468686911b292518222c0fc5fca7afd3
  custom:scripting/monoscript/fileName/ObjectPool.cs: bd4befac00d17d6ebf9e5f1d7d75cb4c -> 41af867cc123c070dfe6b15d45bb5402
  custom:video-decoder-webm-vp8: 9c59270c3fd7afecdb556c50c9e8de78 -> 
  custom:scripting/monoscript/fileName/XLuaTest_FooWrap.cs: 94d50054e40ab48511cae7fb0b602c9b -> abbeeb9782209030752aecf7c8307085
  custom:scripting/monoscript/fileName/Report.cs: 3c6fcdd086fb055c4c3456a5e0e35198 -> e51741919754948773e5898850c9f663
  custom:scripting/monoscript/fileName/Tutorial_DerivedClassExtensionsWrap.cs: 8d3a8d18ccf52ef11958b45f9012fc25 -> e71c7199b289862c70f81cc97fad9cd1
  custom:scripting/monoscript/fileName/System_Collections_Generic_List_1_System_Int32_Wrap.cs: 17851e7c00326059ae0787338228160b -> 0d81f6d3ce2afe6f735fa61fb6f44318
  custom:scripting/monoscript/fileName/XLuaGenAutoRegister.cs: d853ef44aabfccb80e0b7c076b61770b -> f7d7a1bdecea0875c31215b468d1ea3c
  custom:SearchIndexIgnoredProperties: e643bd26f0fe6173181afceb89e7c659 -> 
  custom:scripting/monoscript/fileName/UnityEngine_ColorWrap.cs: bd8e985ef59408a673873236ce871e73 -> a2199b901d8d68ac06d36f834d48f0de
  custom:AudioImporter_EditorPlatform: d09bf68614088b80899f8185d706f6e7 -> 
  custom:scripting/monoscript/fileName/GenericMethodExample.cs: 71308a9675c9d31b6584afd047da40d6 -> c3c4960d5a8b500e2f93697b37d06ae2
  custom:scripting/monoscript/fileName/TypeExtensions.cs: 68c704b8c6c4fa976b931eabe81ac9ee -> 6ecc1d6c2137d4648cc597a57d0741c7
  custom:scripting/monoscript/fileName/Tutorial_BaseClassWrap.cs: 0cb2af1d083b0b2c5e8cb36d24bfb39c -> 82bd31d966804ddf94755f42eec25c75
  custom:scripting/monoscript/fileName/UnityEngine_Ray2DWrap.cs: 0739f12fd5151febac857f4bf1dfbf4b -> 3948513cbdb210ff5fa49a4b2880e106
  custom:scripting/monoscript/fileName/UnityEngine_ComponentWrap.cs: e27295da2190ed2ebf55b5ac632d7f35 -> 3c3e0b9fedb2878f9f3fac771839136b
  custom:scripting/monoscript/fileName/CustomLoader.cs: 612387837da882e343b6793882f715b4 -> 3c04d951376acd618234995a34635baf
  custom:scripting/monoscript/fileName/BuildFromCLI.cs: a3c0f780c3b3a6e3a59fd5c2a4761ee3 -> ef1665cfd7adbd546e15cd58c9f7c486
  custom:scripting/monoscript/fileName/System_ObjectWrap.cs: c4f7132fadbd7f5f459fdffb106ce8ad -> 9fb5e5ed9e38c23dad1e0232edf0373b
  custom:scripting/monoscript/fileName/XLuaTest_Foo1ParentWrap.cs: 4d06c6c313846bbd2659cf013bd8c081 -> bc3faaa30d66f1a9334279476c37b2a8
  custom:scripting/monoscript/fileName/StatefullTest.cs: ac9082cda8d79beb987af6f68f5d30cd -> 5d22c8326914d95b29e418e9d014cf15
  custom:scripting/monoscript/fileName/InternalGlobals.cs: c7a0f72bef146ff41c15b3b535d6bdf9 -> 009e626d008ed11807341f4cf6fb3a9c
  custom:scripting/monoscript/fileName/XLuaTest_FooExtensionWrap.cs: 0cf66dd4ab170a1f2008f8b97f4f2106 -> 778d9d5cc8332e1d0739618b88aa2bb9
  custom:scripting/monoscript/fileName/DelegateBridge.cs: 59e13ad21dfacf0ee52e76776a9542b7 -> 4daef522f87298a8262553f6fd5bf8f2
  custom:scripting/monoscript/fileName/Foo.cs: b60484b40971b80860ed72eb65234dc1 -> f1cbde57f1c636c66a444cf720c99995
  custom:scripting/monoscript/fileName/UnityEngine_QuaternionWrap.cs: d7776a0aea79cbcec5ba2c36565a1173 -> 2be38f3d0f8715c9babd38533b7cc2f6
  custom:scripting/monoscript/fileName/ExampleGenConfig.cs: 402439a475ab0614d6514789dc967063 -> 2d21554d83bd53efca28765b954d65c7
  custom:scripting/monoscript/fileName/TemplateRef.cs: 894e64faa8518e7345655e4a3a343abf -> e57f72b6ec3c4672428b8339ce53c07a
  custom:scripting/monoscript/fileName/ByString.cs: 83f4bb3773b202a1550c80bc6c09d1a8 -> 71ac2dce49068f904e2150c45e200cdb
  custom:scripting/monoscript/fileName/UnityEngine_AnimationCurveWrap.cs: f2332648b2113d579022f7ac44ddf1a2 -> a1b4a7dab75f49fff03082ff025e4e5e
  custom:scripting/monoscript/fileName/XLuaTest_IExchangerBridge.cs: dbb2be54f36a2496a4425e7ceb90b9b9 -> a1b04ba231b7210d75c48779fb061387
  custom:scripting/monoscript/fileName/LuaBase.cs: fd57dc59c72dd7c1f0204d91abf1345d -> f0e74d4e175e23617aebee3a1fbf3735
  custom:scripting/monoscript/fileName/UnityEngine_LightWrap.cs: d3e76313bbab2d6f78618d0a96177993 -> afdccdb78964e15816bd84ff574e1d72
  custom:scripting/monoscript/fileName/System_Collections_IEnumeratorBridge.cs: e58d0dcf0aa39125fd572da9408c5a63 -> a6b8b2b6997973169c6bebc4e00197c3
  custom:scripting/monoscript/fileName/GenericDelegateBridge.cs: 14979ecd91d982a7d4b63ce8b241a2cb -> 9b33d1c344798966a03eb7d32474259e
  custom:video-encoder-webm-vp8: eb34c28f22e8b96e1ab97ce403110664 -> 
  custom:scripting/monoscript/fileName/LuaCallCs.cs: d69c2b3b74160f3f6c507a63e395d1b8 -> 80d51efbfa90ec9a93bf6c4f217fae70
  custom:scripting/monoscript/fileName/XLuaTest_Foo2ParentWrap.cs: 3cfc8bf6cad7ab5669e86f82da9efffc -> e55fdaf088679107b1602d0f4f018827
  custom:scripting/monoscript/fileName/Tutorial_CSCallLua_ItfDBridge.cs: d05148e45525d393370f3ca919d4cdc0 -> 4e0a8d0795850c18cf92cbc673dc6199
  custom:scripting/monoscript/fileName/UnityEngine_Vector2Wrap.cs: dfd1be4a9f736e54a226859ba85dbc30 -> d8bd11c5df83747314d76d2e1152a25a
  custom:audio-decoder-ogg-vorbis: bf7c407c2cedff20999df2af8eb42d56 -> 
  custom:scripting/monoscript/fileName/UnityEngine_GameObjectWrap.cs: c4cddad80b77cae4a3f64483d25e1457 -> 499beb086fe32ba82bd6b30d04f108ea
  custom:scripting/monoscript/fileName/XLuaTest_NoGcWrap.cs: 7c2153fc9ca9cd0a3cc8b2d8a5de2fcd -> b8ab725f3034c7583c772afc97e73cfe
  custom:scripting/monoscript/fileName/UnityEngine_DebugWrap.cs: a14c41c7fbd7dec62bec687de4c6fe27 -> 2a23054f13a8c643d838dbc57d787e1a
  custom:scripting/monoscript/fileName/TemplateEngine.cs: d4247539e36868281066dc2ffa847cbd -> 196c6eecd2e70276dab2c9a7b0cf2d59
  custom:scripting/monoscript/fileName/UnityEngine_SkinnedMeshRendererWrap.cs: 9ad169117eb1ff375ebe298216e6901c -> e6c3bb62aa80867a3afe5dcbb6224761
  custom:scripting/monoscript/fileName/CopyByValue.cs: 7bf1a1e4b9a6d19c982a86f574107fe4 -> 273cbe68a303e04c83210a0d1b0dbfc8
  custom:scripting/monoscript/fileName/Generator.cs: 5c2a3602a0cfb4641043518ccc18ad89 -> e11eefc36c86800da100cf1a4789c73c
  custom:scripting/monoscript/fileName/SignatureLoaderTest.cs: 37ed863ad0370c096ad98942100ce390 -> 8c9bdabb3430d1beabc1824b7aff6019
  custom:scripting/monoscript/fileName/HotfixTestCfg.cs: 7d41c7a61129380f568a08461036f7c3 -> a7321a5cbaeb2b6b22c71e624ff03625
  custom:scripting/monoscript/fileName/MessageBox.cs: 17d47f136e1a2eb08b8ca17667071821 -> febd8bda4c1c594acb6f720026ed3aee
  custom:scripting/monoscript/fileName/UnityEngine_TextAssetWrap.cs: a895654ec821ef871bab45f0bf4ab1bf -> 96eae3d139831963806db363328bfefe
  custom:scripting/monoscript/fileName/XLuaUnityDefaultConfig.cs: 847f92567dd164ad0f0a1c4536b7e6e7 -> 12ee8270b5ca2ec2875a29a6c838143c
  custom:scripting/monoscript/fileName/UnityEngine_TransformWrap.cs: 1ec7fdf0df78c54383c54d4890267885 -> 50d916bbc9cc3aa204547c1dbcf1b841
  custom:scripting/monoscript/fileName/UnityEngine_RendererWrap.cs: f2bb488dcafa31d4d1829db70de7e3de -> e28d66316639c5d4634a4f4176885c0f
  custom:scripting/monoscript/fileName/LuaFunction.cs: 6bea6a53e0ef7f4c19887edd95529fba -> 9f9e88fec2de37a51bb5cc9b6b08d6b9
  custom:audio-encoder-webm-vorbis: bf7c407c2cedff20999df2af8eb42d56 -> 
  custom:scripting/monoscript/fileName/XLuaTest_LuaBehaviourWrap.cs: eb21b90bdd58645712610184d1a6b02e -> 8a24807dde2ec4b5434d8876b84591df
  custom:scripting/monoscript/fileName/UnityEngine_Vector4Wrap.cs: 4736b1d9605ba5be814644e3bcc9e928 -> e876ed87f63c3dc401e686c851325f69
  custom:scripting/precompiled-assembly-types:Assembly-CSharp-Editor: 8329d2703a1fb80f61cc70ee984418c3 -> f3104d4e56e8a73f04df252396e09d4f
  custom:scripting/monoscript/fileName/XLuaTest_MyStructWrap.cs: 55519c14d8f95433c1b6e262daa1d322 -> bcfe0251bd793e1e64a466467ef9f39d
  custom:scripting/monoscript/fileName/StaticLuaCallbacks.cs: 806d4721af6e97ac563013320c7b3d7a -> 9d25aed2b0bb83738cfec7ef5ea55802
  custom:scripting/monoscript/fileName/UnityEngine_ObjectWrap.cs: acbfc6ebce3660b3cec600cb246312ee -> d239f04268fb712161f840d533347443
  custom:scripting/monoscript/fileName/RawObjectTest.cs: c3d9c6b1a141374366b8d8ccf99991a4 -> af9e06db1e13155c5410c0aa29232eac
  custom:scripting/monoscript/fileName/MethodWarpsCache.cs: a0fd87c86e3eda41e7890d27658be598 -> 182591812fc1e7cc805d3eb126c7629a
  custom:scripting/precompiled-assembly-types:Assembly-CSharp: cfa94845adbe4abbe3ad7874ae813a74 -> 6d2cbbca728bbcc514a1a97e862a8e21
  custom:scripting/monoscript/fileName/Tutorial_ICalcWrap.cs: 9802804745e09aa6d92fbca1a46de55a -> 03d02c9cf202af74271e6b9339f2aa97
========================================================================
Received Prepare
Caller must complete domain reload
Begin MonoManager ReloadAssembly
- Loaded All Assemblies, in  0.605 seconds
Native extension for WindowsStandalone target not found
Mono: successfully reloaded assembly
- Finished resetting the current domain, in  1.330 seconds
Domain Reload Profiling: 1932ms
	BeginReloadAssembly (203ms)
		ExecutionOrderSort (0ms)
		DisableScriptedObjects (5ms)
		BackupInstance (0ms)
		ReleaseScriptingObjects (0ms)
		CreateAndSetChildDomain (50ms)
	RebuildCommonClasses (44ms)
	RebuildNativeTypeToScriptingClass (12ms)
	initialDomainReloadingComplete (35ms)
	LoadAllAssembliesAndSetupDomain (306ms)
		LoadAssemblies (390ms)
		RebuildTransferFunctionScriptingTraits (0ms)
		AnalyzeDomain (30ms)
			TypeCache.Refresh (16ms)
				TypeCache.ScanAssembly (0ms)
			ScanForSourceGeneratedMonoScriptInfo (0ms)
			ResolveRequiredComponents (12ms)
	FinalizeReload (1331ms)
		ReleaseScriptCaches (0ms)
		RebuildScriptCaches (0ms)
		SetupLoadedEditorAssemblies (622ms)
			LogAssemblyErrors (0ms)
			InitializePlatformSupportModulesInManaged (7ms)
			SetLoadedEditorAssemblies (3ms)
			RefreshPlugins (0ms)
			BeforeProcessingInitializeOnLoad (91ms)
			ProcessInitializeOnLoadAttributes (431ms)
			ProcessInitializeOnLoadMethodAttributes (80ms)
			AfterProcessingInitializeOnLoad (9ms)
			EditorAssembliesLoaded (0ms)
		ExecutionOrderSort2 (0ms)
		AwakeInstancesAfterBackupRestoration (7ms)
Refreshing native plugins compatible for Editor in 10.73 ms, found 4 plugins.
Preloading 0 native plugins for Editor in 0.00 ms.
Unloading 4311 Unused Serialized files (Serialized files now loaded: 0)
Unloading 17 unused Assets / (331.7 KB). Loaded Objects now: 4856.
Memory consumption went from 150.6 MB to 150.3 MB.
Total: 4.263900 ms (FindLiveObjects: 0.668600 ms CreateObjectMapping: 0.803900 ms MarkObjects: 2.659200 ms  DeleteObjects: 0.130900 ms)

Prepare: number of updated asset objects reloaded= 0
AssetImportParameters requested are different than current active one (requested -> active):
  custom:scripting/monoscript/fileName/AsyncTest.cs: ba7b296f91a53eb12a2f973e4bfe6187 -> 76ce712e1c4d409aac5fa695d71d244a
  custom:scripting/monoscript/fileName/XLuaTest_InvokeLua_ICalcBridge.cs: 30fde9c3feb0b30e098352b4dfeb9cae -> 39dbaec3aa6ccdef5b8e133e5c8d912d
  custom:scripting/monoscript/fileName/UnityEngine_BehaviourWrap.cs: 50be6300a89da29ca17ad67a2589a5ca -> 07f04650a03b829841e9fab9d7740454
  custom:scripting/monoscript/fileName/CoroutineTest.cs: 8ff63a150c08cc9bc1500a6e3305dabe -> b55b07dbd7b0751be4b88111c51a8597
  custom:scripting/monoscript/fileName/UnityEngine_WaitForSecondsWrap.cs: 14ce79597090ca49f32e5242d176e3e0 -> f924ebf1733d94f4d65590a1a94e6531
  custom:scripting/monoscript/fileName/XLuaTest_PeddingWrap.cs: 904ed3ab876976c36018836c17a5f7cd -> 87db0d803af8b6af633a98194cb11698
  custom:scripting/monoscript/fileName/LuaBehaviour.cs: c26b3945b1b2533a373318992b28370d -> 8501f2955baa2ae1e4b9dc9f246b814a
  custom:container-demuxer-ogg: 62fdf1f143b41e24485cea50d1cbac27 -> 
  custom:scripting/monoscript/fileName/ObjectTranslatorPool.cs: 0fcc88f1a2575820f34ed99efa865239 -> c088e49ccc65541c1471becee0155ecc
  custom:scripting/monoscript/fileName/ByFile.cs: 4175f9d405491cf5cd12d69fd7ad338b -> 6f3dfbef5ea17c4620534958e4e26f3b
  custom:scripting/monoscript/fileName/ObjectCasters.cs: 2e05dcad88217340e3469b49cb484a5e -> 0c1ed1f1cf3d518e5e522f4d874c21c2
  custom:scripting/monoscript/fileName/UnityEngine_Vector3Wrap.cs: ce0a23addf1a2b20f8676787382fe6da -> 63f465b9380555daafea25b4176adba5
  custom:scripting/monoscript/fileName/ReImplementInLua.cs: 95b77c9b6059158d95dc9a7ae2d1cdb1 -> ccd60d267132159582621b9635d9b5d9
  custom:scripting/monoscript/fileName/UnityEngine_RayWrap.cs: 1b2ced459e0f7fe10c0b5b9489be6f35 -> 0b84fbe6cabdb1173feb41e835ef3a40
  custom:scripting/monoscript/fileName/HotfixTest.cs: 1c02fcc866280314c2a4f14c6d154faa -> 3960e9f9315d94bf0223f379bfbd4a4a
  custom:scripting/monoscript/fileName/WrapPusher.cs: 3b3bd77f226a0f893aad8e7367a0f06b -> a7d84f614ae4cd3b956f9b8556cfd18e
  custom:scripting/monoscript/fileName/RawObject.cs: b7277126f2de8ab75c184e0ffceaa264 -> e4d66a2fce5b764d8103d4567ed38606
  custom:scripting/monoscript/fileName/Tutorial_DerivedClassWrap.cs: a9f1f1a33e70d4aca6ed43632ef080bc -> 1a8da11bcfc26039296e071510ba3246
  custom:video-decoder-ogg-theora: a1e56fd34408186e4bbccfd4996cb3dc -> 
  custom:scripting/monoscript/fileName/LuaTable.cs: 831d394b03ebb276485eae65adc1ccd5 -> afc244f7b5f5d0300b37ddf3297901ec
  custom:scripting/monoscript/fileName/XLuaTest_Foo2ChildWrap.cs: f25917eb49d7296a35740a2c6a4d40ec -> 30fab5c82eb5f5ffb38a0a6d668c1895
  custom:framework-win-MediaFoundation: 216162199b28c13a410421893ffa2e32 -> 
  custom:scripting/monoscript/fileName/UnityEngine_TimeWrap.cs: 582bbe1acbebc99abd038879d2ce291a -> 5e744018ad83dc4e6b5341356b280ff7
  custom:scripting/monoscript/fileName/ObjectTranslator.cs: 3684f948a56ed5cf93b0514e484d3f48 -> dd3d0b582d45a9b753aab5e6237efeb3
  custom:scripting/monoscript/fileName/UnityEngine_AnimationClipWrap.cs: 35e9dbce44e2400ca249a1b04e238032 -> 77a92debc688d37d0c76ed29e7849dc6
  custom:scripting/monoscript/fileName/UnityEngine_MonoBehaviourWrap.cs: ab88a4de07d1ed4d6902d46f78a9c2a5 -> 04d351bf9d6db68acd2847f2651b2d6b
  custom:scripting/monoscript/fileName/UnityEngine_MathfWrap.cs: b8423f29ae782d824fe5861eb133fe99 -> 333033f071a58c53b030860e1dc36f4e
  custom:scripting/monoscript/fileName/Helloworld.cs: 0111736be64650c2c199ab4f2d2240c1 -> 5df6067a12a0276271ef7e4b2f46b98d
  custom:scripting/monoscript/fileName/HotfixTest2.cs: 8e85738438913476ef9e5c92cd26daad -> e6fb5855d637d49dacea7216888e03f7
  custom:scripting/monoscript/fileName/LinkXmlGen.cs: 91d69328c4b5d0ada19c3766b1b6ad15 -> f26ca07c1d6ecd8bde6b48a50ed6d393
  custom:scripting/monoscript/fileName/XLuaTest_Foo1ChildWrap.cs: 4e50b7c1fc1d91200bd6d308925718b7 -> 1c5e3d8cdf39c119ce22e5be32eae9dd
  custom:scripting/monoscript/fileName/LuaDLL.cs: a461d359c0f868ea297a4d0e0fa0810d -> 61e98a188b5f49dbf1a755838a97959a
  custom:scripting/monoscript/fileName/GenAttributes.cs: eecd24d8570c09b2ce8b7a7a7f2d3d12 -> d46b0cff88dfb044f17f4aed96768af1
  custom:scripting/monoscript/fileName/UnityEngine_ResourcesWrap.cs: 7881eec03c10cac6aed4968059672b77 -> 698ab99237a4262ce7f88356cded464a
  custom:scripting/monoscript/fileName/ExampleConfig.cs: 01010b4aed93329e34ab2c68a0d8c398 -> 96766ead2b0a0269b4571117ad9e65bc
  custom:scripting/monoscript/fileName/CSCallLua.cs: e37f012e62a4c619428574814b983ced -> 9d2ef4b275968bd22a483233fb8b554e
  custom:scripting/monoscript/fileName/Utils.cs: cf685c01caf3a4f894711b47bbf947e6 -> 55f902a32cb309b7a62f1e16aa1d617d
  custom:CustomObjectIndexerAttribute: 9a22284fe3817be447336de3de66b15e -> 
  custom:scripting/monoscript/fileName/LuaEnv.cs: 39b0b6f887cfc0f9d8b8bab4d9210e8f -> 89231863be1481a3b9e862fc4fbe0062
  custom:scripting/monoscript/fileName/EnumWrap.cs: e1678317fb40b1504377930932a65f00 -> 71aaf938165cbdbb0ac6c90ffee86023
  custom:container-demuxer-webm: 4f35f7cbe854078d1ac9338744f61a02 -> 
  custom:scripting/monoscript/fileName/UnityEngine_ParticleSystemWrap.cs: ea70451eecfa9db0287288ead2570a87 -> eee33c4ac5a2b762ef5a90683fe90f0f
  custom:scripting/monoscript/fileName/LuaException.cs: 1ddffcc2e8b89810add964c77207e13b -> c33171da8599ff6293dbea39eed5f2df
  custom:scripting/monoscript/fileName/InvokeLua.cs: 8d1030f275cd4c779c8aadb220460431 -> 7479efa8aadd7aed0020601aa4374477
  custom:scripting/monoscript/fileName/XLuaTest_BaseTestWrap.cs: 07e45de8fa2ee7650261714b0c2efcd8 -> 4f21680da7e23ca573808ca54815d505
  custom:scripting/monoscript/fileName/UnityEngine_BoundsWrap.cs: 0ac99f7c45b4a0aef916e0e5b49238c9 -> 3dd26eeb95bac2de8ce2da585d995261
  custom:scripting/monoscript/fileName/PackUnpack.cs: 7bf1a1e4b9a6d19c982a86f574107fe4 -> 273cbe68a303e04c83210a0d1b0dbfc8
  custom:scripting/monoscript/fileName/UnityEngine_KeyframeWrap.cs: 198c4d7f205e316a3726e83558840a1d -> f022c20884bfebd1cdba5d0a32b69287
  custom:scripting/monoscript/fileName/DelegatesGensBridge.cs: 14979ecd91d982a7d4b63ce8b241a2cb -> 9b33d1c344798966a03eb7d32474259e
  custom:scripting/monoscript/fileName/SignatureLoader.cs: f9b5b4f501bbc4033b1d26e1c53bc27d -> 2543099e1b7f94e78f488961484e5e52
  custom:scripting/monoscript/fileName/Coroutine_Runner.cs: 931214e1a723b03a7a230109c4225361 -> 690ad48fe9500ae79da028936c127982
  custom:container-muxer-webm: aa71ff27fc2769a1b78a27578f13a17b -> 
  custom:scripting/monoscript/fileName/NoGc.cs: 93f5576a58657b60a9c431df8280450e -> 468686911b292518222c0fc5fca7afd3
  custom:scripting/monoscript/fileName/ObjectPool.cs: bd4befac00d17d6ebf9e5f1d7d75cb4c -> 41af867cc123c070dfe6b15d45bb5402
  custom:video-decoder-webm-vp8: 9c59270c3fd7afecdb556c50c9e8de78 -> 
  custom:scripting/monoscript/fileName/XLuaTest_FooWrap.cs: 94d50054e40ab48511cae7fb0b602c9b -> abbeeb9782209030752aecf7c8307085
  custom:scripting/monoscript/fileName/Report.cs: 3c6fcdd086fb055c4c3456a5e0e35198 -> e51741919754948773e5898850c9f663
  custom:scripting/monoscript/fileName/Tutorial_DerivedClassExtensionsWrap.cs: 8d3a8d18ccf52ef11958b45f9012fc25 -> e71c7199b289862c70f81cc97fad9cd1
  custom:scripting/monoscript/fileName/System_Collections_Generic_List_1_System_Int32_Wrap.cs: 17851e7c00326059ae0787338228160b -> 0d81f6d3ce2afe6f735fa61fb6f44318
  custom:scripting/monoscript/fileName/XLuaGenAutoRegister.cs: d853ef44aabfccb80e0b7c076b61770b -> f7d7a1bdecea0875c31215b468d1ea3c
  custom:SearchIndexIgnoredProperties: e643bd26f0fe6173181afceb89e7c659 -> 
  custom:scripting/monoscript/fileName/UnityEngine_ColorWrap.cs: bd8e985ef59408a673873236ce871e73 -> a2199b901d8d68ac06d36f834d48f0de
  custom:AudioImporter_EditorPlatform: d09bf68614088b80899f8185d706f6e7 -> 
  custom:scripting/monoscript/fileName/GenericMethodExample.cs: 71308a9675c9d31b6584afd047da40d6 -> c3c4960d5a8b500e2f93697b37d06ae2
  custom:scripting/monoscript/fileName/TypeExtensions.cs: 68c704b8c6c4fa976b931eabe81ac9ee -> 6ecc1d6c2137d4648cc597a57d0741c7
  custom:scripting/monoscript/fileName/Tutorial_BaseClassWrap.cs: 0cb2af1d083b0b2c5e8cb36d24bfb39c -> 82bd31d966804ddf94755f42eec25c75
  custom:scripting/monoscript/fileName/UnityEngine_Ray2DWrap.cs: 0739f12fd5151febac857f4bf1dfbf4b -> 3948513cbdb210ff5fa49a4b2880e106
  custom:scripting/monoscript/fileName/UnityEngine_ComponentWrap.cs: e27295da2190ed2ebf55b5ac632d7f35 -> 3c3e0b9fedb2878f9f3fac771839136b
  custom:scripting/monoscript/fileName/CustomLoader.cs: 612387837da882e343b6793882f715b4 -> 3c04d951376acd618234995a34635baf
  custom:scripting/monoscript/fileName/BuildFromCLI.cs: a3c0f780c3b3a6e3a59fd5c2a4761ee3 -> ef1665cfd7adbd546e15cd58c9f7c486
  custom:scripting/monoscript/fileName/System_ObjectWrap.cs: c4f7132fadbd7f5f459fdffb106ce8ad -> 9fb5e5ed9e38c23dad1e0232edf0373b
  custom:scripting/monoscript/fileName/XLuaTest_Foo1ParentWrap.cs: 4d06c6c313846bbd2659cf013bd8c081 -> bc3faaa30d66f1a9334279476c37b2a8
  custom:scripting/monoscript/fileName/StatefullTest.cs: ac9082cda8d79beb987af6f68f5d30cd -> 5d22c8326914d95b29e418e9d014cf15
  custom:scripting/monoscript/fileName/InternalGlobals.cs: c7a0f72bef146ff41c15b3b535d6bdf9 -> 009e626d008ed11807341f4cf6fb3a9c
  custom:scripting/monoscript/fileName/XLuaTest_FooExtensionWrap.cs: 0cf66dd4ab170a1f2008f8b97f4f2106 -> 778d9d5cc8332e1d0739618b88aa2bb9
  custom:scripting/monoscript/fileName/DelegateBridge.cs: 59e13ad21dfacf0ee52e76776a9542b7 -> 4daef522f87298a8262553f6fd5bf8f2
  custom:scripting/monoscript/fileName/Foo.cs: b60484b40971b80860ed72eb65234dc1 -> f1cbde57f1c636c66a444cf720c99995
  custom:scripting/monoscript/fileName/UnityEngine_QuaternionWrap.cs: d7776a0aea79cbcec5ba2c36565a1173 -> 2be38f3d0f8715c9babd38533b7cc2f6
  custom:scripting/monoscript/fileName/ExampleGenConfig.cs: 402439a475ab0614d6514789dc967063 -> 2d21554d83bd53efca28765b954d65c7
  custom:scripting/monoscript/fileName/TemplateRef.cs: 894e64faa8518e7345655e4a3a343abf -> e57f72b6ec3c4672428b8339ce53c07a
  custom:scripting/monoscript/fileName/ByString.cs: 83f4bb3773b202a1550c80bc6c09d1a8 -> 71ac2dce49068f904e2150c45e200cdb
  custom:scripting/monoscript/fileName/UnityEngine_AnimationCurveWrap.cs: f2332648b2113d579022f7ac44ddf1a2 -> a1b4a7dab75f49fff03082ff025e4e5e
  custom:scripting/monoscript/fileName/XLuaTest_IExchangerBridge.cs: dbb2be54f36a2496a4425e7ceb90b9b9 -> a1b04ba231b7210d75c48779fb061387
  custom:scripting/monoscript/fileName/LuaBase.cs: fd57dc59c72dd7c1f0204d91abf1345d -> f0e74d4e175e23617aebee3a1fbf3735
  custom:scripting/monoscript/fileName/UnityEngine_LightWrap.cs: d3e76313bbab2d6f78618d0a96177993 -> afdccdb78964e15816bd84ff574e1d72
  custom:scripting/monoscript/fileName/System_Collections_IEnumeratorBridge.cs: e58d0dcf0aa39125fd572da9408c5a63 -> a6b8b2b6997973169c6bebc4e00197c3
  custom:scripting/monoscript/fileName/GenericDelegateBridge.cs: 14979ecd91d982a7d4b63ce8b241a2cb -> 9b33d1c344798966a03eb7d32474259e
  custom:video-encoder-webm-vp8: eb34c28f22e8b96e1ab97ce403110664 -> 
  custom:scripting/monoscript/fileName/LuaCallCs.cs: d69c2b3b74160f3f6c507a63e395d1b8 -> 80d51efbfa90ec9a93bf6c4f217fae70
  custom:scripting/monoscript/fileName/XLuaTest_Foo2ParentWrap.cs: 3cfc8bf6cad7ab5669e86f82da9efffc -> e55fdaf088679107b1602d0f4f018827
  custom:scripting/monoscript/fileName/Tutorial_CSCallLua_ItfDBridge.cs: d05148e45525d393370f3ca919d4cdc0 -> 4e0a8d0795850c18cf92cbc673dc6199
  custom:scripting/monoscript/fileName/UnityEngine_Vector2Wrap.cs: dfd1be4a9f736e54a226859ba85dbc30 -> d8bd11c5df83747314d76d2e1152a25a
  custom:audio-decoder-ogg-vorbis: bf7c407c2cedff20999df2af8eb42d56 -> 
  custom:scripting/monoscript/fileName/UnityEngine_GameObjectWrap.cs: c4cddad80b77cae4a3f64483d25e1457 -> 499beb086fe32ba82bd6b30d04f108ea
  custom:scripting/monoscript/fileName/XLuaTest_NoGcWrap.cs: 7c2153fc9ca9cd0a3cc8b2d8a5de2fcd -> b8ab725f3034c7583c772afc97e73cfe
  custom:scripting/monoscript/fileName/UnityEngine_DebugWrap.cs: a14c41c7fbd7dec62bec687de4c6fe27 -> 2a23054f13a8c643d838dbc57d787e1a
  custom:scripting/monoscript/fileName/TemplateEngine.cs: d4247539e36868281066dc2ffa847cbd -> 196c6eecd2e70276dab2c9a7b0cf2d59
  custom:scripting/monoscript/fileName/UnityEngine_SkinnedMeshRendererWrap.cs: 9ad169117eb1ff375ebe298216e6901c -> e6c3bb62aa80867a3afe5dcbb6224761
  custom:scripting/monoscript/fileName/CopyByValue.cs: 7bf1a1e4b9a6d19c982a86f574107fe4 -> 273cbe68a303e04c83210a0d1b0dbfc8
  custom:scripting/monoscript/fileName/Generator.cs: 5c2a3602a0cfb4641043518ccc18ad89 -> e11eefc36c86800da100cf1a4789c73c
  custom:scripting/monoscript/fileName/SignatureLoaderTest.cs: 37ed863ad0370c096ad98942100ce390 -> 8c9bdabb3430d1beabc1824b7aff6019
  custom:scripting/monoscript/fileName/HotfixTestCfg.cs: 7d41c7a61129380f568a08461036f7c3 -> a7321a5cbaeb2b6b22c71e624ff03625
  custom:scripting/monoscript/fileName/MessageBox.cs: 17d47f136e1a2eb08b8ca17667071821 -> febd8bda4c1c594acb6f720026ed3aee
  custom:scripting/monoscript/fileName/UnityEngine_TextAssetWrap.cs: a895654ec821ef871bab45f0bf4ab1bf -> 96eae3d139831963806db363328bfefe
  custom:scripting/monoscript/fileName/XLuaUnityDefaultConfig.cs: 847f92567dd164ad0f0a1c4536b7e6e7 -> 12ee8270b5ca2ec2875a29a6c838143c
  custom:scripting/monoscript/fileName/UnityEngine_TransformWrap.cs: 1ec7fdf0df78c54383c54d4890267885 -> 50d916bbc9cc3aa204547c1dbcf1b841
  custom:scripting/monoscript/fileName/UnityEngine_RendererWrap.cs: f2bb488dcafa31d4d1829db70de7e3de -> e28d66316639c5d4634a4f4176885c0f
  custom:scripting/monoscript/fileName/LuaFunction.cs: 6bea6a53e0ef7f4c19887edd95529fba -> 9f9e88fec2de37a51bb5cc9b6b08d6b9
  custom:audio-encoder-webm-vorbis: bf7c407c2cedff20999df2af8eb42d56 -> 
  custom:scripting/monoscript/fileName/XLuaTest_LuaBehaviourWrap.cs: eb21b90bdd58645712610184d1a6b02e -> 8a24807dde2ec4b5434d8876b84591df
  custom:scripting/monoscript/fileName/UnityEngine_Vector4Wrap.cs: 4736b1d9605ba5be814644e3bcc9e928 -> e876ed87f63c3dc401e686c851325f69
  custom:scripting/precompiled-assembly-types:Assembly-CSharp-Editor: 8329d2703a1fb80f61cc70ee984418c3 -> f3104d4e56e8a73f04df252396e09d4f
  custom:scripting/monoscript/fileName/XLuaTest_MyStructWrap.cs: 55519c14d8f95433c1b6e262daa1d322 -> bcfe0251bd793e1e64a466467ef9f39d
  custom:scripting/monoscript/fileName/StaticLuaCallbacks.cs: 806d4721af6e97ac563013320c7b3d7a -> 9d25aed2b0bb83738cfec7ef5ea55802
  custom:scripting/monoscript/fileName/UnityEngine_ObjectWrap.cs: acbfc6ebce3660b3cec600cb246312ee -> d239f04268fb712161f840d533347443
  custom:scripting/monoscript/fileName/RawObjectTest.cs: c3d9c6b1a141374366b8d8ccf99991a4 -> af9e06db1e13155c5410c0aa29232eac
  custom:scripting/monoscript/fileName/MethodWarpsCache.cs: a0fd87c86e3eda41e7890d27658be598 -> 182591812fc1e7cc805d3eb126c7629a
  custom:scripting/precompiled-assembly-types:Assembly-CSharp: cfa94845adbe4abbe3ad7874ae813a74 -> 6d2cbbca728bbcc514a1a97e862a8e21
  custom:scripting/monoscript/fileName/Tutorial_ICalcWrap.cs: 9802804745e09aa6d92fbca1a46de55a -> 03d02c9cf202af74271e6b9339f2aa97
========================================================================
Received Prepare
Caller must complete domain reload
Begin MonoManager ReloadAssembly
- Loaded All Assemblies, in  0.684 seconds
Native extension for WindowsStandalone target not found
Mono: successfully reloaded assembly
- Finished resetting the current domain, in  1.129 seconds
Domain Reload Profiling: 1810ms
	BeginReloadAssembly (195ms)
		ExecutionOrderSort (0ms)
		DisableScriptedObjects (7ms)
		BackupInstance (0ms)
		ReleaseScriptingObjects (0ms)
		CreateAndSetChildDomain (42ms)
	RebuildCommonClasses (43ms)
	RebuildNativeTypeToScriptingClass (17ms)
	initialDomainReloadingComplete (43ms)
	LoadAllAssembliesAndSetupDomain (382ms)
		LoadAssemblies (438ms)
		RebuildTransferFunctionScriptingTraits (0ms)
		AnalyzeDomain (51ms)
			TypeCache.Refresh (16ms)
				TypeCache.ScanAssembly (1ms)
			ScanForSourceGeneratedMonoScriptInfo (24ms)
			ResolveRequiredComponents (9ms)
	FinalizeReload (1130ms)
		ReleaseScriptCaches (0ms)
		RebuildScriptCaches (0ms)
		SetupLoadedEditorAssemblies (476ms)
			LogAssemblyErrors (0ms)
			InitializePlatformSupportModulesInManaged (5ms)
			SetLoadedEditorAssemblies (3ms)
			RefreshPlugins (0ms)
			BeforeProcessingInitializeOnLoad (67ms)
			ProcessInitializeOnLoadAttributes (331ms)
			ProcessInitializeOnLoadMethodAttributes (62ms)
			AfterProcessingInitializeOnLoad (7ms)
			EditorAssembliesLoaded (1ms)
		ExecutionOrderSort2 (0ms)
		AwakeInstancesAfterBackupRestoration (8ms)
Refreshing native plugins compatible for Editor in 9.58 ms, found 4 plugins.
Preloading 0 native plugins for Editor in 0.00 ms.
Unloading 4311 Unused Serialized files (Serialized files now loaded: 0)
Unloading 17 unused Assets / (331.7 KB). Loaded Objects now: 4859.
Memory consumption went from 150.6 MB to 150.3 MB.
Total: 5.782800 ms (FindLiveObjects: 0.627500 ms CreateObjectMapping: 0.715200 ms MarkObjects: 4.284200 ms  DeleteObjects: 0.153600 ms)

Prepare: number of updated asset objects reloaded= 0
AssetImportParameters requested are different than current active one (requested -> active):
  custom:scripting/monoscript/fileName/AsyncTest.cs: ba7b296f91a53eb12a2f973e4bfe6187 -> 76ce712e1c4d409aac5fa695d71d244a
  custom:scripting/monoscript/fileName/XLuaTest_InvokeLua_ICalcBridge.cs: 30fde9c3feb0b30e098352b4dfeb9cae -> 39dbaec3aa6ccdef5b8e133e5c8d912d
  custom:scripting/monoscript/fileName/UnityEngine_BehaviourWrap.cs: 50be6300a89da29ca17ad67a2589a5ca -> 07f04650a03b829841e9fab9d7740454
  custom:scripting/monoscript/fileName/CoroutineTest.cs: 8ff63a150c08cc9bc1500a6e3305dabe -> b55b07dbd7b0751be4b88111c51a8597
  custom:scripting/monoscript/fileName/UnityEngine_WaitForSecondsWrap.cs: 14ce79597090ca49f32e5242d176e3e0 -> f924ebf1733d94f4d65590a1a94e6531
  custom:scripting/monoscript/fileName/XLuaTest_PeddingWrap.cs: 904ed3ab876976c36018836c17a5f7cd -> 87db0d803af8b6af633a98194cb11698
  custom:scripting/monoscript/fileName/LuaBehaviour.cs: c26b3945b1b2533a373318992b28370d -> 8501f2955baa2ae1e4b9dc9f246b814a
  custom:container-demuxer-ogg: 62fdf1f143b41e24485cea50d1cbac27 -> 
  custom:scripting/monoscript/fileName/ObjectTranslatorPool.cs: 0fcc88f1a2575820f34ed99efa865239 -> c088e49ccc65541c1471becee0155ecc
  custom:scripting/monoscript/fileName/ByFile.cs: 4175f9d405491cf5cd12d69fd7ad338b -> 6f3dfbef5ea17c4620534958e4e26f3b
  custom:scripting/monoscript/fileName/ObjectCasters.cs: 2e05dcad88217340e3469b49cb484a5e -> 0c1ed1f1cf3d518e5e522f4d874c21c2
  custom:scripting/monoscript/fileName/UnityEngine_Vector3Wrap.cs: ce0a23addf1a2b20f8676787382fe6da -> 63f465b9380555daafea25b4176adba5
  custom:scripting/monoscript/fileName/ReImplementInLua.cs: 95b77c9b6059158d95dc9a7ae2d1cdb1 -> ccd60d267132159582621b9635d9b5d9
  custom:scripting/monoscript/fileName/UnityEngine_RayWrap.cs: 1b2ced459e0f7fe10c0b5b9489be6f35 -> 0b84fbe6cabdb1173feb41e835ef3a40
  custom:scripting/monoscript/fileName/HotfixTest.cs: 1c02fcc866280314c2a4f14c6d154faa -> 3960e9f9315d94bf0223f379bfbd4a4a
  custom:scripting/monoscript/fileName/WrapPusher.cs: 3b3bd77f226a0f893aad8e7367a0f06b -> a7d84f614ae4cd3b956f9b8556cfd18e
  custom:scripting/monoscript/fileName/RawObject.cs: b7277126f2de8ab75c184e0ffceaa264 -> e4d66a2fce5b764d8103d4567ed38606
  custom:scripting/monoscript/fileName/Tutorial_DerivedClassWrap.cs: a9f1f1a33e70d4aca6ed43632ef080bc -> 1a8da11bcfc26039296e071510ba3246
  custom:video-decoder-ogg-theora: a1e56fd34408186e4bbccfd4996cb3dc -> 
  custom:scripting/monoscript/fileName/LuaTable.cs: 831d394b03ebb276485eae65adc1ccd5 -> afc244f7b5f5d0300b37ddf3297901ec
  custom:scripting/monoscript/fileName/XLuaTest_Foo2ChildWrap.cs: f25917eb49d7296a35740a2c6a4d40ec -> 30fab5c82eb5f5ffb38a0a6d668c1895
  custom:framework-win-MediaFoundation: 216162199b28c13a410421893ffa2e32 -> 
  custom:scripting/monoscript/fileName/UnityEngine_TimeWrap.cs: 582bbe1acbebc99abd038879d2ce291a -> 5e744018ad83dc4e6b5341356b280ff7
  custom:scripting/monoscript/fileName/ObjectTranslator.cs: 3684f948a56ed5cf93b0514e484d3f48 -> dd3d0b582d45a9b753aab5e6237efeb3
  custom:scripting/monoscript/fileName/UnityEngine_AnimationClipWrap.cs: 35e9dbce44e2400ca249a1b04e238032 -> 77a92debc688d37d0c76ed29e7849dc6
  custom:scripting/monoscript/fileName/UnityEngine_MonoBehaviourWrap.cs: ab88a4de07d1ed4d6902d46f78a9c2a5 -> 04d351bf9d6db68acd2847f2651b2d6b
  custom:scripting/monoscript/fileName/UnityEngine_MathfWrap.cs: b8423f29ae782d824fe5861eb133fe99 -> 333033f071a58c53b030860e1dc36f4e
  custom:scripting/monoscript/fileName/Helloworld.cs: 0111736be64650c2c199ab4f2d2240c1 -> 5df6067a12a0276271ef7e4b2f46b98d
  custom:scripting/monoscript/fileName/HotfixTest2.cs: 8e85738438913476ef9e5c92cd26daad -> e6fb5855d637d49dacea7216888e03f7
  custom:scripting/monoscript/fileName/LinkXmlGen.cs: 91d69328c4b5d0ada19c3766b1b6ad15 -> f26ca07c1d6ecd8bde6b48a50ed6d393
  custom:scripting/monoscript/fileName/XLuaTest_Foo1ChildWrap.cs: 4e50b7c1fc1d91200bd6d308925718b7 -> 1c5e3d8cdf39c119ce22e5be32eae9dd
  custom:scripting/monoscript/fileName/LuaDLL.cs: a461d359c0f868ea297a4d0e0fa0810d -> 61e98a188b5f49dbf1a755838a97959a
  custom:scripting/monoscript/fileName/GenAttributes.cs: eecd24d8570c09b2ce8b7a7a7f2d3d12 -> d46b0cff88dfb044f17f4aed96768af1
  custom:scripting/monoscript/fileName/UnityEngine_ResourcesWrap.cs: 7881eec03c10cac6aed4968059672b77 -> 698ab99237a4262ce7f88356cded464a
  custom:scripting/monoscript/fileName/ExampleConfig.cs: 01010b4aed93329e34ab2c68a0d8c398 -> 96766ead2b0a0269b4571117ad9e65bc
  custom:scripting/monoscript/fileName/CSCallLua.cs: e37f012e62a4c619428574814b983ced -> 9d2ef4b275968bd22a483233fb8b554e
  custom:scripting/monoscript/fileName/Utils.cs: cf685c01caf3a4f894711b47bbf947e6 -> 55f902a32cb309b7a62f1e16aa1d617d
  custom:CustomObjectIndexerAttribute: 9a22284fe3817be447336de3de66b15e -> 
  custom:scripting/monoscript/fileName/LuaEnv.cs: 39b0b6f887cfc0f9d8b8bab4d9210e8f -> 89231863be1481a3b9e862fc4fbe0062
  custom:scripting/monoscript/fileName/EnumWrap.cs: e1678317fb40b1504377930932a65f00 -> 71aaf938165cbdbb0ac6c90ffee86023
  custom:container-demuxer-webm: 4f35f7cbe854078d1ac9338744f61a02 -> 
  custom:scripting/monoscript/fileName/UnityEngine_ParticleSystemWrap.cs: ea70451eecfa9db0287288ead2570a87 -> eee33c4ac5a2b762ef5a90683fe90f0f
  custom:scripting/monoscript/fileName/LuaException.cs: 1ddffcc2e8b89810add964c77207e13b -> c33171da8599ff6293dbea39eed5f2df
  custom:scripting/monoscript/fileName/InvokeLua.cs: 8d1030f275cd4c779c8aadb220460431 -> 7479efa8aadd7aed0020601aa4374477
  custom:scripting/monoscript/fileName/XLuaTest_BaseTestWrap.cs: 07e45de8fa2ee7650261714b0c2efcd8 -> 4f21680da7e23ca573808ca54815d505
  custom:scripting/monoscript/fileName/UnityEngine_BoundsWrap.cs: 0ac99f7c45b4a0aef916e0e5b49238c9 -> 3dd26eeb95bac2de8ce2da585d995261
  custom:scripting/monoscript/fileName/PackUnpack.cs: 7bf1a1e4b9a6d19c982a86f574107fe4 -> 273cbe68a303e04c83210a0d1b0dbfc8
  custom:scripting/monoscript/fileName/UnityEngine_KeyframeWrap.cs: 198c4d7f205e316a3726e83558840a1d -> f022c20884bfebd1cdba5d0a32b69287
  custom:scripting/monoscript/fileName/DelegatesGensBridge.cs: 14979ecd91d982a7d4b63ce8b241a2cb -> 9b33d1c344798966a03eb7d32474259e
  custom:scripting/monoscript/fileName/SignatureLoader.cs: f9b5b4f501bbc4033b1d26e1c53bc27d -> 2543099e1b7f94e78f488961484e5e52
  custom:scripting/monoscript/fileName/Coroutine_Runner.cs: 931214e1a723b03a7a230109c4225361 -> 690ad48fe9500ae79da028936c127982
  custom:container-muxer-webm: aa71ff27fc2769a1b78a27578f13a17b -> 
  custom:scripting/monoscript/fileName/NoGc.cs: 93f5576a58657b60a9c431df8280450e -> 468686911b292518222c0fc5fca7afd3
  custom:scripting/monoscript/fileName/ObjectPool.cs: bd4befac00d17d6ebf9e5f1d7d75cb4c -> 41af867cc123c070dfe6b15d45bb5402
  custom:video-decoder-webm-vp8: 9c59270c3fd7afecdb556c50c9e8de78 -> 
  custom:scripting/monoscript/fileName/XLuaTest_FooWrap.cs: 94d50054e40ab48511cae7fb0b602c9b -> abbeeb9782209030752aecf7c8307085
  custom:scripting/monoscript/fileName/Report.cs: 3c6fcdd086fb055c4c3456a5e0e35198 -> e51741919754948773e5898850c9f663
  custom:scripting/monoscript/fileName/Tutorial_DerivedClassExtensionsWrap.cs: 8d3a8d18ccf52ef11958b45f9012fc25 -> e71c7199b289862c70f81cc97fad9cd1
  custom:scripting/monoscript/fileName/System_Collections_Generic_List_1_System_Int32_Wrap.cs: 17851e7c00326059ae0787338228160b -> 0d81f6d3ce2afe6f735fa61fb6f44318
  custom:scripting/monoscript/fileName/XLuaGenAutoRegister.cs: d853ef44aabfccb80e0b7c076b61770b -> f7d7a1bdecea0875c31215b468d1ea3c
  custom:SearchIndexIgnoredProperties: e643bd26f0fe6173181afceb89e7c659 -> 
  custom:scripting/monoscript/fileName/UnityEngine_ColorWrap.cs: bd8e985ef59408a673873236ce871e73 -> a2199b901d8d68ac06d36f834d48f0de
  custom:AudioImporter_EditorPlatform: d09bf68614088b80899f8185d706f6e7 -> 
  custom:scripting/monoscript/fileName/GenericMethodExample.cs: 71308a9675c9d31b6584afd047da40d6 -> c3c4960d5a8b500e2f93697b37d06ae2
  custom:scripting/monoscript/fileName/TypeExtensions.cs: 68c704b8c6c4fa976b931eabe81ac9ee -> 6ecc1d6c2137d4648cc597a57d0741c7
  custom:scripting/monoscript/fileName/Tutorial_BaseClassWrap.cs: 0cb2af1d083b0b2c5e8cb36d24bfb39c -> 82bd31d966804ddf94755f42eec25c75
  custom:scripting/monoscript/fileName/UnityEngine_Ray2DWrap.cs: 0739f12fd5151febac857f4bf1dfbf4b -> 3948513cbdb210ff5fa49a4b2880e106
  custom:scripting/monoscript/fileName/UnityEngine_ComponentWrap.cs: e27295da2190ed2ebf55b5ac632d7f35 -> 3c3e0b9fedb2878f9f3fac771839136b
  custom:scripting/monoscript/fileName/CustomLoader.cs: 612387837da882e343b6793882f715b4 -> 3c04d951376acd618234995a34635baf
  custom:scripting/monoscript/fileName/BuildFromCLI.cs: a3c0f780c3b3a6e3a59fd5c2a4761ee3 -> ef1665cfd7adbd546e15cd58c9f7c486
  custom:scripting/monoscript/fileName/System_ObjectWrap.cs: c4f7132fadbd7f5f459fdffb106ce8ad -> 9fb5e5ed9e38c23dad1e0232edf0373b
  custom:scripting/monoscript/fileName/XLuaTest_Foo1ParentWrap.cs: 4d06c6c313846bbd2659cf013bd8c081 -> bc3faaa30d66f1a9334279476c37b2a8
  custom:scripting/monoscript/fileName/StatefullTest.cs: ac9082cda8d79beb987af6f68f5d30cd -> 5d22c8326914d95b29e418e9d014cf15
  custom:scripting/monoscript/fileName/InternalGlobals.cs: c7a0f72bef146ff41c15b3b535d6bdf9 -> 009e626d008ed11807341f4cf6fb3a9c
  custom:scripting/monoscript/fileName/XLuaTest_FooExtensionWrap.cs: 0cf66dd4ab170a1f2008f8b97f4f2106 -> 778d9d5cc8332e1d0739618b88aa2bb9
  custom:scripting/monoscript/fileName/DelegateBridge.cs: 59e13ad21dfacf0ee52e76776a9542b7 -> 4daef522f87298a8262553f6fd5bf8f2
  custom:scripting/monoscript/fileName/Foo.cs: b60484b40971b80860ed72eb65234dc1 -> f1cbde57f1c636c66a444cf720c99995
  custom:scripting/monoscript/fileName/UnityEngine_QuaternionWrap.cs: d7776a0aea79cbcec5ba2c36565a1173 -> 2be38f3d0f8715c9babd38533b7cc2f6
  custom:scripting/monoscript/fileName/ExampleGenConfig.cs: 402439a475ab0614d6514789dc967063 -> 2d21554d83bd53efca28765b954d65c7
  custom:scripting/monoscript/fileName/TemplateRef.cs: 894e64faa8518e7345655e4a3a343abf -> e57f72b6ec3c4672428b8339ce53c07a
  custom:scripting/monoscript/fileName/ByString.cs: 83f4bb3773b202a1550c80bc6c09d1a8 -> 71ac2dce49068f904e2150c45e200cdb
  custom:scripting/monoscript/fileName/UnityEngine_AnimationCurveWrap.cs: f2332648b2113d579022f7ac44ddf1a2 -> a1b4a7dab75f49fff03082ff025e4e5e
  custom:scripting/monoscript/fileName/XLuaTest_IExchangerBridge.cs: dbb2be54f36a2496a4425e7ceb90b9b9 -> a1b04ba231b7210d75c48779fb061387
  custom:scripting/monoscript/fileName/LuaBase.cs: fd57dc59c72dd7c1f0204d91abf1345d -> f0e74d4e175e23617aebee3a1fbf3735
  custom:scripting/monoscript/fileName/UnityEngine_LightWrap.cs: d3e76313bbab2d6f78618d0a96177993 -> afdccdb78964e15816bd84ff574e1d72
  custom:scripting/monoscript/fileName/System_Collections_IEnumeratorBridge.cs: e58d0dcf0aa39125fd572da9408c5a63 -> a6b8b2b6997973169c6bebc4e00197c3
  custom:scripting/monoscript/fileName/GenericDelegateBridge.cs: 14979ecd91d982a7d4b63ce8b241a2cb -> 9b33d1c344798966a03eb7d32474259e
  custom:video-encoder-webm-vp8: eb34c28f22e8b96e1ab97ce403110664 -> 
  custom:scripting/monoscript/fileName/LuaCallCs.cs: d69c2b3b74160f3f6c507a63e395d1b8 -> 80d51efbfa90ec9a93bf6c4f217fae70
  custom:scripting/monoscript/fileName/XLuaTest_Foo2ParentWrap.cs: 3cfc8bf6cad7ab5669e86f82da9efffc -> e55fdaf088679107b1602d0f4f018827
  custom:scripting/monoscript/fileName/Tutorial_CSCallLua_ItfDBridge.cs: d05148e45525d393370f3ca919d4cdc0 -> 4e0a8d0795850c18cf92cbc673dc6199
  custom:scripting/monoscript/fileName/UnityEngine_Vector2Wrap.cs: dfd1be4a9f736e54a226859ba85dbc30 -> d8bd11c5df83747314d76d2e1152a25a
  custom:audio-decoder-ogg-vorbis: bf7c407c2cedff20999df2af8eb42d56 -> 
  custom:scripting/monoscript/fileName/UnityEngine_GameObjectWrap.cs: c4cddad80b77cae4a3f64483d25e1457 -> 499beb086fe32ba82bd6b30d04f108ea
  custom:scripting/monoscript/fileName/XLuaTest_NoGcWrap.cs: 7c2153fc9ca9cd0a3cc8b2d8a5de2fcd -> b8ab725f3034c7583c772afc97e73cfe
  custom:scripting/monoscript/fileName/UnityEngine_DebugWrap.cs: a14c41c7fbd7dec62bec687de4c6fe27 -> 2a23054f13a8c643d838dbc57d787e1a
  custom:scripting/monoscript/fileName/TemplateEngine.cs: d4247539e36868281066dc2ffa847cbd -> 196c6eecd2e70276dab2c9a7b0cf2d59
  custom:scripting/monoscript/fileName/UnityEngine_SkinnedMeshRendererWrap.cs: 9ad169117eb1ff375ebe298216e6901c -> e6c3bb62aa80867a3afe5dcbb6224761
  custom:scripting/monoscript/fileName/CopyByValue.cs: 7bf1a1e4b9a6d19c982a86f574107fe4 -> 273cbe68a303e04c83210a0d1b0dbfc8
  custom:scripting/monoscript/fileName/Generator.cs: 5c2a3602a0cfb4641043518ccc18ad89 -> e11eefc36c86800da100cf1a4789c73c
  custom:scripting/monoscript/fileName/SignatureLoaderTest.cs: 37ed863ad0370c096ad98942100ce390 -> 8c9bdabb3430d1beabc1824b7aff6019
  custom:scripting/monoscript/fileName/HotfixTestCfg.cs: 7d41c7a61129380f568a08461036f7c3 -> a7321a5cbaeb2b6b22c71e624ff03625
  custom:scripting/monoscript/fileName/MessageBox.cs: 17d47f136e1a2eb08b8ca17667071821 -> febd8bda4c1c594acb6f720026ed3aee
  custom:scripting/monoscript/fileName/UnityEngine_TextAssetWrap.cs: a895654ec821ef871bab45f0bf4ab1bf -> 96eae3d139831963806db363328bfefe
  custom:scripting/monoscript/fileName/XLuaUnityDefaultConfig.cs: 847f92567dd164ad0f0a1c4536b7e6e7 -> 12ee8270b5ca2ec2875a29a6c838143c
  custom:scripting/monoscript/fileName/UnityEngine_TransformWrap.cs: 1ec7fdf0df78c54383c54d4890267885 -> 50d916bbc9cc3aa204547c1dbcf1b841
  custom:scripting/monoscript/fileName/UnityEngine_RendererWrap.cs: f2bb488dcafa31d4d1829db70de7e3de -> e28d66316639c5d4634a4f4176885c0f
  custom:scripting/monoscript/fileName/LuaFunction.cs: 6bea6a53e0ef7f4c19887edd95529fba -> 9f9e88fec2de37a51bb5cc9b6b08d6b9
  custom:audio-encoder-webm-vorbis: bf7c407c2cedff20999df2af8eb42d56 -> 
  custom:scripting/monoscript/fileName/XLuaTest_LuaBehaviourWrap.cs: eb21b90bdd58645712610184d1a6b02e -> 8a24807dde2ec4b5434d8876b84591df
  custom:scripting/monoscript/fileName/UnityEngine_Vector4Wrap.cs: 4736b1d9605ba5be814644e3bcc9e928 -> e876ed87f63c3dc401e686c851325f69
  custom:scripting/precompiled-assembly-types:Assembly-CSharp-Editor: 8329d2703a1fb80f61cc70ee984418c3 -> f3104d4e56e8a73f04df252396e09d4f
  custom:scripting/monoscript/fileName/XLuaTest_MyStructWrap.cs: 55519c14d8f95433c1b6e262daa1d322 -> bcfe0251bd793e1e64a466467ef9f39d
  custom:scripting/monoscript/fileName/StaticLuaCallbacks.cs: 806d4721af6e97ac563013320c7b3d7a -> 9d25aed2b0bb83738cfec7ef5ea55802
  custom:scripting/monoscript/fileName/UnityEngine_ObjectWrap.cs: acbfc6ebce3660b3cec600cb246312ee -> d239f04268fb712161f840d533347443
  custom:scripting/monoscript/fileName/RawObjectTest.cs: c3d9c6b1a141374366b8d8ccf99991a4 -> af9e06db1e13155c5410c0aa29232eac
  custom:scripting/monoscript/fileName/MethodWarpsCache.cs: a0fd87c86e3eda41e7890d27658be598 -> 182591812fc1e7cc805d3eb126c7629a
  custom:scripting/precompiled-assembly-types:Assembly-CSharp: cfa94845adbe4abbe3ad7874ae813a74 -> 6d2cbbca728bbcc514a1a97e862a8e21
  custom:scripting/monoscript/fileName/Tutorial_ICalcWrap.cs: 9802804745e09aa6d92fbca1a46de55a -> 03d02c9cf202af74271e6b9339f2aa97
========================================================================
Received Prepare
Caller must complete domain reload
Begin MonoManager ReloadAssembly
- Loaded All Assemblies, in  0.657 seconds
Native extension for WindowsStandalone target not found
Mono: successfully reloaded assembly
- Finished resetting the current domain, in  1.159 seconds
Domain Reload Profiling: 1812ms
	BeginReloadAssembly (195ms)
		ExecutionOrderSort (0ms)
		DisableScriptedObjects (6ms)
		BackupInstance (0ms)
		ReleaseScriptingObjects (0ms)
		CreateAndSetChildDomain (40ms)
	RebuildCommonClasses (30ms)
	RebuildNativeTypeToScriptingClass (13ms)
	initialDomainReloadingComplete (33ms)
	LoadAllAssembliesAndSetupDomain (382ms)
		LoadAssemblies (425ms)
		RebuildTransferFunctionScriptingTraits (0ms)
		AnalyzeDomain (68ms)
			TypeCache.Refresh (40ms)
				TypeCache.ScanAssembly (3ms)
			ScanForSourceGeneratedMonoScriptInfo (19ms)
			ResolveRequiredComponents (7ms)
	FinalizeReload (1159ms)
		ReleaseScriptCaches (0ms)
		RebuildScriptCaches (0ms)
		SetupLoadedEditorAssemblies (502ms)
			LogAssemblyErrors (0ms)
			InitializePlatformSupportModulesInManaged (5ms)
			SetLoadedEditorAssemblies (4ms)
			RefreshPlugins (0ms)
			BeforeProcessingInitializeOnLoad (68ms)
			ProcessInitializeOnLoadAttributes (358ms)
			ProcessInitializeOnLoadMethodAttributes (60ms)
			AfterProcessingInitializeOnLoad (8ms)
			EditorAssembliesLoaded (0ms)
		ExecutionOrderSort2 (0ms)
		AwakeInstancesAfterBackupRestoration (7ms)
Refreshing native plugins compatible for Editor in 9.58 ms, found 4 plugins.
Preloading 0 native plugins for Editor in 0.00 ms.
Unloading 4364 Unused Serialized files (Serialized files now loaded: 0)
Unloading 17 unused Assets / (331.7 KB). Loaded Objects now: 4915.
Memory consumption went from 151.5 MB to 151.2 MB.
Total: 4.031600 ms (FindLiveObjects: 0.642800 ms CreateObjectMapping: 0.464100 ms MarkObjects: 2.520900 ms  DeleteObjects: 0.403000 ms)

Prepare: number of updated asset objects reloaded= 0
AssetImportParameters requested are different than current active one (requested -> active):
  custom:scripting/monoscript/fileName/AsyncTest.cs: ba7b296f91a53eb12a2f973e4bfe6187 -> 76ce712e1c4d409aac5fa695d71d244a
  custom:scripting/monoscript/fileName/XLuaTest_InvokeLua_ICalcBridge.cs: 30fde9c3feb0b30e098352b4dfeb9cae -> 39dbaec3aa6ccdef5b8e133e5c8d912d
  custom:scripting/monoscript/fileName/UnityEngine_BehaviourWrap.cs: 50be6300a89da29ca17ad67a2589a5ca -> 07f04650a03b829841e9fab9d7740454
  custom:scripting/monoscript/fileName/CoroutineTest.cs: 8ff63a150c08cc9bc1500a6e3305dabe -> b55b07dbd7b0751be4b88111c51a8597
  custom:scripting/monoscript/fileName/UnityEngine_WaitForSecondsWrap.cs: 14ce79597090ca49f32e5242d176e3e0 -> f924ebf1733d94f4d65590a1a94e6531
  custom:scripting/monoscript/fileName/XLuaTest_PeddingWrap.cs: 904ed3ab876976c36018836c17a5f7cd -> 87db0d803af8b6af633a98194cb11698
  custom:scripting/monoscript/fileName/LuaBehaviour.cs: c26b3945b1b2533a373318992b28370d -> 8501f2955baa2ae1e4b9dc9f246b814a
  custom:container-demuxer-ogg: 62fdf1f143b41e24485cea50d1cbac27 -> 
  custom:scripting/monoscript/fileName/ObjectTranslatorPool.cs: 0fcc88f1a2575820f34ed99efa865239 -> c088e49ccc65541c1471becee0155ecc
  custom:scripting/monoscript/fileName/ByFile.cs: 4175f9d405491cf5cd12d69fd7ad338b -> 6f3dfbef5ea17c4620534958e4e26f3b
  custom:scripting/monoscript/fileName/ObjectCasters.cs: 2e05dcad88217340e3469b49cb484a5e -> 0c1ed1f1cf3d518e5e522f4d874c21c2
  custom:scripting/monoscript/fileName/UnityEngine_Vector3Wrap.cs: ce0a23addf1a2b20f8676787382fe6da -> 63f465b9380555daafea25b4176adba5
  custom:scripting/monoscript/fileName/ReImplementInLua.cs: 95b77c9b6059158d95dc9a7ae2d1cdb1 -> ccd60d267132159582621b9635d9b5d9
  custom:scripting/monoscript/fileName/UnityEngine_RayWrap.cs: 1b2ced459e0f7fe10c0b5b9489be6f35 -> 0b84fbe6cabdb1173feb41e835ef3a40
  custom:scripting/monoscript/fileName/HotfixTest.cs: 1c02fcc866280314c2a4f14c6d154faa -> 3960e9f9315d94bf0223f379bfbd4a4a
  custom:scripting/monoscript/fileName/WrapPusher.cs: 3b3bd77f226a0f893aad8e7367a0f06b -> a7d84f614ae4cd3b956f9b8556cfd18e
  custom:scripting/monoscript/fileName/RawObject.cs: b7277126f2de8ab75c184e0ffceaa264 -> e4d66a2fce5b764d8103d4567ed38606
  custom:scripting/monoscript/fileName/Tutorial_DerivedClassWrap.cs: a9f1f1a33e70d4aca6ed43632ef080bc -> 1a8da11bcfc26039296e071510ba3246
  custom:video-decoder-ogg-theora: a1e56fd34408186e4bbccfd4996cb3dc -> 
  custom:scripting/monoscript/fileName/LuaTable.cs: 831d394b03ebb276485eae65adc1ccd5 -> afc244f7b5f5d0300b37ddf3297901ec
  custom:scripting/monoscript/fileName/XLuaTest_Foo2ChildWrap.cs: f25917eb49d7296a35740a2c6a4d40ec -> 30fab5c82eb5f5ffb38a0a6d668c1895
  custom:framework-win-MediaFoundation: 216162199b28c13a410421893ffa2e32 -> 
  custom:scripting/monoscript/fileName/UnityEngine_TimeWrap.cs: 582bbe1acbebc99abd038879d2ce291a -> 5e744018ad83dc4e6b5341356b280ff7
  custom:scripting/monoscript/fileName/ObjectTranslator.cs: 3684f948a56ed5cf93b0514e484d3f48 -> dd3d0b582d45a9b753aab5e6237efeb3
  custom:scripting/monoscript/fileName/UnityEngine_AnimationClipWrap.cs: 35e9dbce44e2400ca249a1b04e238032 -> 77a92debc688d37d0c76ed29e7849dc6
  custom:scripting/monoscript/fileName/UnityEngine_MonoBehaviourWrap.cs: ab88a4de07d1ed4d6902d46f78a9c2a5 -> 04d351bf9d6db68acd2847f2651b2d6b
  custom:scripting/monoscript/fileName/UnityEngine_MathfWrap.cs: b8423f29ae782d824fe5861eb133fe99 -> 333033f071a58c53b030860e1dc36f4e
  custom:scripting/monoscript/fileName/Helloworld.cs: 0111736be64650c2c199ab4f2d2240c1 -> 5df6067a12a0276271ef7e4b2f46b98d
  custom:scripting/monoscript/fileName/HotfixTest2.cs: 8e85738438913476ef9e5c92cd26daad -> e6fb5855d637d49dacea7216888e03f7
  custom:scripting/monoscript/fileName/LinkXmlGen.cs: 91d69328c4b5d0ada19c3766b1b6ad15 -> f26ca07c1d6ecd8bde6b48a50ed6d393
  custom:scripting/monoscript/fileName/XLuaTest_Foo1ChildWrap.cs: 4e50b7c1fc1d91200bd6d308925718b7 -> 1c5e3d8cdf39c119ce22e5be32eae9dd
  custom:scripting/monoscript/fileName/LuaDLL.cs: a461d359c0f868ea297a4d0e0fa0810d -> 61e98a188b5f49dbf1a755838a97959a
  custom:scripting/monoscript/fileName/GenAttributes.cs: eecd24d8570c09b2ce8b7a7a7f2d3d12 -> d46b0cff88dfb044f17f4aed96768af1
  custom:scripting/monoscript/fileName/UnityEngine_ResourcesWrap.cs: 7881eec03c10cac6aed4968059672b77 -> 698ab99237a4262ce7f88356cded464a
  custom:scripting/monoscript/fileName/ExampleConfig.cs: 01010b4aed93329e34ab2c68a0d8c398 -> 96766ead2b0a0269b4571117ad9e65bc
  custom:scripting/monoscript/fileName/CSCallLua.cs: e37f012e62a4c619428574814b983ced -> 9d2ef4b275968bd22a483233fb8b554e
  custom:scripting/monoscript/fileName/Utils.cs: cf685c01caf3a4f894711b47bbf947e6 -> 55f902a32cb309b7a62f1e16aa1d617d
  custom:CustomObjectIndexerAttribute: 9a22284fe3817be447336de3de66b15e -> 
  custom:scripting/monoscript/fileName/LuaEnv.cs: 39b0b6f887cfc0f9d8b8bab4d9210e8f -> 89231863be1481a3b9e862fc4fbe0062
  custom:scripting/monoscript/fileName/EnumWrap.cs: e1678317fb40b1504377930932a65f00 -> 71aaf938165cbdbb0ac6c90ffee86023
  custom:container-demuxer-webm: 4f35f7cbe854078d1ac9338744f61a02 -> 
  custom:scripting/monoscript/fileName/UnityEngine_ParticleSystemWrap.cs: ea70451eecfa9db0287288ead2570a87 -> eee33c4ac5a2b762ef5a90683fe90f0f
  custom:scripting/monoscript/fileName/LuaException.cs: 1ddffcc2e8b89810add964c77207e13b -> c33171da8599ff6293dbea39eed5f2df
  custom:scripting/monoscript/fileName/InvokeLua.cs: 8d1030f275cd4c779c8aadb220460431 -> 7479efa8aadd7aed0020601aa4374477
  custom:scripting/monoscript/fileName/XLuaTest_BaseTestWrap.cs: 07e45de8fa2ee7650261714b0c2efcd8 -> 4f21680da7e23ca573808ca54815d505
  custom:scripting/monoscript/fileName/UnityEngine_BoundsWrap.cs: 0ac99f7c45b4a0aef916e0e5b49238c9 -> 3dd26eeb95bac2de8ce2da585d995261
  custom:scripting/monoscript/fileName/PackUnpack.cs: 7bf1a1e4b9a6d19c982a86f574107fe4 -> 273cbe68a303e04c83210a0d1b0dbfc8
  custom:scripting/monoscript/fileName/UnityEngine_KeyframeWrap.cs: 198c4d7f205e316a3726e83558840a1d -> f022c20884bfebd1cdba5d0a32b69287
  custom:scripting/monoscript/fileName/DelegatesGensBridge.cs: 14979ecd91d982a7d4b63ce8b241a2cb -> 9b33d1c344798966a03eb7d32474259e
  custom:scripting/monoscript/fileName/SignatureLoader.cs: f9b5b4f501bbc4033b1d26e1c53bc27d -> 2543099e1b7f94e78f488961484e5e52
  custom:scripting/monoscript/fileName/Coroutine_Runner.cs: 931214e1a723b03a7a230109c4225361 -> 690ad48fe9500ae79da028936c127982
  custom:container-muxer-webm: aa71ff27fc2769a1b78a27578f13a17b -> 
  custom:scripting/monoscript/fileName/NoGc.cs: 93f5576a58657b60a9c431df8280450e -> 468686911b292518222c0fc5fca7afd3
  custom:scripting/monoscript/fileName/ObjectPool.cs: bd4befac00d17d6ebf9e5f1d7d75cb4c -> 41af867cc123c070dfe6b15d45bb5402
  custom:video-decoder-webm-vp8: 9c59270c3fd7afecdb556c50c9e8de78 -> 
  custom:scripting/monoscript/fileName/XLuaTest_FooWrap.cs: 94d50054e40ab48511cae7fb0b602c9b -> abbeeb9782209030752aecf7c8307085
  custom:scripting/monoscript/fileName/Report.cs: 3c6fcdd086fb055c4c3456a5e0e35198 -> e51741919754948773e5898850c9f663
  custom:scripting/monoscript/fileName/Tutorial_DerivedClassExtensionsWrap.cs: 8d3a8d18ccf52ef11958b45f9012fc25 -> e71c7199b289862c70f81cc97fad9cd1
  custom:scripting/monoscript/fileName/System_Collections_Generic_List_1_System_Int32_Wrap.cs: 17851e7c00326059ae0787338228160b -> 0d81f6d3ce2afe6f735fa61fb6f44318
  custom:scripting/monoscript/fileName/XLuaGenAutoRegister.cs: d853ef44aabfccb80e0b7c076b61770b -> f7d7a1bdecea0875c31215b468d1ea3c
  custom:SearchIndexIgnoredProperties: e643bd26f0fe6173181afceb89e7c659 -> 
  custom:scripting/monoscript/fileName/UnityEngine_ColorWrap.cs: bd8e985ef59408a673873236ce871e73 -> a2199b901d8d68ac06d36f834d48f0de
  custom:AudioImporter_EditorPlatform: d09bf68614088b80899f8185d706f6e7 -> 
  custom:scripting/monoscript/fileName/GenericMethodExample.cs: 71308a9675c9d31b6584afd047da40d6 -> c3c4960d5a8b500e2f93697b37d06ae2
  custom:scripting/monoscript/fileName/TypeExtensions.cs: 68c704b8c6c4fa976b931eabe81ac9ee -> 6ecc1d6c2137d4648cc597a57d0741c7
  custom:scripting/monoscript/fileName/Tutorial_BaseClassWrap.cs: 0cb2af1d083b0b2c5e8cb36d24bfb39c -> 82bd31d966804ddf94755f42eec25c75
  custom:scripting/monoscript/fileName/UnityEngine_Ray2DWrap.cs: 0739f12fd5151febac857f4bf1dfbf4b -> 3948513cbdb210ff5fa49a4b2880e106
  custom:scripting/monoscript/fileName/UnityEngine_ComponentWrap.cs: e27295da2190ed2ebf55b5ac632d7f35 -> 3c3e0b9fedb2878f9f3fac771839136b
  custom:scripting/monoscript/fileName/CustomLoader.cs: 612387837da882e343b6793882f715b4 -> 3c04d951376acd618234995a34635baf
  custom:scripting/monoscript/fileName/BuildFromCLI.cs: a3c0f780c3b3a6e3a59fd5c2a4761ee3 -> ef1665cfd7adbd546e15cd58c9f7c486
  custom:scripting/monoscript/fileName/System_ObjectWrap.cs: c4f7132fadbd7f5f459fdffb106ce8ad -> 9fb5e5ed9e38c23dad1e0232edf0373b
  custom:scripting/monoscript/fileName/XLuaTest_Foo1ParentWrap.cs: 4d06c6c313846bbd2659cf013bd8c081 -> bc3faaa30d66f1a9334279476c37b2a8
  custom:scripting/monoscript/fileName/StatefullTest.cs: ac9082cda8d79beb987af6f68f5d30cd -> 5d22c8326914d95b29e418e9d014cf15
  custom:scripting/monoscript/fileName/InternalGlobals.cs: c7a0f72bef146ff41c15b3b535d6bdf9 -> 009e626d008ed11807341f4cf6fb3a9c
  custom:scripting/monoscript/fileName/XLuaTest_FooExtensionWrap.cs: 0cf66dd4ab170a1f2008f8b97f4f2106 -> 778d9d5cc8332e1d0739618b88aa2bb9
  custom:scripting/monoscript/fileName/DelegateBridge.cs: 59e13ad21dfacf0ee52e76776a9542b7 -> 4daef522f87298a8262553f6fd5bf8f2
  custom:scripting/monoscript/fileName/Foo.cs: b60484b40971b80860ed72eb65234dc1 -> f1cbde57f1c636c66a444cf720c99995
  custom:scripting/monoscript/fileName/UnityEngine_QuaternionWrap.cs: d7776a0aea79cbcec5ba2c36565a1173 -> 2be38f3d0f8715c9babd38533b7cc2f6
  custom:scripting/monoscript/fileName/ExampleGenConfig.cs: 402439a475ab0614d6514789dc967063 -> 2d21554d83bd53efca28765b954d65c7
  custom:scripting/monoscript/fileName/TemplateRef.cs: 894e64faa8518e7345655e4a3a343abf -> e57f72b6ec3c4672428b8339ce53c07a
  custom:scripting/monoscript/fileName/ByString.cs: 83f4bb3773b202a1550c80bc6c09d1a8 -> 71ac2dce49068f904e2150c45e200cdb
  custom:scripting/monoscript/fileName/UnityEngine_AnimationCurveWrap.cs: f2332648b2113d579022f7ac44ddf1a2 -> a1b4a7dab75f49fff03082ff025e4e5e
  custom:scripting/monoscript/fileName/XLuaTest_IExchangerBridge.cs: dbb2be54f36a2496a4425e7ceb90b9b9 -> a1b04ba231b7210d75c48779fb061387
  custom:scripting/monoscript/fileName/LuaBase.cs: fd57dc59c72dd7c1f0204d91abf1345d -> f0e74d4e175e23617aebee3a1fbf3735
  custom:scripting/monoscript/fileName/UnityEngine_LightWrap.cs: d3e76313bbab2d6f78618d0a96177993 -> afdccdb78964e15816bd84ff574e1d72
  custom:scripting/monoscript/fileName/System_Collections_IEnumeratorBridge.cs: e58d0dcf0aa39125fd572da9408c5a63 -> a6b8b2b6997973169c6bebc4e00197c3
  custom:scripting/monoscript/fileName/GenericDelegateBridge.cs: 14979ecd91d982a7d4b63ce8b241a2cb -> 9b33d1c344798966a03eb7d32474259e
  custom:video-encoder-webm-vp8: eb34c28f22e8b96e1ab97ce403110664 -> 
  custom:scripting/monoscript/fileName/LuaCallCs.cs: d69c2b3b74160f3f6c507a63e395d1b8 -> 80d51efbfa90ec9a93bf6c4f217fae70
  custom:scripting/monoscript/fileName/XLuaTest_Foo2ParentWrap.cs: 3cfc8bf6cad7ab5669e86f82da9efffc -> e55fdaf088679107b1602d0f4f018827
  custom:scripting/monoscript/fileName/Tutorial_CSCallLua_ItfDBridge.cs: d05148e45525d393370f3ca919d4cdc0 -> 4e0a8d0795850c18cf92cbc673dc6199
  custom:scripting/monoscript/fileName/UnityEngine_Vector2Wrap.cs: dfd1be4a9f736e54a226859ba85dbc30 -> d8bd11c5df83747314d76d2e1152a25a
  custom:audio-decoder-ogg-vorbis: bf7c407c2cedff20999df2af8eb42d56 -> 
  custom:scripting/monoscript/fileName/UnityEngine_GameObjectWrap.cs: c4cddad80b77cae4a3f64483d25e1457 -> 499beb086fe32ba82bd6b30d04f108ea
  custom:scripting/monoscript/fileName/XLuaTest_NoGcWrap.cs: 7c2153fc9ca9cd0a3cc8b2d8a5de2fcd -> b8ab725f3034c7583c772afc97e73cfe
  custom:scripting/monoscript/fileName/UnityEngine_DebugWrap.cs: a14c41c7fbd7dec62bec687de4c6fe27 -> 2a23054f13a8c643d838dbc57d787e1a
  custom:scripting/monoscript/fileName/TemplateEngine.cs: d4247539e36868281066dc2ffa847cbd -> 196c6eecd2e70276dab2c9a7b0cf2d59
  custom:scripting/monoscript/fileName/UnityEngine_SkinnedMeshRendererWrap.cs: 9ad169117eb1ff375ebe298216e6901c -> e6c3bb62aa80867a3afe5dcbb6224761
  custom:scripting/monoscript/fileName/CopyByValue.cs: 7bf1a1e4b9a6d19c982a86f574107fe4 -> 273cbe68a303e04c83210a0d1b0dbfc8
  custom:scripting/monoscript/fileName/Generator.cs: 5c2a3602a0cfb4641043518ccc18ad89 -> e11eefc36c86800da100cf1a4789c73c
  custom:scripting/monoscript/fileName/SignatureLoaderTest.cs: 37ed863ad0370c096ad98942100ce390 -> 8c9bdabb3430d1beabc1824b7aff6019
  custom:scripting/monoscript/fileName/HotfixTestCfg.cs: 7d41c7a61129380f568a08461036f7c3 -> a7321a5cbaeb2b6b22c71e624ff03625
  custom:scripting/monoscript/fileName/MessageBox.cs: 17d47f136e1a2eb08b8ca17667071821 -> febd8bda4c1c594acb6f720026ed3aee
  custom:scripting/monoscript/fileName/UnityEngine_TextAssetWrap.cs: a895654ec821ef871bab45f0bf4ab1bf -> 96eae3d139831963806db363328bfefe
  custom:scripting/monoscript/fileName/XLuaUnityDefaultConfig.cs: 847f92567dd164ad0f0a1c4536b7e6e7 -> 12ee8270b5ca2ec2875a29a6c838143c
  custom:scripting/monoscript/fileName/UnityEngine_TransformWrap.cs: 1ec7fdf0df78c54383c54d4890267885 -> 50d916bbc9cc3aa204547c1dbcf1b841
  custom:scripting/monoscript/fileName/UnityEngine_RendererWrap.cs: f2bb488dcafa31d4d1829db70de7e3de -> e28d66316639c5d4634a4f4176885c0f
  custom:scripting/monoscript/fileName/LuaFunction.cs: 6bea6a53e0ef7f4c19887edd95529fba -> 9f9e88fec2de37a51bb5cc9b6b08d6b9
  custom:audio-encoder-webm-vorbis: bf7c407c2cedff20999df2af8eb42d56 -> 
  custom:scripting/monoscript/fileName/XLuaTest_LuaBehaviourWrap.cs: eb21b90bdd58645712610184d1a6b02e -> 8a24807dde2ec4b5434d8876b84591df
  custom:scripting/monoscript/fileName/UnityEngine_Vector4Wrap.cs: 4736b1d9605ba5be814644e3bcc9e928 -> e876ed87f63c3dc401e686c851325f69
  custom:scripting/precompiled-assembly-types:Assembly-CSharp-Editor: 8329d2703a1fb80f61cc70ee984418c3 -> f3104d4e56e8a73f04df252396e09d4f
  custom:scripting/monoscript/fileName/XLuaTest_MyStructWrap.cs: 55519c14d8f95433c1b6e262daa1d322 -> bcfe0251bd793e1e64a466467ef9f39d
  custom:scripting/monoscript/fileName/StaticLuaCallbacks.cs: 806d4721af6e97ac563013320c7b3d7a -> 9d25aed2b0bb83738cfec7ef5ea55802
  custom:scripting/monoscript/fileName/UnityEngine_ObjectWrap.cs: acbfc6ebce3660b3cec600cb246312ee -> d239f04268fb712161f840d533347443
  custom:scripting/monoscript/fileName/RawObjectTest.cs: c3d9c6b1a141374366b8d8ccf99991a4 -> af9e06db1e13155c5410c0aa29232eac
  custom:scripting/monoscript/fileName/MethodWarpsCache.cs: a0fd87c86e3eda41e7890d27658be598 -> 182591812fc1e7cc805d3eb126c7629a
  custom:scripting/precompiled-assembly-types:Assembly-CSharp: 99b328417248fea24142d71679fac050 -> 6d2cbbca728bbcc514a1a97e862a8e21
  custom:scripting/monoscript/fileName/Tutorial_ICalcWrap.cs: 9802804745e09aa6d92fbca1a46de55a -> 03d02c9cf202af74271e6b9339f2aa97
========================================================================
Received Prepare
Caller must complete domain reload
Begin MonoManager ReloadAssembly
- Loaded All Assemblies, in  0.659 seconds
Native extension for WindowsStandalone target not found
Mono: successfully reloaded assembly
- Finished resetting the current domain, in  1.304 seconds
Domain Reload Profiling: 1961ms
	BeginReloadAssembly (199ms)
		ExecutionOrderSort (0ms)
		DisableScriptedObjects (9ms)
		BackupInstance (0ms)
		ReleaseScriptingObjects (0ms)
		CreateAndSetChildDomain (42ms)
	RebuildCommonClasses (40ms)
	RebuildNativeTypeToScriptingClass (18ms)
	initialDomainReloadingComplete (36ms)
	LoadAllAssembliesAndSetupDomain (364ms)
		LoadAssemblies (438ms)
		RebuildTransferFunctionScriptingTraits (0ms)
		AnalyzeDomain (39ms)
			TypeCache.Refresh (26ms)
				TypeCache.ScanAssembly (0ms)
			ScanForSourceGeneratedMonoScriptInfo (0ms)
			ResolveRequiredComponents (8ms)
	FinalizeReload (1305ms)
		ReleaseScriptCaches (0ms)
		RebuildScriptCaches (0ms)
		SetupLoadedEditorAssemblies (605ms)
			LogAssemblyErrors (0ms)
			InitializePlatformSupportModulesInManaged (11ms)
			SetLoadedEditorAssemblies (3ms)
			RefreshPlugins (0ms)
			BeforeProcessingInitializeOnLoad (84ms)
			ProcessInitializeOnLoadAttributes (428ms)
			ProcessInitializeOnLoadMethodAttributes (69ms)
			AfterProcessingInitializeOnLoad (10ms)
			EditorAssembliesLoaded (0ms)
		ExecutionOrderSort2 (0ms)
		AwakeInstancesAfterBackupRestoration (8ms)
Refreshing native plugins compatible for Editor in 9.17 ms, found 4 plugins.
Preloading 0 native plugins for Editor in 0.00 ms.
Unloading 4364 Unused Serialized files (Serialized files now loaded: 0)
Unloading 17 unused Assets / (331.8 KB). Loaded Objects now: 4918.
Memory consumption went from 151.5 MB to 151.2 MB.
Total: 6.842400 ms (FindLiveObjects: 1.062700 ms CreateObjectMapping: 1.110300 ms MarkObjects: 4.347400 ms  DeleteObjects: 0.320500 ms)

Prepare: number of updated asset objects reloaded= 0
AssetImportParameters requested are different than current active one (requested -> active):
  custom:scripting/monoscript/fileName/AsyncTest.cs: ba7b296f91a53eb12a2f973e4bfe6187 -> 76ce712e1c4d409aac5fa695d71d244a
  custom:scripting/monoscript/fileName/XLuaTest_InvokeLua_ICalcBridge.cs: 30fde9c3feb0b30e098352b4dfeb9cae -> 39dbaec3aa6ccdef5b8e133e5c8d912d
  custom:scripting/monoscript/fileName/UnityEngine_BehaviourWrap.cs: 50be6300a89da29ca17ad67a2589a5ca -> 07f04650a03b829841e9fab9d7740454
  custom:scripting/monoscript/fileName/CoroutineTest.cs: 8ff63a150c08cc9bc1500a6e3305dabe -> b55b07dbd7b0751be4b88111c51a8597
  custom:scripting/monoscript/fileName/UnityEngine_WaitForSecondsWrap.cs: 14ce79597090ca49f32e5242d176e3e0 -> f924ebf1733d94f4d65590a1a94e6531
  custom:scripting/monoscript/fileName/XLuaTest_PeddingWrap.cs: 904ed3ab876976c36018836c17a5f7cd -> 87db0d803af8b6af633a98194cb11698
  custom:scripting/monoscript/fileName/LuaBehaviour.cs: c26b3945b1b2533a373318992b28370d -> 8501f2955baa2ae1e4b9dc9f246b814a
  custom:container-demuxer-ogg: 62fdf1f143b41e24485cea50d1cbac27 -> 
  custom:scripting/monoscript/fileName/ObjectTranslatorPool.cs: 0fcc88f1a2575820f34ed99efa865239 -> c088e49ccc65541c1471becee0155ecc
  custom:scripting/monoscript/fileName/ByFile.cs: 4175f9d405491cf5cd12d69fd7ad338b -> 6f3dfbef5ea17c4620534958e4e26f3b
  custom:scripting/monoscript/fileName/ObjectCasters.cs: 2e05dcad88217340e3469b49cb484a5e -> 0c1ed1f1cf3d518e5e522f4d874c21c2
  custom:scripting/monoscript/fileName/UnityEngine_Vector3Wrap.cs: ce0a23addf1a2b20f8676787382fe6da -> 63f465b9380555daafea25b4176adba5
  custom:scripting/monoscript/fileName/ReImplementInLua.cs: 95b77c9b6059158d95dc9a7ae2d1cdb1 -> ccd60d267132159582621b9635d9b5d9
  custom:scripting/monoscript/fileName/UnityEngine_RayWrap.cs: 1b2ced459e0f7fe10c0b5b9489be6f35 -> 0b84fbe6cabdb1173feb41e835ef3a40
  custom:scripting/monoscript/fileName/HotfixTest.cs: 1c02fcc866280314c2a4f14c6d154faa -> 3960e9f9315d94bf0223f379bfbd4a4a
  custom:scripting/monoscript/fileName/WrapPusher.cs: 3b3bd77f226a0f893aad8e7367a0f06b -> a7d84f614ae4cd3b956f9b8556cfd18e
  custom:scripting/monoscript/fileName/RawObject.cs: b7277126f2de8ab75c184e0ffceaa264 -> e4d66a2fce5b764d8103d4567ed38606
  custom:scripting/monoscript/fileName/Tutorial_DerivedClassWrap.cs: a9f1f1a33e70d4aca6ed43632ef080bc -> 1a8da11bcfc26039296e071510ba3246
  custom:video-decoder-ogg-theora: a1e56fd34408186e4bbccfd4996cb3dc -> 
  custom:scripting/monoscript/fileName/LuaTable.cs: 831d394b03ebb276485eae65adc1ccd5 -> afc244f7b5f5d0300b37ddf3297901ec
  custom:scripting/monoscript/fileName/XLuaTest_Foo2ChildWrap.cs: f25917eb49d7296a35740a2c6a4d40ec -> 30fab5c82eb5f5ffb38a0a6d668c1895
  custom:framework-win-MediaFoundation: 216162199b28c13a410421893ffa2e32 -> 
  custom:scripting/monoscript/fileName/UnityEngine_TimeWrap.cs: 582bbe1acbebc99abd038879d2ce291a -> 5e744018ad83dc4e6b5341356b280ff7
  custom:scripting/monoscript/fileName/ObjectTranslator.cs: 3684f948a56ed5cf93b0514e484d3f48 -> dd3d0b582d45a9b753aab5e6237efeb3
  custom:scripting/monoscript/fileName/UnityEngine_AnimationClipWrap.cs: 35e9dbce44e2400ca249a1b04e238032 -> 77a92debc688d37d0c76ed29e7849dc6
  custom:scripting/monoscript/fileName/UnityEngine_MonoBehaviourWrap.cs: ab88a4de07d1ed4d6902d46f78a9c2a5 -> 04d351bf9d6db68acd2847f2651b2d6b
  custom:scripting/monoscript/fileName/UnityEngine_MathfWrap.cs: b8423f29ae782d824fe5861eb133fe99 -> 333033f071a58c53b030860e1dc36f4e
  custom:scripting/monoscript/fileName/Helloworld.cs: 0111736be64650c2c199ab4f2d2240c1 -> 5df6067a12a0276271ef7e4b2f46b98d
  custom:scripting/monoscript/fileName/HotfixTest2.cs: 8e85738438913476ef9e5c92cd26daad -> e6fb5855d637d49dacea7216888e03f7
  custom:scripting/monoscript/fileName/LinkXmlGen.cs: 91d69328c4b5d0ada19c3766b1b6ad15 -> f26ca07c1d6ecd8bde6b48a50ed6d393
  custom:scripting/monoscript/fileName/XLuaTest_Foo1ChildWrap.cs: 4e50b7c1fc1d91200bd6d308925718b7 -> 1c5e3d8cdf39c119ce22e5be32eae9dd
  custom:scripting/monoscript/fileName/LuaDLL.cs: a461d359c0f868ea297a4d0e0fa0810d -> 61e98a188b5f49dbf1a755838a97959a
  custom:scripting/monoscript/fileName/GenAttributes.cs: eecd24d8570c09b2ce8b7a7a7f2d3d12 -> d46b0cff88dfb044f17f4aed96768af1
  custom:scripting/monoscript/fileName/UnityEngine_ResourcesWrap.cs: 7881eec03c10cac6aed4968059672b77 -> 698ab99237a4262ce7f88356cded464a
  custom:scripting/monoscript/fileName/ExampleConfig.cs: 01010b4aed93329e34ab2c68a0d8c398 -> 96766ead2b0a0269b4571117ad9e65bc
  custom:scripting/monoscript/fileName/CSCallLua.cs: e37f012e62a4c619428574814b983ced -> 9d2ef4b275968bd22a483233fb8b554e
  custom:scripting/monoscript/fileName/Utils.cs: cf685c01caf3a4f894711b47bbf947e6 -> 55f902a32cb309b7a62f1e16aa1d617d
  custom:CustomObjectIndexerAttribute: 9a22284fe3817be447336de3de66b15e -> 
  custom:scripting/monoscript/fileName/LuaEnv.cs: 39b0b6f887cfc0f9d8b8bab4d9210e8f -> 89231863be1481a3b9e862fc4fbe0062
  custom:scripting/monoscript/fileName/EnumWrap.cs: e1678317fb40b1504377930932a65f00 -> 71aaf938165cbdbb0ac6c90ffee86023
  custom:container-demuxer-webm: 4f35f7cbe854078d1ac9338744f61a02 -> 
  custom:scripting/monoscript/fileName/UnityEngine_ParticleSystemWrap.cs: ea70451eecfa9db0287288ead2570a87 -> eee33c4ac5a2b762ef5a90683fe90f0f
  custom:scripting/monoscript/fileName/LuaException.cs: 1ddffcc2e8b89810add964c77207e13b -> c33171da8599ff6293dbea39eed5f2df
  custom:scripting/monoscript/fileName/InvokeLua.cs: 8d1030f275cd4c779c8aadb220460431 -> 7479efa8aadd7aed0020601aa4374477
  custom:scripting/monoscript/fileName/XLuaTest_BaseTestWrap.cs: 07e45de8fa2ee7650261714b0c2efcd8 -> 4f21680da7e23ca573808ca54815d505
  custom:scripting/monoscript/fileName/UnityEngine_BoundsWrap.cs: 0ac99f7c45b4a0aef916e0e5b49238c9 -> 3dd26eeb95bac2de8ce2da585d995261
  custom:scripting/monoscript/fileName/PackUnpack.cs: 7bf1a1e4b9a6d19c982a86f574107fe4 -> 273cbe68a303e04c83210a0d1b0dbfc8
  custom:scripting/monoscript/fileName/UnityEngine_KeyframeWrap.cs: 198c4d7f205e316a3726e83558840a1d -> f022c20884bfebd1cdba5d0a32b69287
  custom:scripting/monoscript/fileName/DelegatesGensBridge.cs: 14979ecd91d982a7d4b63ce8b241a2cb -> 9b33d1c344798966a03eb7d32474259e
  custom:scripting/monoscript/fileName/SignatureLoader.cs: f9b5b4f501bbc4033b1d26e1c53bc27d -> 2543099e1b7f94e78f488961484e5e52
  custom:scripting/monoscript/fileName/Coroutine_Runner.cs: 931214e1a723b03a7a230109c4225361 -> 690ad48fe9500ae79da028936c127982
  custom:container-muxer-webm: aa71ff27fc2769a1b78a27578f13a17b -> 
  custom:scripting/monoscript/fileName/NoGc.cs: 93f5576a58657b60a9c431df8280450e -> 468686911b292518222c0fc5fca7afd3
  custom:scripting/monoscript/fileName/ObjectPool.cs: bd4befac00d17d6ebf9e5f1d7d75cb4c -> 41af867cc123c070dfe6b15d45bb5402
  custom:video-decoder-webm-vp8: 9c59270c3fd7afecdb556c50c9e8de78 -> 
  custom:scripting/monoscript/fileName/XLuaTest_FooWrap.cs: 94d50054e40ab48511cae7fb0b602c9b -> abbeeb9782209030752aecf7c8307085
  custom:scripting/monoscript/fileName/Report.cs: 3c6fcdd086fb055c4c3456a5e0e35198 -> e51741919754948773e5898850c9f663
  custom:scripting/monoscript/fileName/Tutorial_DerivedClassExtensionsWrap.cs: 8d3a8d18ccf52ef11958b45f9012fc25 -> e71c7199b289862c70f81cc97fad9cd1
  custom:scripting/monoscript/fileName/System_Collections_Generic_List_1_System_Int32_Wrap.cs: 17851e7c00326059ae0787338228160b -> 0d81f6d3ce2afe6f735fa61fb6f44318
  custom:scripting/monoscript/fileName/XLuaGenAutoRegister.cs: d853ef44aabfccb80e0b7c076b61770b -> f7d7a1bdecea0875c31215b468d1ea3c
  custom:SearchIndexIgnoredProperties: e643bd26f0fe6173181afceb89e7c659 -> 
  custom:scripting/monoscript/fileName/UnityEngine_ColorWrap.cs: bd8e985ef59408a673873236ce871e73 -> a2199b901d8d68ac06d36f834d48f0de
  custom:AudioImporter_EditorPlatform: d09bf68614088b80899f8185d706f6e7 -> 
  custom:scripting/monoscript/fileName/GenericMethodExample.cs: 71308a9675c9d31b6584afd047da40d6 -> c3c4960d5a8b500e2f93697b37d06ae2
  custom:scripting/monoscript/fileName/TypeExtensions.cs: 68c704b8c6c4fa976b931eabe81ac9ee -> 6ecc1d6c2137d4648cc597a57d0741c7
  custom:scripting/monoscript/fileName/Tutorial_BaseClassWrap.cs: 0cb2af1d083b0b2c5e8cb36d24bfb39c -> 82bd31d966804ddf94755f42eec25c75
  custom:scripting/monoscript/fileName/UnityEngine_Ray2DWrap.cs: 0739f12fd5151febac857f4bf1dfbf4b -> 3948513cbdb210ff5fa49a4b2880e106
  custom:scripting/monoscript/fileName/UnityEngine_ComponentWrap.cs: e27295da2190ed2ebf55b5ac632d7f35 -> 3c3e0b9fedb2878f9f3fac771839136b
  custom:scripting/monoscript/fileName/CustomLoader.cs: 612387837da882e343b6793882f715b4 -> 3c04d951376acd618234995a34635baf
  custom:scripting/monoscript/fileName/BuildFromCLI.cs: a3c0f780c3b3a6e3a59fd5c2a4761ee3 -> ef1665cfd7adbd546e15cd58c9f7c486
  custom:scripting/monoscript/fileName/System_ObjectWrap.cs: c4f7132fadbd7f5f459fdffb106ce8ad -> 9fb5e5ed9e38c23dad1e0232edf0373b
  custom:scripting/monoscript/fileName/XLuaTest_Foo1ParentWrap.cs: 4d06c6c313846bbd2659cf013bd8c081 -> bc3faaa30d66f1a9334279476c37b2a8
  custom:scripting/monoscript/fileName/StatefullTest.cs: ac9082cda8d79beb987af6f68f5d30cd -> 5d22c8326914d95b29e418e9d014cf15
  custom:scripting/monoscript/fileName/InternalGlobals.cs: c7a0f72bef146ff41c15b3b535d6bdf9 -> 009e626d008ed11807341f4cf6fb3a9c
  custom:scripting/monoscript/fileName/XLuaTest_FooExtensionWrap.cs: 0cf66dd4ab170a1f2008f8b97f4f2106 -> 778d9d5cc8332e1d0739618b88aa2bb9
  custom:scripting/monoscript/fileName/DelegateBridge.cs: 59e13ad21dfacf0ee52e76776a9542b7 -> 4daef522f87298a8262553f6fd5bf8f2
  custom:scripting/monoscript/fileName/Foo.cs: b60484b40971b80860ed72eb65234dc1 -> f1cbde57f1c636c66a444cf720c99995
  custom:scripting/monoscript/fileName/UnityEngine_QuaternionWrap.cs: d7776a0aea79cbcec5ba2c36565a1173 -> 2be38f3d0f8715c9babd38533b7cc2f6
  custom:scripting/monoscript/fileName/ExampleGenConfig.cs: 402439a475ab0614d6514789dc967063 -> 2d21554d83bd53efca28765b954d65c7
  custom:scripting/monoscript/fileName/TemplateRef.cs: 894e64faa8518e7345655e4a3a343abf -> e57f72b6ec3c4672428b8339ce53c07a
  custom:scripting/monoscript/fileName/ByString.cs: 83f4bb3773b202a1550c80bc6c09d1a8 -> 71ac2dce49068f904e2150c45e200cdb
  custom:scripting/monoscript/fileName/UnityEngine_AnimationCurveWrap.cs: f2332648b2113d579022f7ac44ddf1a2 -> a1b4a7dab75f49fff03082ff025e4e5e
  custom:scripting/monoscript/fileName/XLuaTest_IExchangerBridge.cs: dbb2be54f36a2496a4425e7ceb90b9b9 -> a1b04ba231b7210d75c48779fb061387
  custom:scripting/monoscript/fileName/LuaBase.cs: fd57dc59c72dd7c1f0204d91abf1345d -> f0e74d4e175e23617aebee3a1fbf3735
  custom:scripting/monoscript/fileName/UnityEngine_LightWrap.cs: d3e76313bbab2d6f78618d0a96177993 -> afdccdb78964e15816bd84ff574e1d72
  custom:scripting/monoscript/fileName/System_Collections_IEnumeratorBridge.cs: e58d0dcf0aa39125fd572da9408c5a63 -> a6b8b2b6997973169c6bebc4e00197c3
  custom:scripting/monoscript/fileName/GenericDelegateBridge.cs: 14979ecd91d982a7d4b63ce8b241a2cb -> 9b33d1c344798966a03eb7d32474259e
  custom:video-encoder-webm-vp8: eb34c28f22e8b96e1ab97ce403110664 -> 
  custom:scripting/monoscript/fileName/LuaCallCs.cs: d69c2b3b74160f3f6c507a63e395d1b8 -> 80d51efbfa90ec9a93bf6c4f217fae70
  custom:scripting/monoscript/fileName/XLuaTest_Foo2ParentWrap.cs: 3cfc8bf6cad7ab5669e86f82da9efffc -> e55fdaf088679107b1602d0f4f018827
  custom:scripting/monoscript/fileName/Tutorial_CSCallLua_ItfDBridge.cs: d05148e45525d393370f3ca919d4cdc0 -> 4e0a8d0795850c18cf92cbc673dc6199
  custom:scripting/monoscript/fileName/UnityEngine_Vector2Wrap.cs: dfd1be4a9f736e54a226859ba85dbc30 -> d8bd11c5df83747314d76d2e1152a25a
  custom:audio-decoder-ogg-vorbis: bf7c407c2cedff20999df2af8eb42d56 -> 
  custom:scripting/monoscript/fileName/UnityEngine_GameObjectWrap.cs: c4cddad80b77cae4a3f64483d25e1457 -> 499beb086fe32ba82bd6b30d04f108ea
  custom:scripting/monoscript/fileName/XLuaTest_NoGcWrap.cs: 7c2153fc9ca9cd0a3cc8b2d8a5de2fcd -> b8ab725f3034c7583c772afc97e73cfe
  custom:scripting/monoscript/fileName/UnityEngine_DebugWrap.cs: a14c41c7fbd7dec62bec687de4c6fe27 -> 2a23054f13a8c643d838dbc57d787e1a
  custom:scripting/monoscript/fileName/TemplateEngine.cs: d4247539e36868281066dc2ffa847cbd -> 196c6eecd2e70276dab2c9a7b0cf2d59
  custom:scripting/monoscript/fileName/UnityEngine_SkinnedMeshRendererWrap.cs: 9ad169117eb1ff375ebe298216e6901c -> e6c3bb62aa80867a3afe5dcbb6224761
  custom:scripting/monoscript/fileName/CopyByValue.cs: 7bf1a1e4b9a6d19c982a86f574107fe4 -> 273cbe68a303e04c83210a0d1b0dbfc8
  custom:scripting/monoscript/fileName/Generator.cs: 5c2a3602a0cfb4641043518ccc18ad89 -> e11eefc36c86800da100cf1a4789c73c
  custom:scripting/monoscript/fileName/SignatureLoaderTest.cs: 37ed863ad0370c096ad98942100ce390 -> 8c9bdabb3430d1beabc1824b7aff6019
  custom:scripting/monoscript/fileName/HotfixTestCfg.cs: 7d41c7a61129380f568a08461036f7c3 -> a7321a5cbaeb2b6b22c71e624ff03625
  custom:scripting/monoscript/fileName/MessageBox.cs: 17d47f136e1a2eb08b8ca17667071821 -> febd8bda4c1c594acb6f720026ed3aee
  custom:scripting/monoscript/fileName/UnityEngine_TextAssetWrap.cs: a895654ec821ef871bab45f0bf4ab1bf -> 96eae3d139831963806db363328bfefe
  custom:scripting/monoscript/fileName/XLuaUnityDefaultConfig.cs: 847f92567dd164ad0f0a1c4536b7e6e7 -> 12ee8270b5ca2ec2875a29a6c838143c
  custom:scripting/monoscript/fileName/UnityEngine_TransformWrap.cs: 1ec7fdf0df78c54383c54d4890267885 -> 50d916bbc9cc3aa204547c1dbcf1b841
  custom:scripting/monoscript/fileName/UnityEngine_RendererWrap.cs: f2bb488dcafa31d4d1829db70de7e3de -> e28d66316639c5d4634a4f4176885c0f
  custom:scripting/monoscript/fileName/LuaFunction.cs: 6bea6a53e0ef7f4c19887edd95529fba -> 9f9e88fec2de37a51bb5cc9b6b08d6b9
  custom:audio-encoder-webm-vorbis: bf7c407c2cedff20999df2af8eb42d56 -> 
  custom:scripting/monoscript/fileName/XLuaTest_LuaBehaviourWrap.cs: eb21b90bdd58645712610184d1a6b02e -> 8a24807dde2ec4b5434d8876b84591df
  custom:scripting/monoscript/fileName/UnityEngine_Vector4Wrap.cs: 4736b1d9605ba5be814644e3bcc9e928 -> e876ed87f63c3dc401e686c851325f69
  custom:scripting/precompiled-assembly-types:Assembly-CSharp-Editor: 8329d2703a1fb80f61cc70ee984418c3 -> f3104d4e56e8a73f04df252396e09d4f
  custom:scripting/monoscript/fileName/XLuaTest_MyStructWrap.cs: 55519c14d8f95433c1b6e262daa1d322 -> bcfe0251bd793e1e64a466467ef9f39d
  custom:scripting/monoscript/fileName/StaticLuaCallbacks.cs: 806d4721af6e97ac563013320c7b3d7a -> 9d25aed2b0bb83738cfec7ef5ea55802
  custom:scripting/monoscript/fileName/UnityEngine_ObjectWrap.cs: acbfc6ebce3660b3cec600cb246312ee -> d239f04268fb712161f840d533347443
  custom:scripting/monoscript/fileName/RawObjectTest.cs: c3d9c6b1a141374366b8d8ccf99991a4 -> af9e06db1e13155c5410c0aa29232eac
  custom:scripting/monoscript/fileName/MethodWarpsCache.cs: a0fd87c86e3eda41e7890d27658be598 -> 182591812fc1e7cc805d3eb126c7629a
  custom:scripting/precompiled-assembly-types:Assembly-CSharp: 99b328417248fea24142d71679fac050 -> 6d2cbbca728bbcc514a1a97e862a8e21
  custom:scripting/monoscript/fileName/Tutorial_ICalcWrap.cs: 9802804745e09aa6d92fbca1a46de55a -> 03d02c9cf202af74271e6b9339f2aa97
========================================================================
Received Import Request.
  Time since last request: 537.283027 seconds.
  path: Assets/AB/LuaTxt/RolePanel.lua.txt
  artifactKey: Guid(94346a5c57d36104591a847c9ab4211b) Importer(815301076,1909f56bfc062723c751e8b465ee728b)
Start importing Assets/AB/LuaTxt/RolePanel.lua.txt using Guid(94346a5c57d36104591a847c9ab4211b) Importer(815301076,1909f56bfc062723c751e8b465ee728b) [PhysX] Initialized MultithreadedTaskDispatcher with 16 workers.
 -> (artifact id: '5b475402e6a3a7a0b21f2452e221bae4') in 0.013277 seconds
Number of updated asset objects reloaded before import = 0
Number of asset objects unloaded after import = 1
========================================================================
Received Prepare
Caller must complete domain reload
Begin MonoManager ReloadAssembly
- Loaded All Assemblies, in  0.622 seconds
Native extension for WindowsStandalone target not found
Mono: successfully reloaded assembly
- Finished resetting the current domain, in  1.435 seconds
Domain Reload Profiling: 2053ms
	BeginReloadAssembly (200ms)
		ExecutionOrderSort (0ms)
		DisableScriptedObjects (4ms)
		BackupInstance (0ms)
		ReleaseScriptingObjects (0ms)
		CreateAndSetChildDomain (44ms)
	RebuildCommonClasses (38ms)
	RebuildNativeTypeToScriptingClass (13ms)
	initialDomainReloadingComplete (34ms)
	LoadAllAssembliesAndSetupDomain (333ms)
		LoadAssemblies (417ms)
		RebuildTransferFunctionScriptingTraits (0ms)
		AnalyzeDomain (32ms)
			TypeCache.Refresh (22ms)
				TypeCache.ScanAssembly (0ms)
			ScanForSourceGeneratedMonoScriptInfo (0ms)
			ResolveRequiredComponents (8ms)
	FinalizeReload (1436ms)
		ReleaseScriptCaches (0ms)
		RebuildScriptCaches (0ms)
		SetupLoadedEditorAssemblies (592ms)
			LogAssemblyErrors (0ms)
			InitializePlatformSupportModulesInManaged (8ms)
			SetLoadedEditorAssemblies (3ms)
			RefreshPlugins (0ms)
			BeforeProcessingInitializeOnLoad (81ms)
			ProcessInitializeOnLoadAttributes (414ms)
			ProcessInitializeOnLoadMethodAttributes (74ms)
			AfterProcessingInitializeOnLoad (10ms)
			EditorAssembliesLoaded (0ms)
		ExecutionOrderSort2 (0ms)
		AwakeInstancesAfterBackupRestoration (7ms)
Refreshing native plugins compatible for Editor in 11.88 ms, found 4 plugins.
Preloading 0 native plugins for Editor in 0.00 ms.
Unloading 4363 Unused Serialized files (Serialized files now loaded: 0)
Unloading 17 unused Assets / (331.7 KB). Loaded Objects now: 4921.
Memory consumption went from 151.3 MB to 150.9 MB.
Total: 6.489000 ms (FindLiveObjects: 1.134800 ms CreateObjectMapping: 1.463900 ms MarkObjects: 3.551000 ms  DeleteObjects: 0.337400 ms)

Prepare: number of updated asset objects reloaded= 0
AssetImportParameters requested are different than current active one (requested -> active):
  custom:scripting/monoscript/fileName/AsyncTest.cs: ba7b296f91a53eb12a2f973e4bfe6187 -> 76ce712e1c4d409aac5fa695d71d244a
  custom:scripting/monoscript/fileName/XLuaTest_InvokeLua_ICalcBridge.cs: 30fde9c3feb0b30e098352b4dfeb9cae -> 39dbaec3aa6ccdef5b8e133e5c8d912d
  custom:scripting/monoscript/fileName/UnityEngine_BehaviourWrap.cs: 50be6300a89da29ca17ad67a2589a5ca -> 07f04650a03b829841e9fab9d7740454
  custom:scripting/monoscript/fileName/CoroutineTest.cs: 8ff63a150c08cc9bc1500a6e3305dabe -> b55b07dbd7b0751be4b88111c51a8597
  custom:scripting/monoscript/fileName/UnityEngine_WaitForSecondsWrap.cs: 14ce79597090ca49f32e5242d176e3e0 -> f924ebf1733d94f4d65590a1a94e6531
  custom:scripting/monoscript/fileName/XLuaTest_PeddingWrap.cs: 904ed3ab876976c36018836c17a5f7cd -> 87db0d803af8b6af633a98194cb11698
  custom:scripting/monoscript/fileName/LuaBehaviour.cs: c26b3945b1b2533a373318992b28370d -> 8501f2955baa2ae1e4b9dc9f246b814a
  custom:container-demuxer-ogg: 62fdf1f143b41e24485cea50d1cbac27 -> 
  custom:scripting/monoscript/fileName/ObjectTranslatorPool.cs: 0fcc88f1a2575820f34ed99efa865239 -> c088e49ccc65541c1471becee0155ecc
  custom:scripting/monoscript/fileName/ByFile.cs: 4175f9d405491cf5cd12d69fd7ad338b -> 6f3dfbef5ea17c4620534958e4e26f3b
  custom:scripting/monoscript/fileName/ObjectCasters.cs: 2e05dcad88217340e3469b49cb484a5e -> 0c1ed1f1cf3d518e5e522f4d874c21c2
  custom:scripting/monoscript/fileName/UnityEngine_Vector3Wrap.cs: ce0a23addf1a2b20f8676787382fe6da -> 63f465b9380555daafea25b4176adba5
  custom:scripting/monoscript/fileName/ReImplementInLua.cs: 95b77c9b6059158d95dc9a7ae2d1cdb1 -> ccd60d267132159582621b9635d9b5d9
  custom:scripting/monoscript/fileName/UnityEngine_RayWrap.cs: 1b2ced459e0f7fe10c0b5b9489be6f35 -> 0b84fbe6cabdb1173feb41e835ef3a40
  custom:scripting/monoscript/fileName/HotfixTest.cs: 1c02fcc866280314c2a4f14c6d154faa -> 3960e9f9315d94bf0223f379bfbd4a4a
  custom:scripting/monoscript/fileName/WrapPusher.cs: 3b3bd77f226a0f893aad8e7367a0f06b -> a7d84f614ae4cd3b956f9b8556cfd18e
  custom:scripting/monoscript/fileName/RawObject.cs: b7277126f2de8ab75c184e0ffceaa264 -> e4d66a2fce5b764d8103d4567ed38606
  custom:scripting/monoscript/fileName/Tutorial_DerivedClassWrap.cs: a9f1f1a33e70d4aca6ed43632ef080bc -> 1a8da11bcfc26039296e071510ba3246
  custom:video-decoder-ogg-theora: a1e56fd34408186e4bbccfd4996cb3dc -> 
  custom:scripting/monoscript/fileName/LuaTable.cs: 831d394b03ebb276485eae65adc1ccd5 -> afc244f7b5f5d0300b37ddf3297901ec
  custom:scripting/monoscript/fileName/XLuaTest_Foo2ChildWrap.cs: f25917eb49d7296a35740a2c6a4d40ec -> 30fab5c82eb5f5ffb38a0a6d668c1895
  custom:framework-win-MediaFoundation: 216162199b28c13a410421893ffa2e32 -> 
  custom:scripting/monoscript/fileName/UnityEngine_TimeWrap.cs: 582bbe1acbebc99abd038879d2ce291a -> 5e744018ad83dc4e6b5341356b280ff7
  custom:scripting/monoscript/fileName/ObjectTranslator.cs: 3684f948a56ed5cf93b0514e484d3f48 -> dd3d0b582d45a9b753aab5e6237efeb3
  custom:scripting/monoscript/fileName/UnityEngine_AnimationClipWrap.cs: 35e9dbce44e2400ca249a1b04e238032 -> 77a92debc688d37d0c76ed29e7849dc6
  custom:scripting/monoscript/fileName/UnityEngine_MonoBehaviourWrap.cs: ab88a4de07d1ed4d6902d46f78a9c2a5 -> 04d351bf9d6db68acd2847f2651b2d6b
  custom:scripting/monoscript/fileName/UnityEngine_MathfWrap.cs: b8423f29ae782d824fe5861eb133fe99 -> 333033f071a58c53b030860e1dc36f4e
  custom:scripting/monoscript/fileName/Helloworld.cs: 0111736be64650c2c199ab4f2d2240c1 -> 5df6067a12a0276271ef7e4b2f46b98d
  custom:scripting/monoscript/fileName/HotfixTest2.cs: 8e85738438913476ef9e5c92cd26daad -> e6fb5855d637d49dacea7216888e03f7
  custom:scripting/monoscript/fileName/LinkXmlGen.cs: 91d69328c4b5d0ada19c3766b1b6ad15 -> f26ca07c1d6ecd8bde6b48a50ed6d393
  custom:scripting/monoscript/fileName/XLuaTest_Foo1ChildWrap.cs: 4e50b7c1fc1d91200bd6d308925718b7 -> 1c5e3d8cdf39c119ce22e5be32eae9dd
  custom:scripting/monoscript/fileName/LuaDLL.cs: a461d359c0f868ea297a4d0e0fa0810d -> 61e98a188b5f49dbf1a755838a97959a
  custom:scripting/monoscript/fileName/GenAttributes.cs: eecd24d8570c09b2ce8b7a7a7f2d3d12 -> d46b0cff88dfb044f17f4aed96768af1
  custom:scripting/monoscript/fileName/UnityEngine_ResourcesWrap.cs: 7881eec03c10cac6aed4968059672b77 -> 698ab99237a4262ce7f88356cded464a
  custom:scripting/monoscript/fileName/ExampleConfig.cs: 01010b4aed93329e34ab2c68a0d8c398 -> 96766ead2b0a0269b4571117ad9e65bc
  custom:scripting/monoscript/fileName/CSCallLua.cs: e37f012e62a4c619428574814b983ced -> 9d2ef4b275968bd22a483233fb8b554e
  custom:scripting/monoscript/fileName/Utils.cs: cf685c01caf3a4f894711b47bbf947e6 -> 55f902a32cb309b7a62f1e16aa1d617d
  custom:CustomObjectIndexerAttribute: 9a22284fe3817be447336de3de66b15e -> 
  custom:scripting/monoscript/fileName/LuaEnv.cs: 39b0b6f887cfc0f9d8b8bab4d9210e8f -> 89231863be1481a3b9e862fc4fbe0062
  custom:scripting/monoscript/fileName/EnumWrap.cs: e1678317fb40b1504377930932a65f00 -> 71aaf938165cbdbb0ac6c90ffee86023
  custom:container-demuxer-webm: 4f35f7cbe854078d1ac9338744f61a02 -> 
  custom:scripting/monoscript/fileName/UnityEngine_ParticleSystemWrap.cs: ea70451eecfa9db0287288ead2570a87 -> eee33c4ac5a2b762ef5a90683fe90f0f
  custom:scripting/monoscript/fileName/LuaException.cs: 1ddffcc2e8b89810add964c77207e13b -> c33171da8599ff6293dbea39eed5f2df
  custom:scripting/monoscript/fileName/InvokeLua.cs: 8d1030f275cd4c779c8aadb220460431 -> 7479efa8aadd7aed0020601aa4374477
  custom:scripting/monoscript/fileName/XLuaTest_BaseTestWrap.cs: 07e45de8fa2ee7650261714b0c2efcd8 -> 4f21680da7e23ca573808ca54815d505
  custom:scripting/monoscript/fileName/UnityEngine_BoundsWrap.cs: 0ac99f7c45b4a0aef916e0e5b49238c9 -> 3dd26eeb95bac2de8ce2da585d995261
  custom:scripting/monoscript/fileName/PackUnpack.cs: 7bf1a1e4b9a6d19c982a86f574107fe4 -> 273cbe68a303e04c83210a0d1b0dbfc8
  custom:scripting/monoscript/fileName/UnityEngine_KeyframeWrap.cs: 198c4d7f205e316a3726e83558840a1d -> f022c20884bfebd1cdba5d0a32b69287
  custom:scripting/monoscript/fileName/DelegatesGensBridge.cs: 14979ecd91d982a7d4b63ce8b241a2cb -> 9b33d1c344798966a03eb7d32474259e
  custom:scripting/monoscript/fileName/SignatureLoader.cs: f9b5b4f501bbc4033b1d26e1c53bc27d -> 2543099e1b7f94e78f488961484e5e52
  custom:scripting/monoscript/fileName/Coroutine_Runner.cs: 931214e1a723b03a7a230109c4225361 -> 690ad48fe9500ae79da028936c127982
  custom:container-muxer-webm: aa71ff27fc2769a1b78a27578f13a17b -> 
  custom:scripting/monoscript/fileName/NoGc.cs: 93f5576a58657b60a9c431df8280450e -> 468686911b292518222c0fc5fca7afd3
  custom:scripting/monoscript/fileName/ObjectPool.cs: bd4befac00d17d6ebf9e5f1d7d75cb4c -> 41af867cc123c070dfe6b15d45bb5402
  custom:video-decoder-webm-vp8: 9c59270c3fd7afecdb556c50c9e8de78 -> 
  custom:scripting/monoscript/fileName/XLuaTest_FooWrap.cs: 94d50054e40ab48511cae7fb0b602c9b -> abbeeb9782209030752aecf7c8307085
  custom:scripting/monoscript/fileName/Report.cs: 3c6fcdd086fb055c4c3456a5e0e35198 -> e51741919754948773e5898850c9f663
  custom:scripting/monoscript/fileName/Tutorial_DerivedClassExtensionsWrap.cs: 8d3a8d18ccf52ef11958b45f9012fc25 -> e71c7199b289862c70f81cc97fad9cd1
  custom:scripting/monoscript/fileName/System_Collections_Generic_List_1_System_Int32_Wrap.cs: 17851e7c00326059ae0787338228160b -> 0d81f6d3ce2afe6f735fa61fb6f44318
  custom:scripting/monoscript/fileName/XLuaGenAutoRegister.cs: d853ef44aabfccb80e0b7c076b61770b -> f7d7a1bdecea0875c31215b468d1ea3c
  custom:SearchIndexIgnoredProperties: e643bd26f0fe6173181afceb89e7c659 -> 
  custom:scripting/monoscript/fileName/UnityEngine_ColorWrap.cs: bd8e985ef59408a673873236ce871e73 -> a2199b901d8d68ac06d36f834d48f0de
  custom:AudioImporter_EditorPlatform: d09bf68614088b80899f8185d706f6e7 -> 
  custom:scripting/monoscript/fileName/GenericMethodExample.cs: 71308a9675c9d31b6584afd047da40d6 -> c3c4960d5a8b500e2f93697b37d06ae2
  custom:scripting/monoscript/fileName/TypeExtensions.cs: 68c704b8c6c4fa976b931eabe81ac9ee -> 6ecc1d6c2137d4648cc597a57d0741c7
  custom:scripting/monoscript/fileName/Tutorial_BaseClassWrap.cs: 0cb2af1d083b0b2c5e8cb36d24bfb39c -> 82bd31d966804ddf94755f42eec25c75
  custom:scripting/monoscript/fileName/UnityEngine_Ray2DWrap.cs: 0739f12fd5151febac857f4bf1dfbf4b -> 3948513cbdb210ff5fa49a4b2880e106
  custom:scripting/monoscript/fileName/UnityEngine_ComponentWrap.cs: e27295da2190ed2ebf55b5ac632d7f35 -> 3c3e0b9fedb2878f9f3fac771839136b
  custom:scripting/monoscript/fileName/CustomLoader.cs: 612387837da882e343b6793882f715b4 -> 3c04d951376acd618234995a34635baf
  custom:scripting/monoscript/fileName/BuildFromCLI.cs: a3c0f780c3b3a6e3a59fd5c2a4761ee3 -> ef1665cfd7adbd546e15cd58c9f7c486
  custom:scripting/monoscript/fileName/System_ObjectWrap.cs: c4f7132fadbd7f5f459fdffb106ce8ad -> 9fb5e5ed9e38c23dad1e0232edf0373b
  custom:scripting/monoscript/fileName/XLuaTest_Foo1ParentWrap.cs: 4d06c6c313846bbd2659cf013bd8c081 -> bc3faaa30d66f1a9334279476c37b2a8
  custom:scripting/monoscript/fileName/StatefullTest.cs: ac9082cda8d79beb987af6f68f5d30cd -> 5d22c8326914d95b29e418e9d014cf15
  custom:scripting/monoscript/fileName/InternalGlobals.cs: c7a0f72bef146ff41c15b3b535d6bdf9 -> 009e626d008ed11807341f4cf6fb3a9c
  custom:scripting/monoscript/fileName/XLuaTest_FooExtensionWrap.cs: 0cf66dd4ab170a1f2008f8b97f4f2106 -> 778d9d5cc8332e1d0739618b88aa2bb9
  custom:scripting/monoscript/fileName/DelegateBridge.cs: 59e13ad21dfacf0ee52e76776a9542b7 -> 4daef522f87298a8262553f6fd5bf8f2
  custom:scripting/monoscript/fileName/Foo.cs: b60484b40971b80860ed72eb65234dc1 -> f1cbde57f1c636c66a444cf720c99995
  custom:scripting/monoscript/fileName/UnityEngine_QuaternionWrap.cs: d7776a0aea79cbcec5ba2c36565a1173 -> 2be38f3d0f8715c9babd38533b7cc2f6
  custom:scripting/monoscript/fileName/ExampleGenConfig.cs: 402439a475ab0614d6514789dc967063 -> 2d21554d83bd53efca28765b954d65c7
  custom:scripting/monoscript/fileName/TemplateRef.cs: 894e64faa8518e7345655e4a3a343abf -> e57f72b6ec3c4672428b8339ce53c07a
  custom:scripting/monoscript/fileName/ByString.cs: 83f4bb3773b202a1550c80bc6c09d1a8 -> 71ac2dce49068f904e2150c45e200cdb
  custom:scripting/monoscript/fileName/UnityEngine_AnimationCurveWrap.cs: f2332648b2113d579022f7ac44ddf1a2 -> a1b4a7dab75f49fff03082ff025e4e5e
  custom:scripting/monoscript/fileName/XLuaTest_IExchangerBridge.cs: dbb2be54f36a2496a4425e7ceb90b9b9 -> a1b04ba231b7210d75c48779fb061387
  custom:scripting/monoscript/fileName/LuaBase.cs: fd57dc59c72dd7c1f0204d91abf1345d -> f0e74d4e175e23617aebee3a1fbf3735
  custom:scripting/monoscript/fileName/UnityEngine_LightWrap.cs: d3e76313bbab2d6f78618d0a96177993 -> afdccdb78964e15816bd84ff574e1d72
  custom:scripting/monoscript/fileName/System_Collections_IEnumeratorBridge.cs: e58d0dcf0aa39125fd572da9408c5a63 -> a6b8b2b6997973169c6bebc4e00197c3
  custom:scripting/monoscript/fileName/GenericDelegateBridge.cs: 14979ecd91d982a7d4b63ce8b241a2cb -> 9b33d1c344798966a03eb7d32474259e
  custom:video-encoder-webm-vp8: eb34c28f22e8b96e1ab97ce403110664 -> 
  custom:scripting/monoscript/fileName/LuaCallCs.cs: d69c2b3b74160f3f6c507a63e395d1b8 -> 80d51efbfa90ec9a93bf6c4f217fae70
  custom:scripting/monoscript/fileName/XLuaTest_Foo2ParentWrap.cs: 3cfc8bf6cad7ab5669e86f82da9efffc -> e55fdaf088679107b1602d0f4f018827
  custom:scripting/monoscript/fileName/Tutorial_CSCallLua_ItfDBridge.cs: d05148e45525d393370f3ca919d4cdc0 -> 4e0a8d0795850c18cf92cbc673dc6199
  custom:scripting/monoscript/fileName/UnityEngine_Vector2Wrap.cs: dfd1be4a9f736e54a226859ba85dbc30 -> d8bd11c5df83747314d76d2e1152a25a
  custom:audio-decoder-ogg-vorbis: bf7c407c2cedff20999df2af8eb42d56 -> 
  custom:scripting/monoscript/fileName/UnityEngine_GameObjectWrap.cs: c4cddad80b77cae4a3f64483d25e1457 -> 499beb086fe32ba82bd6b30d04f108ea
  custom:scripting/monoscript/fileName/XLuaTest_NoGcWrap.cs: 7c2153fc9ca9cd0a3cc8b2d8a5de2fcd -> b8ab725f3034c7583c772afc97e73cfe
  custom:scripting/monoscript/fileName/UnityEngine_DebugWrap.cs: a14c41c7fbd7dec62bec687de4c6fe27 -> 2a23054f13a8c643d838dbc57d787e1a
  custom:scripting/monoscript/fileName/TemplateEngine.cs: d4247539e36868281066dc2ffa847cbd -> 196c6eecd2e70276dab2c9a7b0cf2d59
  custom:scripting/monoscript/fileName/UnityEngine_SkinnedMeshRendererWrap.cs: 9ad169117eb1ff375ebe298216e6901c -> e6c3bb62aa80867a3afe5dcbb6224761
  custom:scripting/monoscript/fileName/CopyByValue.cs: 7bf1a1e4b9a6d19c982a86f574107fe4 -> 273cbe68a303e04c83210a0d1b0dbfc8
  custom:scripting/monoscript/fileName/Generator.cs: 5c2a3602a0cfb4641043518ccc18ad89 -> e11eefc36c86800da100cf1a4789c73c
  custom:scripting/monoscript/fileName/SignatureLoaderTest.cs: 37ed863ad0370c096ad98942100ce390 -> 8c9bdabb3430d1beabc1824b7aff6019
  custom:scripting/monoscript/fileName/HotfixTestCfg.cs: 7d41c7a61129380f568a08461036f7c3 -> a7321a5cbaeb2b6b22c71e624ff03625
  custom:scripting/monoscript/fileName/MessageBox.cs: 17d47f136e1a2eb08b8ca17667071821 -> febd8bda4c1c594acb6f720026ed3aee
  custom:scripting/monoscript/fileName/UnityEngine_TextAssetWrap.cs: a895654ec821ef871bab45f0bf4ab1bf -> 96eae3d139831963806db363328bfefe
  custom:scripting/monoscript/fileName/XLuaUnityDefaultConfig.cs: 847f92567dd164ad0f0a1c4536b7e6e7 -> 12ee8270b5ca2ec2875a29a6c838143c
  custom:scripting/monoscript/fileName/UnityEngine_TransformWrap.cs: 1ec7fdf0df78c54383c54d4890267885 -> 50d916bbc9cc3aa204547c1dbcf1b841
  custom:scripting/monoscript/fileName/UnityEngine_RendererWrap.cs: f2bb488dcafa31d4d1829db70de7e3de -> e28d66316639c5d4634a4f4176885c0f
  custom:scripting/monoscript/fileName/LuaFunction.cs: 6bea6a53e0ef7f4c19887edd95529fba -> 9f9e88fec2de37a51bb5cc9b6b08d6b9
  custom:audio-encoder-webm-vorbis: bf7c407c2cedff20999df2af8eb42d56 -> 
  custom:scripting/monoscript/fileName/XLuaTest_LuaBehaviourWrap.cs: eb21b90bdd58645712610184d1a6b02e -> 8a24807dde2ec4b5434d8876b84591df
  custom:scripting/monoscript/fileName/UnityEngine_Vector4Wrap.cs: 4736b1d9605ba5be814644e3bcc9e928 -> e876ed87f63c3dc401e686c851325f69
  custom:scripting/precompiled-assembly-types:Assembly-CSharp-Editor: 8329d2703a1fb80f61cc70ee984418c3 -> f3104d4e56e8a73f04df252396e09d4f
  custom:scripting/monoscript/fileName/XLuaTest_MyStructWrap.cs: 55519c14d8f95433c1b6e262daa1d322 -> bcfe0251bd793e1e64a466467ef9f39d
  custom:scripting/monoscript/fileName/StaticLuaCallbacks.cs: 806d4721af6e97ac563013320c7b3d7a -> 9d25aed2b0bb83738cfec7ef5ea55802
  custom:scripting/monoscript/fileName/UnityEngine_ObjectWrap.cs: acbfc6ebce3660b3cec600cb246312ee -> d239f04268fb712161f840d533347443
  custom:scripting/monoscript/fileName/RawObjectTest.cs: c3d9c6b1a141374366b8d8ccf99991a4 -> af9e06db1e13155c5410c0aa29232eac
  custom:scripting/monoscript/fileName/MethodWarpsCache.cs: a0fd87c86e3eda41e7890d27658be598 -> 182591812fc1e7cc805d3eb126c7629a
  custom:scripting/precompiled-assembly-types:Assembly-CSharp: 99b328417248fea24142d71679fac050 -> 6d2cbbca728bbcc514a1a97e862a8e21
  custom:scripting/monoscript/fileName/Tutorial_ICalcWrap.cs: 9802804745e09aa6d92fbca1a46de55a -> 03d02c9cf202af74271e6b9339f2aa97
========================================================================
Received Prepare
Refreshing native plugins compatible for Editor in 9.49 ms, found 4 plugins.
Preloading 0 native plugins for Editor in 0.00 ms.
Unloading 4 Unused Serialized files (Serialized files now loaded: 0)
Unloading 4 unused Assets / (312.9 KB). Loaded Objects now: 4921.
Memory consumption went from 84.0 MB to 83.7 MB.
Total: 5.688500 ms (FindLiveObjects: 0.466500 ms CreateObjectMapping: 1.027800 ms MarkObjects: 4.078500 ms  DeleteObjects: 0.114600 ms)

Prepare: number of updated asset objects reloaded= 0
AssetImportParameters requested are different than current active one (requested -> active):
  custom:scripting/monoscript/fileName/AsyncTest.cs: ba7b296f91a53eb12a2f973e4bfe6187 -> 76ce712e1c4d409aac5fa695d71d244a
  custom:scripting/monoscript/fileName/XLuaTest_InvokeLua_ICalcBridge.cs: 30fde9c3feb0b30e098352b4dfeb9cae -> 39dbaec3aa6ccdef5b8e133e5c8d912d
  custom:scripting/monoscript/fileName/UnityEngine_BehaviourWrap.cs: 50be6300a89da29ca17ad67a2589a5ca -> 07f04650a03b829841e9fab9d7740454
  custom:scripting/monoscript/fileName/CoroutineTest.cs: 8ff63a150c08cc9bc1500a6e3305dabe -> b55b07dbd7b0751be4b88111c51a8597
  custom:scripting/monoscript/fileName/UnityEngine_WaitForSecondsWrap.cs: 14ce79597090ca49f32e5242d176e3e0 -> f924ebf1733d94f4d65590a1a94e6531
  custom:scripting/monoscript/fileName/XLuaTest_PeddingWrap.cs: 904ed3ab876976c36018836c17a5f7cd -> 87db0d803af8b6af633a98194cb11698
  custom:scripting/monoscript/fileName/LuaBehaviour.cs: c26b3945b1b2533a373318992b28370d -> 8501f2955baa2ae1e4b9dc9f246b814a
  custom:container-demuxer-ogg: 62fdf1f143b41e24485cea50d1cbac27 -> 
  custom:scripting/monoscript/fileName/ObjectTranslatorPool.cs: 0fcc88f1a2575820f34ed99efa865239 -> c088e49ccc65541c1471becee0155ecc
  custom:scripting/monoscript/fileName/ByFile.cs: 4175f9d405491cf5cd12d69fd7ad338b -> 6f3dfbef5ea17c4620534958e4e26f3b
  custom:scripting/monoscript/fileName/ObjectCasters.cs: 2e05dcad88217340e3469b49cb484a5e -> 0c1ed1f1cf3d518e5e522f4d874c21c2
  custom:scripting/monoscript/fileName/UnityEngine_Vector3Wrap.cs: ce0a23addf1a2b20f8676787382fe6da -> 63f465b9380555daafea25b4176adba5
  custom:scripting/monoscript/fileName/ReImplementInLua.cs: 95b77c9b6059158d95dc9a7ae2d1cdb1 -> ccd60d267132159582621b9635d9b5d9
  custom:scripting/monoscript/fileName/UnityEngine_RayWrap.cs: 1b2ced459e0f7fe10c0b5b9489be6f35 -> 0b84fbe6cabdb1173feb41e835ef3a40
  custom:scripting/monoscript/fileName/HotfixTest.cs: 1c02fcc866280314c2a4f14c6d154faa -> 3960e9f9315d94bf0223f379bfbd4a4a
  custom:scripting/monoscript/fileName/WrapPusher.cs: 3b3bd77f226a0f893aad8e7367a0f06b -> a7d84f614ae4cd3b956f9b8556cfd18e
  custom:scripting/monoscript/fileName/RawObject.cs: b7277126f2de8ab75c184e0ffceaa264 -> e4d66a2fce5b764d8103d4567ed38606
  custom:scripting/monoscript/fileName/Tutorial_DerivedClassWrap.cs: a9f1f1a33e70d4aca6ed43632ef080bc -> 1a8da11bcfc26039296e071510ba3246
  custom:video-decoder-ogg-theora: a1e56fd34408186e4bbccfd4996cb3dc -> 
  custom:scripting/monoscript/fileName/LuaTable.cs: 831d394b03ebb276485eae65adc1ccd5 -> afc244f7b5f5d0300b37ddf3297901ec
  custom:scripting/monoscript/fileName/XLuaTest_Foo2ChildWrap.cs: f25917eb49d7296a35740a2c6a4d40ec -> 30fab5c82eb5f5ffb38a0a6d668c1895
  custom:framework-win-MediaFoundation: 216162199b28c13a410421893ffa2e32 -> 
  custom:scripting/monoscript/fileName/UnityEngine_TimeWrap.cs: 582bbe1acbebc99abd038879d2ce291a -> 5e744018ad83dc4e6b5341356b280ff7
  custom:scripting/monoscript/fileName/ObjectTranslator.cs: 3684f948a56ed5cf93b0514e484d3f48 -> dd3d0b582d45a9b753aab5e6237efeb3
  custom:scripting/monoscript/fileName/UnityEngine_AnimationClipWrap.cs: 35e9dbce44e2400ca249a1b04e238032 -> 77a92debc688d37d0c76ed29e7849dc6
  custom:scripting/monoscript/fileName/UnityEngine_MonoBehaviourWrap.cs: ab88a4de07d1ed4d6902d46f78a9c2a5 -> 04d351bf9d6db68acd2847f2651b2d6b
  custom:scripting/monoscript/fileName/UnityEngine_MathfWrap.cs: b8423f29ae782d824fe5861eb133fe99 -> 333033f071a58c53b030860e1dc36f4e
  custom:scripting/monoscript/fileName/Helloworld.cs: 0111736be64650c2c199ab4f2d2240c1 -> 5df6067a12a0276271ef7e4b2f46b98d
  custom:scripting/monoscript/fileName/HotfixTest2.cs: 8e85738438913476ef9e5c92cd26daad -> e6fb5855d637d49dacea7216888e03f7
  custom:scripting/monoscript/fileName/LinkXmlGen.cs: 91d69328c4b5d0ada19c3766b1b6ad15 -> f26ca07c1d6ecd8bde6b48a50ed6d393
  custom:scripting/monoscript/fileName/XLuaTest_Foo1ChildWrap.cs: 4e50b7c1fc1d91200bd6d308925718b7 -> 1c5e3d8cdf39c119ce22e5be32eae9dd
  custom:scripting/monoscript/fileName/LuaDLL.cs: a461d359c0f868ea297a4d0e0fa0810d -> 61e98a188b5f49dbf1a755838a97959a
  custom:scripting/monoscript/fileName/GenAttributes.cs: eecd24d8570c09b2ce8b7a7a7f2d3d12 -> d46b0cff88dfb044f17f4aed96768af1
  custom:scripting/monoscript/fileName/UnityEngine_ResourcesWrap.cs: 7881eec03c10cac6aed4968059672b77 -> 698ab99237a4262ce7f88356cded464a
  custom:scripting/monoscript/fileName/ExampleConfig.cs: 01010b4aed93329e34ab2c68a0d8c398 -> 96766ead2b0a0269b4571117ad9e65bc
  custom:scripting/monoscript/fileName/CSCallLua.cs: e37f012e62a4c619428574814b983ced -> 9d2ef4b275968bd22a483233fb8b554e
  custom:scripting/monoscript/fileName/Utils.cs: cf685c01caf3a4f894711b47bbf947e6 -> 55f902a32cb309b7a62f1e16aa1d617d
  custom:CustomObjectIndexerAttribute: 9a22284fe3817be447336de3de66b15e -> 
  custom:scripting/monoscript/fileName/LuaEnv.cs: 39b0b6f887cfc0f9d8b8bab4d9210e8f -> 89231863be1481a3b9e862fc4fbe0062
  custom:scripting/monoscript/fileName/EnumWrap.cs: e1678317fb40b1504377930932a65f00 -> 71aaf938165cbdbb0ac6c90ffee86023
  custom:container-demuxer-webm: 4f35f7cbe854078d1ac9338744f61a02 -> 
  custom:scripting/monoscript/fileName/UnityEngine_ParticleSystemWrap.cs: ea70451eecfa9db0287288ead2570a87 -> eee33c4ac5a2b762ef5a90683fe90f0f
  custom:scripting/monoscript/fileName/LuaException.cs: 1ddffcc2e8b89810add964c77207e13b -> c33171da8599ff6293dbea39eed5f2df
  custom:scripting/monoscript/fileName/InvokeLua.cs: 8d1030f275cd4c779c8aadb220460431 -> 7479efa8aadd7aed0020601aa4374477
  custom:scripting/monoscript/fileName/XLuaTest_BaseTestWrap.cs: 07e45de8fa2ee7650261714b0c2efcd8 -> 4f21680da7e23ca573808ca54815d505
  custom:scripting/monoscript/fileName/UnityEngine_BoundsWrap.cs: 0ac99f7c45b4a0aef916e0e5b49238c9 -> 3dd26eeb95bac2de8ce2da585d995261
  custom:scripting/monoscript/fileName/PackUnpack.cs: 7bf1a1e4b9a6d19c982a86f574107fe4 -> 273cbe68a303e04c83210a0d1b0dbfc8
  custom:scripting/monoscript/fileName/UnityEngine_KeyframeWrap.cs: 198c4d7f205e316a3726e83558840a1d -> f022c20884bfebd1cdba5d0a32b69287
  custom:scripting/monoscript/fileName/DelegatesGensBridge.cs: 14979ecd91d982a7d4b63ce8b241a2cb -> 9b33d1c344798966a03eb7d32474259e
  custom:scripting/monoscript/fileName/SignatureLoader.cs: f9b5b4f501bbc4033b1d26e1c53bc27d -> 2543099e1b7f94e78f488961484e5e52
  custom:scripting/monoscript/fileName/Coroutine_Runner.cs: 931214e1a723b03a7a230109c4225361 -> 690ad48fe9500ae79da028936c127982
  custom:container-muxer-webm: aa71ff27fc2769a1b78a27578f13a17b -> 
  custom:scripting/monoscript/fileName/NoGc.cs: 93f5576a58657b60a9c431df8280450e -> 468686911b292518222c0fc5fca7afd3
  custom:scripting/monoscript/fileName/ObjectPool.cs: bd4befac00d17d6ebf9e5f1d7d75cb4c -> 41af867cc123c070dfe6b15d45bb5402
  custom:video-decoder-webm-vp8: 9c59270c3fd7afecdb556c50c9e8de78 -> 
  custom:scripting/monoscript/fileName/XLuaTest_FooWrap.cs: 94d50054e40ab48511cae7fb0b602c9b -> abbeeb9782209030752aecf7c8307085
  custom:scripting/monoscript/fileName/Report.cs: 3c6fcdd086fb055c4c3456a5e0e35198 -> e51741919754948773e5898850c9f663
  custom:scripting/monoscript/fileName/Tutorial_DerivedClassExtensionsWrap.cs: 8d3a8d18ccf52ef11958b45f9012fc25 -> e71c7199b289862c70f81cc97fad9cd1
  custom:scripting/monoscript/fileName/System_Collections_Generic_List_1_System_Int32_Wrap.cs: 17851e7c00326059ae0787338228160b -> 0d81f6d3ce2afe6f735fa61fb6f44318
  custom:scripting/monoscript/fileName/XLuaGenAutoRegister.cs: d853ef44aabfccb80e0b7c076b61770b -> f7d7a1bdecea0875c31215b468d1ea3c
  custom:SearchIndexIgnoredProperties: e643bd26f0fe6173181afceb89e7c659 -> 
  custom:scripting/monoscript/fileName/UnityEngine_ColorWrap.cs: bd8e985ef59408a673873236ce871e73 -> a2199b901d8d68ac06d36f834d48f0de
  custom:AudioImporter_EditorPlatform: d09bf68614088b80899f8185d706f6e7 -> 
  custom:scripting/monoscript/fileName/GenericMethodExample.cs: 71308a9675c9d31b6584afd047da40d6 -> c3c4960d5a8b500e2f93697b37d06ae2
  custom:scripting/monoscript/fileName/TypeExtensions.cs: 68c704b8c6c4fa976b931eabe81ac9ee -> 6ecc1d6c2137d4648cc597a57d0741c7
  custom:scripting/monoscript/fileName/Tutorial_BaseClassWrap.cs: 0cb2af1d083b0b2c5e8cb36d24bfb39c -> 82bd31d966804ddf94755f42eec25c75
  custom:scripting/monoscript/fileName/UnityEngine_Ray2DWrap.cs: 0739f12fd5151febac857f4bf1dfbf4b -> 3948513cbdb210ff5fa49a4b2880e106
  custom:scripting/monoscript/fileName/UnityEngine_ComponentWrap.cs: e27295da2190ed2ebf55b5ac632d7f35 -> 3c3e0b9fedb2878f9f3fac771839136b
  custom:scripting/monoscript/fileName/CustomLoader.cs: 612387837da882e343b6793882f715b4 -> 3c04d951376acd618234995a34635baf
  custom:scripting/monoscript/fileName/BuildFromCLI.cs: a3c0f780c3b3a6e3a59fd5c2a4761ee3 -> ef1665cfd7adbd546e15cd58c9f7c486
  custom:scripting/monoscript/fileName/System_ObjectWrap.cs: c4f7132fadbd7f5f459fdffb106ce8ad -> 9fb5e5ed9e38c23dad1e0232edf0373b
  custom:scripting/monoscript/fileName/XLuaTest_Foo1ParentWrap.cs: 4d06c6c313846bbd2659cf013bd8c081 -> bc3faaa30d66f1a9334279476c37b2a8
  custom:scripting/monoscript/fileName/StatefullTest.cs: ac9082cda8d79beb987af6f68f5d30cd -> 5d22c8326914d95b29e418e9d014cf15
  custom:scripting/monoscript/fileName/InternalGlobals.cs: c7a0f72bef146ff41c15b3b535d6bdf9 -> 009e626d008ed11807341f4cf6fb3a9c
  custom:scripting/monoscript/fileName/XLuaTest_FooExtensionWrap.cs: 0cf66dd4ab170a1f2008f8b97f4f2106 -> 778d9d5cc8332e1d0739618b88aa2bb9
  custom:scripting/monoscript/fileName/DelegateBridge.cs: 59e13ad21dfacf0ee52e76776a9542b7 -> 4daef522f87298a8262553f6fd5bf8f2
  custom:scripting/monoscript/fileName/Foo.cs: b60484b40971b80860ed72eb65234dc1 -> f1cbde57f1c636c66a444cf720c99995
  custom:scripting/monoscript/fileName/UnityEngine_QuaternionWrap.cs: d7776a0aea79cbcec5ba2c36565a1173 -> 2be38f3d0f8715c9babd38533b7cc2f6
  custom:scripting/monoscript/fileName/ExampleGenConfig.cs: 402439a475ab0614d6514789dc967063 -> 2d21554d83bd53efca28765b954d65c7
  custom:scripting/monoscript/fileName/TemplateRef.cs: 894e64faa8518e7345655e4a3a343abf -> e57f72b6ec3c4672428b8339ce53c07a
  custom:scripting/monoscript/fileName/ByString.cs: 83f4bb3773b202a1550c80bc6c09d1a8 -> 71ac2dce49068f904e2150c45e200cdb
  custom:scripting/monoscript/fileName/UnityEngine_AnimationCurveWrap.cs: f2332648b2113d579022f7ac44ddf1a2 -> a1b4a7dab75f49fff03082ff025e4e5e
  custom:scripting/monoscript/fileName/XLuaTest_IExchangerBridge.cs: dbb2be54f36a2496a4425e7ceb90b9b9 -> a1b04ba231b7210d75c48779fb061387
  custom:scripting/monoscript/fileName/LuaBase.cs: fd57dc59c72dd7c1f0204d91abf1345d -> f0e74d4e175e23617aebee3a1fbf3735
  custom:scripting/monoscript/fileName/UnityEngine_LightWrap.cs: d3e76313bbab2d6f78618d0a96177993 -> afdccdb78964e15816bd84ff574e1d72
  custom:scripting/monoscript/fileName/System_Collections_IEnumeratorBridge.cs: e58d0dcf0aa39125fd572da9408c5a63 -> a6b8b2b6997973169c6bebc4e00197c3
  custom:scripting/monoscript/fileName/GenericDelegateBridge.cs: 14979ecd91d982a7d4b63ce8b241a2cb -> 9b33d1c344798966a03eb7d32474259e
  custom:video-encoder-webm-vp8: eb34c28f22e8b96e1ab97ce403110664 -> 
  custom:scripting/monoscript/fileName/LuaCallCs.cs: d69c2b3b74160f3f6c507a63e395d1b8 -> 80d51efbfa90ec9a93bf6c4f217fae70
  custom:scripting/monoscript/fileName/XLuaTest_Foo2ParentWrap.cs: 3cfc8bf6cad7ab5669e86f82da9efffc -> e55fdaf088679107b1602d0f4f018827
  custom:scripting/monoscript/fileName/Tutorial_CSCallLua_ItfDBridge.cs: d05148e45525d393370f3ca919d4cdc0 -> 4e0a8d0795850c18cf92cbc673dc6199
  custom:scripting/monoscript/fileName/UnityEngine_Vector2Wrap.cs: dfd1be4a9f736e54a226859ba85dbc30 -> d8bd11c5df83747314d76d2e1152a25a
  custom:audio-decoder-ogg-vorbis: bf7c407c2cedff20999df2af8eb42d56 -> 
  custom:scripting/monoscript/fileName/UnityEngine_GameObjectWrap.cs: c4cddad80b77cae4a3f64483d25e1457 -> 499beb086fe32ba82bd6b30d04f108ea
  custom:scripting/monoscript/fileName/XLuaTest_NoGcWrap.cs: 7c2153fc9ca9cd0a3cc8b2d8a5de2fcd -> b8ab725f3034c7583c772afc97e73cfe
  custom:scripting/monoscript/fileName/UnityEngine_DebugWrap.cs: a14c41c7fbd7dec62bec687de4c6fe27 -> 2a23054f13a8c643d838dbc57d787e1a
  custom:scripting/monoscript/fileName/TemplateEngine.cs: d4247539e36868281066dc2ffa847cbd -> 196c6eecd2e70276dab2c9a7b0cf2d59
  custom:scripting/monoscript/fileName/UnityEngine_SkinnedMeshRendererWrap.cs: 9ad169117eb1ff375ebe298216e6901c -> e6c3bb62aa80867a3afe5dcbb6224761
  custom:scripting/monoscript/fileName/CopyByValue.cs: 7bf1a1e4b9a6d19c982a86f574107fe4 -> 273cbe68a303e04c83210a0d1b0dbfc8
  custom:scripting/monoscript/fileName/Generator.cs: 5c2a3602a0cfb4641043518ccc18ad89 -> e11eefc36c86800da100cf1a4789c73c
  custom:scripting/monoscript/fileName/SignatureLoaderTest.cs: 37ed863ad0370c096ad98942100ce390 -> 8c9bdabb3430d1beabc1824b7aff6019
  custom:scripting/monoscript/fileName/HotfixTestCfg.cs: 7d41c7a61129380f568a08461036f7c3 -> a7321a5cbaeb2b6b22c71e624ff03625
  custom:scripting/monoscript/fileName/MessageBox.cs: 17d47f136e1a2eb08b8ca17667071821 -> febd8bda4c1c594acb6f720026ed3aee
  custom:scripting/monoscript/fileName/UnityEngine_TextAssetWrap.cs: a895654ec821ef871bab45f0bf4ab1bf -> 96eae3d139831963806db363328bfefe
  custom:scripting/monoscript/fileName/XLuaUnityDefaultConfig.cs: 847f92567dd164ad0f0a1c4536b7e6e7 -> 12ee8270b5ca2ec2875a29a6c838143c
  custom:scripting/monoscript/fileName/UnityEngine_TransformWrap.cs: 1ec7fdf0df78c54383c54d4890267885 -> 50d916bbc9cc3aa204547c1dbcf1b841
  custom:scripting/monoscript/fileName/UnityEngine_RendererWrap.cs: f2bb488dcafa31d4d1829db70de7e3de -> e28d66316639c5d4634a4f4176885c0f
  custom:scripting/monoscript/fileName/LuaFunction.cs: 6bea6a53e0ef7f4c19887edd95529fba -> 9f9e88fec2de37a51bb5cc9b6b08d6b9
  custom:audio-encoder-webm-vorbis: bf7c407c2cedff20999df2af8eb42d56 -> 
  custom:scripting/monoscript/fileName/XLuaTest_LuaBehaviourWrap.cs: eb21b90bdd58645712610184d1a6b02e -> 8a24807dde2ec4b5434d8876b84591df
  custom:scripting/monoscript/fileName/UnityEngine_Vector4Wrap.cs: 4736b1d9605ba5be814644e3bcc9e928 -> e876ed87f63c3dc401e686c851325f69
  custom:scripting/precompiled-assembly-types:Assembly-CSharp-Editor: 8329d2703a1fb80f61cc70ee984418c3 -> f3104d4e56e8a73f04df252396e09d4f
  custom:scripting/monoscript/fileName/XLuaTest_MyStructWrap.cs: 55519c14d8f95433c1b6e262daa1d322 -> bcfe0251bd793e1e64a466467ef9f39d
  custom:scripting/monoscript/fileName/StaticLuaCallbacks.cs: 806d4721af6e97ac563013320c7b3d7a -> 9d25aed2b0bb83738cfec7ef5ea55802
  custom:scripting/monoscript/fileName/UnityEngine_ObjectWrap.cs: acbfc6ebce3660b3cec600cb246312ee -> d239f04268fb712161f840d533347443
  custom:scripting/monoscript/fileName/RawObjectTest.cs: c3d9c6b1a141374366b8d8ccf99991a4 -> af9e06db1e13155c5410c0aa29232eac
  custom:scripting/monoscript/fileName/MethodWarpsCache.cs: a0fd87c86e3eda41e7890d27658be598 -> 182591812fc1e7cc805d3eb126c7629a
  custom:scripting/precompiled-assembly-types:Assembly-CSharp: 99b328417248fea24142d71679fac050 -> 6d2cbbca728bbcc514a1a97e862a8e21
  custom:scripting/monoscript/fileName/Tutorial_ICalcWrap.cs: 9802804745e09aa6d92fbca1a46de55a -> 03d02c9cf202af74271e6b9339f2aa97
========================================================================
Received Prepare
Caller must complete domain reload
Begin MonoManager ReloadAssembly
- Loaded All Assemblies, in  0.597 seconds
Native extension for WindowsStandalone target not found
Mono: successfully reloaded assembly
- Finished resetting the current domain, in  1.221 seconds
Domain Reload Profiling: 1814ms
	BeginReloadAssembly (198ms)
		ExecutionOrderSort (0ms)
		DisableScriptedObjects (4ms)
		BackupInstance (0ms)
		ReleaseScriptingObjects (0ms)
		CreateAndSetChildDomain (51ms)
	RebuildCommonClasses (39ms)
	RebuildNativeTypeToScriptingClass (15ms)
	initialDomainReloadingComplete (45ms)
	LoadAllAssembliesAndSetupDomain (295ms)
		LoadAssemblies (375ms)
		RebuildTransferFunctionScriptingTraits (0ms)
		AnalyzeDomain (30ms)
			TypeCache.Refresh (18ms)
				TypeCache.ScanAssembly (0ms)
			ScanForSourceGeneratedMonoScriptInfo (0ms)
			ResolveRequiredComponents (7ms)
	FinalizeReload (1221ms)
		ReleaseScriptCaches (0ms)
		RebuildScriptCaches (0ms)
		SetupLoadedEditorAssemblies (492ms)
			LogAssemblyErrors (0ms)
			InitializePlatformSupportModulesInManaged (5ms)
			SetLoadedEditorAssemblies (3ms)
			RefreshPlugins (0ms)
			BeforeProcessingInitializeOnLoad (80ms)
			ProcessInitializeOnLoadAttributes (334ms)
			ProcessInitializeOnLoadMethodAttributes (62ms)
			AfterProcessingInitializeOnLoad (7ms)
			EditorAssembliesLoaded (0ms)
		ExecutionOrderSort2 (0ms)
		AwakeInstancesAfterBackupRestoration (7ms)
Refreshing native plugins compatible for Editor in 10.23 ms, found 4 plugins.
Preloading 0 native plugins for Editor in 0.00 ms.
Unloading 4364 Unused Serialized files (Serialized files now loaded: 0)
Unloading 17 unused Assets / (331.3 KB). Loaded Objects now: 4924.
Memory consumption went from 151.5 MB to 151.2 MB.
Total: 6.004000 ms (FindLiveObjects: 0.428700 ms CreateObjectMapping: 0.324100 ms MarkObjects: 4.938900 ms  DeleteObjects: 0.309900 ms)

Prepare: number of updated asset objects reloaded= 0
AssetImportParameters requested are different than current active one (requested -> active):
  custom:scripting/monoscript/fileName/AsyncTest.cs: ba7b296f91a53eb12a2f973e4bfe6187 -> 76ce712e1c4d409aac5fa695d71d244a
  custom:scripting/monoscript/fileName/XLuaTest_InvokeLua_ICalcBridge.cs: 30fde9c3feb0b30e098352b4dfeb9cae -> 39dbaec3aa6ccdef5b8e133e5c8d912d
  custom:scripting/monoscript/fileName/UnityEngine_BehaviourWrap.cs: 50be6300a89da29ca17ad67a2589a5ca -> 07f04650a03b829841e9fab9d7740454
  custom:scripting/monoscript/fileName/CoroutineTest.cs: 8ff63a150c08cc9bc1500a6e3305dabe -> b55b07dbd7b0751be4b88111c51a8597
  custom:scripting/monoscript/fileName/UnityEngine_WaitForSecondsWrap.cs: 14ce79597090ca49f32e5242d176e3e0 -> f924ebf1733d94f4d65590a1a94e6531
  custom:scripting/monoscript/fileName/XLuaTest_PeddingWrap.cs: 904ed3ab876976c36018836c17a5f7cd -> 87db0d803af8b6af633a98194cb11698
  custom:scripting/monoscript/fileName/LuaBehaviour.cs: c26b3945b1b2533a373318992b28370d -> 8501f2955baa2ae1e4b9dc9f246b814a
  custom:container-demuxer-ogg: 62fdf1f143b41e24485cea50d1cbac27 -> 
  custom:scripting/monoscript/fileName/ObjectTranslatorPool.cs: 0fcc88f1a2575820f34ed99efa865239 -> c088e49ccc65541c1471becee0155ecc
  custom:scripting/monoscript/fileName/ByFile.cs: 4175f9d405491cf5cd12d69fd7ad338b -> 6f3dfbef5ea17c4620534958e4e26f3b
  custom:scripting/monoscript/fileName/ObjectCasters.cs: 2e05dcad88217340e3469b49cb484a5e -> 0c1ed1f1cf3d518e5e522f4d874c21c2
  custom:scripting/monoscript/fileName/UnityEngine_Vector3Wrap.cs: ce0a23addf1a2b20f8676787382fe6da -> 63f465b9380555daafea25b4176adba5
  custom:scripting/monoscript/fileName/ReImplementInLua.cs: 95b77c9b6059158d95dc9a7ae2d1cdb1 -> ccd60d267132159582621b9635d9b5d9
  custom:scripting/monoscript/fileName/UnityEngine_RayWrap.cs: 1b2ced459e0f7fe10c0b5b9489be6f35 -> 0b84fbe6cabdb1173feb41e835ef3a40
  custom:scripting/monoscript/fileName/HotfixTest.cs: 1c02fcc866280314c2a4f14c6d154faa -> 3960e9f9315d94bf0223f379bfbd4a4a
  custom:scripting/monoscript/fileName/WrapPusher.cs: 3b3bd77f226a0f893aad8e7367a0f06b -> a7d84f614ae4cd3b956f9b8556cfd18e
  custom:scripting/monoscript/fileName/RawObject.cs: b7277126f2de8ab75c184e0ffceaa264 -> e4d66a2fce5b764d8103d4567ed38606
  custom:scripting/monoscript/fileName/Tutorial_DerivedClassWrap.cs: a9f1f1a33e70d4aca6ed43632ef080bc -> 1a8da11bcfc26039296e071510ba3246
  custom:video-decoder-ogg-theora: a1e56fd34408186e4bbccfd4996cb3dc -> 
  custom:scripting/monoscript/fileName/LuaTable.cs: 831d394b03ebb276485eae65adc1ccd5 -> afc244f7b5f5d0300b37ddf3297901ec
  custom:scripting/monoscript/fileName/XLuaTest_Foo2ChildWrap.cs: f25917eb49d7296a35740a2c6a4d40ec -> 30fab5c82eb5f5ffb38a0a6d668c1895
  custom:framework-win-MediaFoundation: 216162199b28c13a410421893ffa2e32 -> 
  custom:scripting/monoscript/fileName/UnityEngine_TimeWrap.cs: 582bbe1acbebc99abd038879d2ce291a -> 5e744018ad83dc4e6b5341356b280ff7
  custom:scripting/monoscript/fileName/ObjectTranslator.cs: 3684f948a56ed5cf93b0514e484d3f48 -> dd3d0b582d45a9b753aab5e6237efeb3
  custom:scripting/monoscript/fileName/UnityEngine_AnimationClipWrap.cs: 35e9dbce44e2400ca249a1b04e238032 -> 77a92debc688d37d0c76ed29e7849dc6
  custom:scripting/monoscript/fileName/UnityEngine_MonoBehaviourWrap.cs: ab88a4de07d1ed4d6902d46f78a9c2a5 -> 04d351bf9d6db68acd2847f2651b2d6b
  custom:scripting/monoscript/fileName/UnityEngine_MathfWrap.cs: b8423f29ae782d824fe5861eb133fe99 -> 333033f071a58c53b030860e1dc36f4e
  custom:scripting/monoscript/fileName/Helloworld.cs: 0111736be64650c2c199ab4f2d2240c1 -> 5df6067a12a0276271ef7e4b2f46b98d
  custom:scripting/monoscript/fileName/HotfixTest2.cs: 8e85738438913476ef9e5c92cd26daad -> e6fb5855d637d49dacea7216888e03f7
  custom:scripting/monoscript/fileName/LinkXmlGen.cs: 91d69328c4b5d0ada19c3766b1b6ad15 -> f26ca07c1d6ecd8bde6b48a50ed6d393
  custom:scripting/monoscript/fileName/XLuaTest_Foo1ChildWrap.cs: 4e50b7c1fc1d91200bd6d308925718b7 -> 1c5e3d8cdf39c119ce22e5be32eae9dd
  custom:scripting/monoscript/fileName/LuaDLL.cs: a461d359c0f868ea297a4d0e0fa0810d -> 61e98a188b5f49dbf1a755838a97959a
  custom:scripting/monoscript/fileName/GenAttributes.cs: eecd24d8570c09b2ce8b7a7a7f2d3d12 -> d46b0cff88dfb044f17f4aed96768af1
  custom:scripting/monoscript/fileName/UnityEngine_ResourcesWrap.cs: 7881eec03c10cac6aed4968059672b77 -> 698ab99237a4262ce7f88356cded464a
  custom:scripting/monoscript/fileName/ExampleConfig.cs: 01010b4aed93329e34ab2c68a0d8c398 -> 96766ead2b0a0269b4571117ad9e65bc
  custom:scripting/monoscript/fileName/CSCallLua.cs: e37f012e62a4c619428574814b983ced -> 9d2ef4b275968bd22a483233fb8b554e
  custom:scripting/monoscript/fileName/Utils.cs: cf685c01caf3a4f894711b47bbf947e6 -> 55f902a32cb309b7a62f1e16aa1d617d
  custom:CustomObjectIndexerAttribute: 9a22284fe3817be447336de3de66b15e -> 
  custom:scripting/monoscript/fileName/LuaEnv.cs: 39b0b6f887cfc0f9d8b8bab4d9210e8f -> 89231863be1481a3b9e862fc4fbe0062
  custom:scripting/monoscript/fileName/EnumWrap.cs: e1678317fb40b1504377930932a65f00 -> 71aaf938165cbdbb0ac6c90ffee86023
  custom:container-demuxer-webm: 4f35f7cbe854078d1ac9338744f61a02 -> 
  custom:scripting/monoscript/fileName/UnityEngine_ParticleSystemWrap.cs: ea70451eecfa9db0287288ead2570a87 -> eee33c4ac5a2b762ef5a90683fe90f0f
  custom:scripting/monoscript/fileName/LuaException.cs: 1ddffcc2e8b89810add964c77207e13b -> c33171da8599ff6293dbea39eed5f2df
  custom:scripting/monoscript/fileName/InvokeLua.cs: 8d1030f275cd4c779c8aadb220460431 -> 7479efa8aadd7aed0020601aa4374477
  custom:scripting/monoscript/fileName/XLuaTest_BaseTestWrap.cs: 07e45de8fa2ee7650261714b0c2efcd8 -> 4f21680da7e23ca573808ca54815d505
  custom:scripting/monoscript/fileName/UnityEngine_BoundsWrap.cs: 0ac99f7c45b4a0aef916e0e5b49238c9 -> 3dd26eeb95bac2de8ce2da585d995261
  custom:scripting/monoscript/fileName/PackUnpack.cs: 7bf1a1e4b9a6d19c982a86f574107fe4 -> 273cbe68a303e04c83210a0d1b0dbfc8
  custom:scripting/monoscript/fileName/UnityEngine_KeyframeWrap.cs: 198c4d7f205e316a3726e83558840a1d -> f022c20884bfebd1cdba5d0a32b69287
  custom:scripting/monoscript/fileName/DelegatesGensBridge.cs: 14979ecd91d982a7d4b63ce8b241a2cb -> 9b33d1c344798966a03eb7d32474259e
  custom:scripting/monoscript/fileName/SignatureLoader.cs: f9b5b4f501bbc4033b1d26e1c53bc27d -> 2543099e1b7f94e78f488961484e5e52
  custom:scripting/monoscript/fileName/Coroutine_Runner.cs: 931214e1a723b03a7a230109c4225361 -> 690ad48fe9500ae79da028936c127982
  custom:container-muxer-webm: aa71ff27fc2769a1b78a27578f13a17b -> 
  custom:scripting/monoscript/fileName/NoGc.cs: 93f5576a58657b60a9c431df8280450e -> 468686911b292518222c0fc5fca7afd3
  custom:scripting/monoscript/fileName/ObjectPool.cs: bd4befac00d17d6ebf9e5f1d7d75cb4c -> 41af867cc123c070dfe6b15d45bb5402
  custom:video-decoder-webm-vp8: 9c59270c3fd7afecdb556c50c9e8de78 -> 
  custom:scripting/monoscript/fileName/XLuaTest_FooWrap.cs: 94d50054e40ab48511cae7fb0b602c9b -> abbeeb9782209030752aecf7c8307085
  custom:scripting/monoscript/fileName/Report.cs: 3c6fcdd086fb055c4c3456a5e0e35198 -> e51741919754948773e5898850c9f663
  custom:scripting/monoscript/fileName/Tutorial_DerivedClassExtensionsWrap.cs: 8d3a8d18ccf52ef11958b45f9012fc25 -> e71c7199b289862c70f81cc97fad9cd1
  custom:scripting/monoscript/fileName/System_Collections_Generic_List_1_System_Int32_Wrap.cs: 17851e7c00326059ae0787338228160b -> 0d81f6d3ce2afe6f735fa61fb6f44318
  custom:scripting/monoscript/fileName/XLuaGenAutoRegister.cs: d853ef44aabfccb80e0b7c076b61770b -> f7d7a1bdecea0875c31215b468d1ea3c
  custom:SearchIndexIgnoredProperties: e643bd26f0fe6173181afceb89e7c659 -> 
  custom:scripting/monoscript/fileName/UnityEngine_ColorWrap.cs: bd8e985ef59408a673873236ce871e73 -> a2199b901d8d68ac06d36f834d48f0de
  custom:AudioImporter_EditorPlatform: d09bf68614088b80899f8185d706f6e7 -> 
  custom:scripting/monoscript/fileName/GenericMethodExample.cs: 71308a9675c9d31b6584afd047da40d6 -> c3c4960d5a8b500e2f93697b37d06ae2
  custom:scripting/monoscript/fileName/TypeExtensions.cs: 68c704b8c6c4fa976b931eabe81ac9ee -> 6ecc1d6c2137d4648cc597a57d0741c7
  custom:scripting/monoscript/fileName/Tutorial_BaseClassWrap.cs: 0cb2af1d083b0b2c5e8cb36d24bfb39c -> 82bd31d966804ddf94755f42eec25c75
  custom:scripting/monoscript/fileName/UnityEngine_Ray2DWrap.cs: 0739f12fd5151febac857f4bf1dfbf4b -> 3948513cbdb210ff5fa49a4b2880e106
  custom:scripting/monoscript/fileName/UnityEngine_ComponentWrap.cs: e27295da2190ed2ebf55b5ac632d7f35 -> 3c3e0b9fedb2878f9f3fac771839136b
  custom:scripting/monoscript/fileName/CustomLoader.cs: 612387837da882e343b6793882f715b4 -> 3c04d951376acd618234995a34635baf
  custom:scripting/monoscript/fileName/BuildFromCLI.cs: a3c0f780c3b3a6e3a59fd5c2a4761ee3 -> ef1665cfd7adbd546e15cd58c9f7c486
  custom:scripting/monoscript/fileName/System_ObjectWrap.cs: c4f7132fadbd7f5f459fdffb106ce8ad -> 9fb5e5ed9e38c23dad1e0232edf0373b
  custom:scripting/monoscript/fileName/XLuaTest_Foo1ParentWrap.cs: 4d06c6c313846bbd2659cf013bd8c081 -> bc3faaa30d66f1a9334279476c37b2a8
  custom:scripting/monoscript/fileName/StatefullTest.cs: ac9082cda8d79beb987af6f68f5d30cd -> 5d22c8326914d95b29e418e9d014cf15
  custom:scripting/monoscript/fileName/InternalGlobals.cs: c7a0f72bef146ff41c15b3b535d6bdf9 -> 009e626d008ed11807341f4cf6fb3a9c
  custom:scripting/monoscript/fileName/XLuaTest_FooExtensionWrap.cs: 0cf66dd4ab170a1f2008f8b97f4f2106 -> 778d9d5cc8332e1d0739618b88aa2bb9
  custom:scripting/monoscript/fileName/DelegateBridge.cs: 59e13ad21dfacf0ee52e76776a9542b7 -> 4daef522f87298a8262553f6fd5bf8f2
  custom:scripting/monoscript/fileName/Foo.cs: b60484b40971b80860ed72eb65234dc1 -> f1cbde57f1c636c66a444cf720c99995
  custom:scripting/monoscript/fileName/UnityEngine_QuaternionWrap.cs: d7776a0aea79cbcec5ba2c36565a1173 -> 2be38f3d0f8715c9babd38533b7cc2f6
  custom:scripting/monoscript/fileName/ExampleGenConfig.cs: 402439a475ab0614d6514789dc967063 -> 2d21554d83bd53efca28765b954d65c7
  custom:scripting/monoscript/fileName/TemplateRef.cs: 894e64faa8518e7345655e4a3a343abf -> e57f72b6ec3c4672428b8339ce53c07a
  custom:scripting/monoscript/fileName/ByString.cs: 83f4bb3773b202a1550c80bc6c09d1a8 -> 71ac2dce49068f904e2150c45e200cdb
  custom:scripting/monoscript/fileName/UnityEngine_AnimationCurveWrap.cs: f2332648b2113d579022f7ac44ddf1a2 -> a1b4a7dab75f49fff03082ff025e4e5e
  custom:scripting/monoscript/fileName/XLuaTest_IExchangerBridge.cs: dbb2be54f36a2496a4425e7ceb90b9b9 -> a1b04ba231b7210d75c48779fb061387
  custom:scripting/monoscript/fileName/LuaBase.cs: fd57dc59c72dd7c1f0204d91abf1345d -> f0e74d4e175e23617aebee3a1fbf3735
  custom:scripting/monoscript/fileName/UnityEngine_LightWrap.cs: d3e76313bbab2d6f78618d0a96177993 -> afdccdb78964e15816bd84ff574e1d72
  custom:scripting/monoscript/fileName/System_Collections_IEnumeratorBridge.cs: e58d0dcf0aa39125fd572da9408c5a63 -> a6b8b2b6997973169c6bebc4e00197c3
  custom:scripting/monoscript/fileName/GenericDelegateBridge.cs: 14979ecd91d982a7d4b63ce8b241a2cb -> 9b33d1c344798966a03eb7d32474259e
  custom:video-encoder-webm-vp8: eb34c28f22e8b96e1ab97ce403110664 -> 
  custom:scripting/monoscript/fileName/LuaCallCs.cs: d69c2b3b74160f3f6c507a63e395d1b8 -> 80d51efbfa90ec9a93bf6c4f217fae70
  custom:scripting/monoscript/fileName/XLuaTest_Foo2ParentWrap.cs: 3cfc8bf6cad7ab5669e86f82da9efffc -> e55fdaf088679107b1602d0f4f018827
  custom:scripting/monoscript/fileName/Tutorial_CSCallLua_ItfDBridge.cs: d05148e45525d393370f3ca919d4cdc0 -> 4e0a8d0795850c18cf92cbc673dc6199
  custom:scripting/monoscript/fileName/UnityEngine_Vector2Wrap.cs: dfd1be4a9f736e54a226859ba85dbc30 -> d8bd11c5df83747314d76d2e1152a25a
  custom:audio-decoder-ogg-vorbis: bf7c407c2cedff20999df2af8eb42d56 -> 
  custom:scripting/monoscript/fileName/UnityEngine_GameObjectWrap.cs: c4cddad80b77cae4a3f64483d25e1457 -> 499beb086fe32ba82bd6b30d04f108ea
  custom:scripting/monoscript/fileName/XLuaTest_NoGcWrap.cs: 7c2153fc9ca9cd0a3cc8b2d8a5de2fcd -> b8ab725f3034c7583c772afc97e73cfe
  custom:scripting/monoscript/fileName/UnityEngine_DebugWrap.cs: a14c41c7fbd7dec62bec687de4c6fe27 -> 2a23054f13a8c643d838dbc57d787e1a
  custom:scripting/monoscript/fileName/TemplateEngine.cs: d4247539e36868281066dc2ffa847cbd -> 196c6eecd2e70276dab2c9a7b0cf2d59
  custom:scripting/monoscript/fileName/UnityEngine_SkinnedMeshRendererWrap.cs: 9ad169117eb1ff375ebe298216e6901c -> e6c3bb62aa80867a3afe5dcbb6224761
  custom:scripting/monoscript/fileName/CopyByValue.cs: 7bf1a1e4b9a6d19c982a86f574107fe4 -> 273cbe68a303e04c83210a0d1b0dbfc8
  custom:scripting/monoscript/fileName/Generator.cs: 5c2a3602a0cfb4641043518ccc18ad89 -> e11eefc36c86800da100cf1a4789c73c
  custom:scripting/monoscript/fileName/SignatureLoaderTest.cs: 37ed863ad0370c096ad98942100ce390 -> 8c9bdabb3430d1beabc1824b7aff6019
  custom:scripting/monoscript/fileName/HotfixTestCfg.cs: 7d41c7a61129380f568a08461036f7c3 -> a7321a5cbaeb2b6b22c71e624ff03625
  custom:scripting/monoscript/fileName/MessageBox.cs: 17d47f136e1a2eb08b8ca17667071821 -> febd8bda4c1c594acb6f720026ed3aee
  custom:scripting/monoscript/fileName/UnityEngine_TextAssetWrap.cs: a895654ec821ef871bab45f0bf4ab1bf -> 96eae3d139831963806db363328bfefe
  custom:scripting/monoscript/fileName/XLuaUnityDefaultConfig.cs: 847f92567dd164ad0f0a1c4536b7e6e7 -> 12ee8270b5ca2ec2875a29a6c838143c
  custom:scripting/monoscript/fileName/UnityEngine_TransformWrap.cs: 1ec7fdf0df78c54383c54d4890267885 -> 50d916bbc9cc3aa204547c1dbcf1b841
  custom:scripting/monoscript/fileName/UnityEngine_RendererWrap.cs: f2bb488dcafa31d4d1829db70de7e3de -> e28d66316639c5d4634a4f4176885c0f
  custom:scripting/monoscript/fileName/LuaFunction.cs: 6bea6a53e0ef7f4c19887edd95529fba -> 9f9e88fec2de37a51bb5cc9b6b08d6b9
  custom:audio-encoder-webm-vorbis: bf7c407c2cedff20999df2af8eb42d56 -> 
  custom:scripting/monoscript/fileName/XLuaTest_LuaBehaviourWrap.cs: eb21b90bdd58645712610184d1a6b02e -> 8a24807dde2ec4b5434d8876b84591df
  custom:scripting/monoscript/fileName/UnityEngine_Vector4Wrap.cs: 4736b1d9605ba5be814644e3bcc9e928 -> e876ed87f63c3dc401e686c851325f69
  custom:scripting/precompiled-assembly-types:Assembly-CSharp-Editor: 8329d2703a1fb80f61cc70ee984418c3 -> f3104d4e56e8a73f04df252396e09d4f
  custom:scripting/monoscript/fileName/XLuaTest_MyStructWrap.cs: 55519c14d8f95433c1b6e262daa1d322 -> bcfe0251bd793e1e64a466467ef9f39d
  custom:scripting/monoscript/fileName/StaticLuaCallbacks.cs: 806d4721af6e97ac563013320c7b3d7a -> 9d25aed2b0bb83738cfec7ef5ea55802
  custom:scripting/monoscript/fileName/UnityEngine_ObjectWrap.cs: acbfc6ebce3660b3cec600cb246312ee -> d239f04268fb712161f840d533347443
  custom:scripting/monoscript/fileName/RawObjectTest.cs: c3d9c6b1a141374366b8d8ccf99991a4 -> af9e06db1e13155c5410c0aa29232eac
  custom:scripting/monoscript/fileName/MethodWarpsCache.cs: a0fd87c86e3eda41e7890d27658be598 -> 182591812fc1e7cc805d3eb126c7629a
  custom:scripting/precompiled-assembly-types:Assembly-CSharp: 99b328417248fea24142d71679fac050 -> 6d2cbbca728bbcc514a1a97e862a8e21
  custom:scripting/monoscript/fileName/Tutorial_ICalcWrap.cs: 9802804745e09aa6d92fbca1a46de55a -> 03d02c9cf202af74271e6b9339f2aa97
========================================================================
Received Prepare
Caller must complete domain reload
Begin MonoManager ReloadAssembly
- Loaded All Assemblies, in  0.645 seconds
Native extension for WindowsStandalone target not found
Mono: successfully reloaded assembly
- Finished resetting the current domain, in  1.268 seconds
Domain Reload Profiling: 1909ms
	BeginReloadAssembly (193ms)
		ExecutionOrderSort (0ms)
		DisableScriptedObjects (5ms)
		BackupInstance (0ms)
		ReleaseScriptingObjects (0ms)
		CreateAndSetChildDomain (45ms)
	RebuildCommonClasses (53ms)
	RebuildNativeTypeToScriptingClass (15ms)
	initialDomainReloadingComplete (31ms)
	LoadAllAssembliesAndSetupDomain (347ms)
		LoadAssemblies (396ms)
		RebuildTransferFunctionScriptingTraits (0ms)
		AnalyzeDomain (60ms)
			TypeCache.Refresh (26ms)
				TypeCache.ScanAssembly (5ms)
			ScanForSourceGeneratedMonoScriptInfo (17ms)
			ResolveRequiredComponents (12ms)
	FinalizeReload (1269ms)
		ReleaseScriptCaches (0ms)
		RebuildScriptCaches (0ms)
		SetupLoadedEditorAssemblies (507ms)
			LogAssemblyErrors (0ms)
			InitializePlatformSupportModulesInManaged (6ms)
			SetLoadedEditorAssemblies (3ms)
			RefreshPlugins (0ms)
			BeforeProcessingInitializeOnLoad (66ms)
			ProcessInitializeOnLoadAttributes (363ms)
			ProcessInitializeOnLoadMethodAttributes (63ms)
			AfterProcessingInitializeOnLoad (7ms)
			EditorAssembliesLoaded (0ms)
		ExecutionOrderSort2 (0ms)
		AwakeInstancesAfterBackupRestoration (8ms)
Refreshing native plugins compatible for Editor in 7.59 ms, found 4 plugins.
Preloading 0 native plugins for Editor in 0.00 ms.
Unloading 4311 Unused Serialized files (Serialized files now loaded: 0)
Unloading 70 unused Assets / (359.3 KB). Loaded Objects now: 4874.
Memory consumption went from 150.7 MB to 150.3 MB.
Total: 3.315800 ms (FindLiveObjects: 0.422400 ms CreateObjectMapping: 0.338600 ms MarkObjects: 2.387500 ms  DeleteObjects: 0.166000 ms)

Prepare: number of updated asset objects reloaded= 0
AssetImportParameters requested are different than current active one (requested -> active):
  custom:scripting/monoscript/fileName/AsyncTest.cs: ba7b296f91a53eb12a2f973e4bfe6187 -> 76ce712e1c4d409aac5fa695d71d244a
  custom:scripting/monoscript/fileName/XLuaTest_InvokeLua_ICalcBridge.cs: 30fde9c3feb0b30e098352b4dfeb9cae -> 39dbaec3aa6ccdef5b8e133e5c8d912d
  custom:scripting/monoscript/fileName/UnityEngine_BehaviourWrap.cs: 50be6300a89da29ca17ad67a2589a5ca -> 07f04650a03b829841e9fab9d7740454
  custom:scripting/monoscript/fileName/CoroutineTest.cs: 8ff63a150c08cc9bc1500a6e3305dabe -> b55b07dbd7b0751be4b88111c51a8597
  custom:scripting/monoscript/fileName/UnityEngine_WaitForSecondsWrap.cs: 14ce79597090ca49f32e5242d176e3e0 -> f924ebf1733d94f4d65590a1a94e6531
  custom:scripting/monoscript/fileName/XLuaTest_PeddingWrap.cs: 904ed3ab876976c36018836c17a5f7cd -> 87db0d803af8b6af633a98194cb11698
  custom:scripting/monoscript/fileName/LuaBehaviour.cs: c26b3945b1b2533a373318992b28370d -> 8501f2955baa2ae1e4b9dc9f246b814a
  custom:container-demuxer-ogg: 62fdf1f143b41e24485cea50d1cbac27 -> 
  custom:scripting/monoscript/fileName/ObjectTranslatorPool.cs: 0fcc88f1a2575820f34ed99efa865239 -> c088e49ccc65541c1471becee0155ecc
  custom:scripting/monoscript/fileName/ByFile.cs: 4175f9d405491cf5cd12d69fd7ad338b -> 6f3dfbef5ea17c4620534958e4e26f3b
  custom:scripting/monoscript/fileName/ObjectCasters.cs: 2e05dcad88217340e3469b49cb484a5e -> 0c1ed1f1cf3d518e5e522f4d874c21c2
  custom:scripting/monoscript/fileName/UnityEngine_Vector3Wrap.cs: ce0a23addf1a2b20f8676787382fe6da -> 63f465b9380555daafea25b4176adba5
  custom:scripting/monoscript/fileName/ReImplementInLua.cs: 95b77c9b6059158d95dc9a7ae2d1cdb1 -> ccd60d267132159582621b9635d9b5d9
  custom:scripting/monoscript/fileName/UnityEngine_RayWrap.cs: 1b2ced459e0f7fe10c0b5b9489be6f35 -> 0b84fbe6cabdb1173feb41e835ef3a40
  custom:scripting/monoscript/fileName/HotfixTest.cs: 1c02fcc866280314c2a4f14c6d154faa -> 3960e9f9315d94bf0223f379bfbd4a4a
  custom:scripting/monoscript/fileName/WrapPusher.cs: 3b3bd77f226a0f893aad8e7367a0f06b -> a7d84f614ae4cd3b956f9b8556cfd18e
  custom:scripting/monoscript/fileName/RawObject.cs: b7277126f2de8ab75c184e0ffceaa264 -> e4d66a2fce5b764d8103d4567ed38606
  custom:scripting/monoscript/fileName/Tutorial_DerivedClassWrap.cs: a9f1f1a33e70d4aca6ed43632ef080bc -> 1a8da11bcfc26039296e071510ba3246
  custom:video-decoder-ogg-theora: a1e56fd34408186e4bbccfd4996cb3dc -> 
  custom:scripting/monoscript/fileName/LuaTable.cs: 831d394b03ebb276485eae65adc1ccd5 -> afc244f7b5f5d0300b37ddf3297901ec
  custom:scripting/monoscript/fileName/XLuaTest_Foo2ChildWrap.cs: f25917eb49d7296a35740a2c6a4d40ec -> 30fab5c82eb5f5ffb38a0a6d668c1895
  custom:framework-win-MediaFoundation: 216162199b28c13a410421893ffa2e32 -> 
  custom:scripting/monoscript/fileName/UnityEngine_TimeWrap.cs: 582bbe1acbebc99abd038879d2ce291a -> 5e744018ad83dc4e6b5341356b280ff7
  custom:scripting/monoscript/fileName/ObjectTranslator.cs: 3684f948a56ed5cf93b0514e484d3f48 -> dd3d0b582d45a9b753aab5e6237efeb3
  custom:scripting/monoscript/fileName/UnityEngine_AnimationClipWrap.cs: 35e9dbce44e2400ca249a1b04e238032 -> 77a92debc688d37d0c76ed29e7849dc6
  custom:scripting/monoscript/fileName/UnityEngine_MonoBehaviourWrap.cs: ab88a4de07d1ed4d6902d46f78a9c2a5 -> 04d351bf9d6db68acd2847f2651b2d6b
  custom:scripting/monoscript/fileName/UnityEngine_MathfWrap.cs: b8423f29ae782d824fe5861eb133fe99 -> 333033f071a58c53b030860e1dc36f4e
  custom:scripting/monoscript/fileName/Helloworld.cs: 0111736be64650c2c199ab4f2d2240c1 -> 5df6067a12a0276271ef7e4b2f46b98d
  custom:scripting/monoscript/fileName/HotfixTest2.cs: 8e85738438913476ef9e5c92cd26daad -> e6fb5855d637d49dacea7216888e03f7
  custom:scripting/monoscript/fileName/LinkXmlGen.cs: 91d69328c4b5d0ada19c3766b1b6ad15 -> f26ca07c1d6ecd8bde6b48a50ed6d393
  custom:scripting/monoscript/fileName/XLuaTest_Foo1ChildWrap.cs: 4e50b7c1fc1d91200bd6d308925718b7 -> 1c5e3d8cdf39c119ce22e5be32eae9dd
  custom:scripting/monoscript/fileName/LuaDLL.cs: a461d359c0f868ea297a4d0e0fa0810d -> 61e98a188b5f49dbf1a755838a97959a
  custom:scripting/monoscript/fileName/GenAttributes.cs: eecd24d8570c09b2ce8b7a7a7f2d3d12 -> d46b0cff88dfb044f17f4aed96768af1
  custom:scripting/monoscript/fileName/UnityEngine_ResourcesWrap.cs: 7881eec03c10cac6aed4968059672b77 -> 698ab99237a4262ce7f88356cded464a
  custom:scripting/monoscript/fileName/ExampleConfig.cs: 01010b4aed93329e34ab2c68a0d8c398 -> 96766ead2b0a0269b4571117ad9e65bc
  custom:scripting/monoscript/fileName/CSCallLua.cs: e37f012e62a4c619428574814b983ced -> 9d2ef4b275968bd22a483233fb8b554e
  custom:scripting/monoscript/fileName/Utils.cs: cf685c01caf3a4f894711b47bbf947e6 -> 55f902a32cb309b7a62f1e16aa1d617d
  custom:CustomObjectIndexerAttribute: 9a22284fe3817be447336de3de66b15e -> 
  custom:scripting/monoscript/fileName/LuaEnv.cs: 39b0b6f887cfc0f9d8b8bab4d9210e8f -> 89231863be1481a3b9e862fc4fbe0062
  custom:scripting/monoscript/fileName/EnumWrap.cs: e1678317fb40b1504377930932a65f00 -> 71aaf938165cbdbb0ac6c90ffee86023
  custom:container-demuxer-webm: 4f35f7cbe854078d1ac9338744f61a02 -> 
  custom:scripting/monoscript/fileName/UnityEngine_ParticleSystemWrap.cs: ea70451eecfa9db0287288ead2570a87 -> eee33c4ac5a2b762ef5a90683fe90f0f
  custom:scripting/monoscript/fileName/LuaException.cs: 1ddffcc2e8b89810add964c77207e13b -> c33171da8599ff6293dbea39eed5f2df
  custom:scripting/monoscript/fileName/InvokeLua.cs: 8d1030f275cd4c779c8aadb220460431 -> 7479efa8aadd7aed0020601aa4374477
  custom:scripting/monoscript/fileName/XLuaTest_BaseTestWrap.cs: 07e45de8fa2ee7650261714b0c2efcd8 -> 4f21680da7e23ca573808ca54815d505
  custom:scripting/monoscript/fileName/UnityEngine_BoundsWrap.cs: 0ac99f7c45b4a0aef916e0e5b49238c9 -> 3dd26eeb95bac2de8ce2da585d995261
  custom:scripting/monoscript/fileName/PackUnpack.cs: 7bf1a1e4b9a6d19c982a86f574107fe4 -> 273cbe68a303e04c83210a0d1b0dbfc8
  custom:scripting/monoscript/fileName/UnityEngine_KeyframeWrap.cs: 198c4d7f205e316a3726e83558840a1d -> f022c20884bfebd1cdba5d0a32b69287
  custom:scripting/monoscript/fileName/DelegatesGensBridge.cs: 14979ecd91d982a7d4b63ce8b241a2cb -> 9b33d1c344798966a03eb7d32474259e
  custom:scripting/monoscript/fileName/SignatureLoader.cs: f9b5b4f501bbc4033b1d26e1c53bc27d -> 2543099e1b7f94e78f488961484e5e52
  custom:scripting/monoscript/fileName/Coroutine_Runner.cs: 931214e1a723b03a7a230109c4225361 -> 690ad48fe9500ae79da028936c127982
  custom:container-muxer-webm: aa71ff27fc2769a1b78a27578f13a17b -> 
  custom:scripting/monoscript/fileName/NoGc.cs: 93f5576a58657b60a9c431df8280450e -> 468686911b292518222c0fc5fca7afd3
  custom:scripting/monoscript/fileName/ObjectPool.cs: bd4befac00d17d6ebf9e5f1d7d75cb4c -> 41af867cc123c070dfe6b15d45bb5402
  custom:video-decoder-webm-vp8: 9c59270c3fd7afecdb556c50c9e8de78 -> 
  custom:scripting/monoscript/fileName/XLuaTest_FooWrap.cs: 94d50054e40ab48511cae7fb0b602c9b -> abbeeb9782209030752aecf7c8307085
  custom:scripting/monoscript/fileName/Report.cs: 3c6fcdd086fb055c4c3456a5e0e35198 -> e51741919754948773e5898850c9f663
  custom:scripting/monoscript/fileName/Tutorial_DerivedClassExtensionsWrap.cs: 8d3a8d18ccf52ef11958b45f9012fc25 -> e71c7199b289862c70f81cc97fad9cd1
  custom:scripting/monoscript/fileName/System_Collections_Generic_List_1_System_Int32_Wrap.cs: 17851e7c00326059ae0787338228160b -> 0d81f6d3ce2afe6f735fa61fb6f44318
  custom:scripting/monoscript/fileName/XLuaGenAutoRegister.cs: d853ef44aabfccb80e0b7c076b61770b -> f7d7a1bdecea0875c31215b468d1ea3c
  custom:SearchIndexIgnoredProperties: e643bd26f0fe6173181afceb89e7c659 -> 
  custom:scripting/monoscript/fileName/UnityEngine_ColorWrap.cs: bd8e985ef59408a673873236ce871e73 -> a2199b901d8d68ac06d36f834d48f0de
  custom:AudioImporter_EditorPlatform: d09bf68614088b80899f8185d706f6e7 -> 
  custom:scripting/monoscript/fileName/GenericMethodExample.cs: 71308a9675c9d31b6584afd047da40d6 -> c3c4960d5a8b500e2f93697b37d06ae2
  custom:scripting/monoscript/fileName/TypeExtensions.cs: 68c704b8c6c4fa976b931eabe81ac9ee -> 6ecc1d6c2137d4648cc597a57d0741c7
  custom:scripting/monoscript/fileName/Tutorial_BaseClassWrap.cs: 0cb2af1d083b0b2c5e8cb36d24bfb39c -> 82bd31d966804ddf94755f42eec25c75
  custom:scripting/monoscript/fileName/UnityEngine_Ray2DWrap.cs: 0739f12fd5151febac857f4bf1dfbf4b -> 3948513cbdb210ff5fa49a4b2880e106
  custom:scripting/monoscript/fileName/UnityEngine_ComponentWrap.cs: e27295da2190ed2ebf55b5ac632d7f35 -> 3c3e0b9fedb2878f9f3fac771839136b
  custom:scripting/monoscript/fileName/CustomLoader.cs: 612387837da882e343b6793882f715b4 -> 3c04d951376acd618234995a34635baf
  custom:scripting/monoscript/fileName/BuildFromCLI.cs: a3c0f780c3b3a6e3a59fd5c2a4761ee3 -> ef1665cfd7adbd546e15cd58c9f7c486
  custom:scripting/monoscript/fileName/System_ObjectWrap.cs: c4f7132fadbd7f5f459fdffb106ce8ad -> 9fb5e5ed9e38c23dad1e0232edf0373b
  custom:scripting/monoscript/fileName/XLuaTest_Foo1ParentWrap.cs: 4d06c6c313846bbd2659cf013bd8c081 -> bc3faaa30d66f1a9334279476c37b2a8
  custom:scripting/monoscript/fileName/StatefullTest.cs: ac9082cda8d79beb987af6f68f5d30cd -> 5d22c8326914d95b29e418e9d014cf15
  custom:scripting/monoscript/fileName/InternalGlobals.cs: c7a0f72bef146ff41c15b3b535d6bdf9 -> 009e626d008ed11807341f4cf6fb3a9c
  custom:scripting/monoscript/fileName/XLuaTest_FooExtensionWrap.cs: 0cf66dd4ab170a1f2008f8b97f4f2106 -> 778d9d5cc8332e1d0739618b88aa2bb9
  custom:scripting/monoscript/fileName/DelegateBridge.cs: 59e13ad21dfacf0ee52e76776a9542b7 -> 4daef522f87298a8262553f6fd5bf8f2
  custom:scripting/monoscript/fileName/Foo.cs: b60484b40971b80860ed72eb65234dc1 -> f1cbde57f1c636c66a444cf720c99995
  custom:scripting/monoscript/fileName/UnityEngine_QuaternionWrap.cs: d7776a0aea79cbcec5ba2c36565a1173 -> 2be38f3d0f8715c9babd38533b7cc2f6
  custom:scripting/monoscript/fileName/ExampleGenConfig.cs: 402439a475ab0614d6514789dc967063 -> 2d21554d83bd53efca28765b954d65c7
  custom:scripting/monoscript/fileName/TemplateRef.cs: 894e64faa8518e7345655e4a3a343abf -> e57f72b6ec3c4672428b8339ce53c07a
  custom:scripting/monoscript/fileName/ByString.cs: 83f4bb3773b202a1550c80bc6c09d1a8 -> 71ac2dce49068f904e2150c45e200cdb
  custom:scripting/monoscript/fileName/UnityEngine_AnimationCurveWrap.cs: f2332648b2113d579022f7ac44ddf1a2 -> a1b4a7dab75f49fff03082ff025e4e5e
  custom:scripting/monoscript/fileName/XLuaTest_IExchangerBridge.cs: dbb2be54f36a2496a4425e7ceb90b9b9 -> a1b04ba231b7210d75c48779fb061387
  custom:scripting/monoscript/fileName/LuaBase.cs: fd57dc59c72dd7c1f0204d91abf1345d -> f0e74d4e175e23617aebee3a1fbf3735
  custom:scripting/monoscript/fileName/UnityEngine_LightWrap.cs: d3e76313bbab2d6f78618d0a96177993 -> afdccdb78964e15816bd84ff574e1d72
  custom:scripting/monoscript/fileName/System_Collections_IEnumeratorBridge.cs: e58d0dcf0aa39125fd572da9408c5a63 -> a6b8b2b6997973169c6bebc4e00197c3
  custom:scripting/monoscript/fileName/GenericDelegateBridge.cs: 14979ecd91d982a7d4b63ce8b241a2cb -> 9b33d1c344798966a03eb7d32474259e
  custom:video-encoder-webm-vp8: eb34c28f22e8b96e1ab97ce403110664 -> 
  custom:scripting/monoscript/fileName/LuaCallCs.cs: d69c2b3b74160f3f6c507a63e395d1b8 -> 80d51efbfa90ec9a93bf6c4f217fae70
  custom:scripting/monoscript/fileName/XLuaTest_Foo2ParentWrap.cs: 3cfc8bf6cad7ab5669e86f82da9efffc -> e55fdaf088679107b1602d0f4f018827
  custom:scripting/monoscript/fileName/Tutorial_CSCallLua_ItfDBridge.cs: d05148e45525d393370f3ca919d4cdc0 -> 4e0a8d0795850c18cf92cbc673dc6199
  custom:scripting/monoscript/fileName/UnityEngine_Vector2Wrap.cs: dfd1be4a9f736e54a226859ba85dbc30 -> d8bd11c5df83747314d76d2e1152a25a
  custom:audio-decoder-ogg-vorbis: bf7c407c2cedff20999df2af8eb42d56 -> 
  custom:scripting/monoscript/fileName/UnityEngine_GameObjectWrap.cs: c4cddad80b77cae4a3f64483d25e1457 -> 499beb086fe32ba82bd6b30d04f108ea
  custom:scripting/monoscript/fileName/XLuaTest_NoGcWrap.cs: 7c2153fc9ca9cd0a3cc8b2d8a5de2fcd -> b8ab725f3034c7583c772afc97e73cfe
  custom:scripting/monoscript/fileName/UnityEngine_DebugWrap.cs: a14c41c7fbd7dec62bec687de4c6fe27 -> 2a23054f13a8c643d838dbc57d787e1a
  custom:scripting/monoscript/fileName/TemplateEngine.cs: d4247539e36868281066dc2ffa847cbd -> 196c6eecd2e70276dab2c9a7b0cf2d59
  custom:scripting/monoscript/fileName/UnityEngine_SkinnedMeshRendererWrap.cs: 9ad169117eb1ff375ebe298216e6901c -> e6c3bb62aa80867a3afe5dcbb6224761
  custom:scripting/monoscript/fileName/CopyByValue.cs: 7bf1a1e4b9a6d19c982a86f574107fe4 -> 273cbe68a303e04c83210a0d1b0dbfc8
  custom:scripting/monoscript/fileName/Generator.cs: 5c2a3602a0cfb4641043518ccc18ad89 -> e11eefc36c86800da100cf1a4789c73c
  custom:scripting/monoscript/fileName/SignatureLoaderTest.cs: 37ed863ad0370c096ad98942100ce390 -> 8c9bdabb3430d1beabc1824b7aff6019
  custom:scripting/monoscript/fileName/HotfixTestCfg.cs: 7d41c7a61129380f568a08461036f7c3 -> a7321a5cbaeb2b6b22c71e624ff03625
  custom:scripting/monoscript/fileName/MessageBox.cs: 17d47f136e1a2eb08b8ca17667071821 -> febd8bda4c1c594acb6f720026ed3aee
  custom:scripting/monoscript/fileName/UnityEngine_TextAssetWrap.cs: a895654ec821ef871bab45f0bf4ab1bf -> 96eae3d139831963806db363328bfefe
  custom:scripting/monoscript/fileName/XLuaUnityDefaultConfig.cs: 847f92567dd164ad0f0a1c4536b7e6e7 -> 12ee8270b5ca2ec2875a29a6c838143c
  custom:scripting/monoscript/fileName/UnityEngine_TransformWrap.cs: 1ec7fdf0df78c54383c54d4890267885 -> 50d916bbc9cc3aa204547c1dbcf1b841
  custom:scripting/monoscript/fileName/UnityEngine_RendererWrap.cs: f2bb488dcafa31d4d1829db70de7e3de -> e28d66316639c5d4634a4f4176885c0f
  custom:scripting/monoscript/fileName/LuaFunction.cs: 6bea6a53e0ef7f4c19887edd95529fba -> 9f9e88fec2de37a51bb5cc9b6b08d6b9
  custom:audio-encoder-webm-vorbis: bf7c407c2cedff20999df2af8eb42d56 -> 
  custom:scripting/monoscript/fileName/XLuaTest_LuaBehaviourWrap.cs: eb21b90bdd58645712610184d1a6b02e -> 8a24807dde2ec4b5434d8876b84591df
  custom:scripting/monoscript/fileName/UnityEngine_Vector4Wrap.cs: 4736b1d9605ba5be814644e3bcc9e928 -> e876ed87f63c3dc401e686c851325f69
  custom:scripting/precompiled-assembly-types:Assembly-CSharp-Editor: 8329d2703a1fb80f61cc70ee984418c3 -> f3104d4e56e8a73f04df252396e09d4f
  custom:scripting/monoscript/fileName/XLuaTest_MyStructWrap.cs: 55519c14d8f95433c1b6e262daa1d322 -> bcfe0251bd793e1e64a466467ef9f39d
  custom:scripting/monoscript/fileName/StaticLuaCallbacks.cs: 806d4721af6e97ac563013320c7b3d7a -> 9d25aed2b0bb83738cfec7ef5ea55802
  custom:scripting/monoscript/fileName/UnityEngine_ObjectWrap.cs: acbfc6ebce3660b3cec600cb246312ee -> d239f04268fb712161f840d533347443
  custom:scripting/monoscript/fileName/RawObjectTest.cs: c3d9c6b1a141374366b8d8ccf99991a4 -> af9e06db1e13155c5410c0aa29232eac
  custom:scripting/monoscript/fileName/MethodWarpsCache.cs: a0fd87c86e3eda41e7890d27658be598 -> 182591812fc1e7cc805d3eb126c7629a
  custom:scripting/precompiled-assembly-types:Assembly-CSharp: cfa94845adbe4abbe3ad7874ae813a74 -> 6d2cbbca728bbcc514a1a97e862a8e21
  custom:scripting/monoscript/fileName/Tutorial_ICalcWrap.cs: 9802804745e09aa6d92fbca1a46de55a -> 03d02c9cf202af74271e6b9339f2aa97
========================================================================
Received Prepare
Caller must complete domain reload
Begin MonoManager ReloadAssembly
- Loaded All Assemblies, in  0.621 seconds
Native extension for WindowsStandalone target not found
Mono: successfully reloaded assembly
- Finished resetting the current domain, in  1.143 seconds
Domain Reload Profiling: 1761ms
	BeginReloadAssembly (201ms)
		ExecutionOrderSort (0ms)
		DisableScriptedObjects (6ms)
		BackupInstance (0ms)
		ReleaseScriptingObjects (0ms)
		CreateAndSetChildDomain (39ms)
	RebuildCommonClasses (33ms)
	RebuildNativeTypeToScriptingClass (11ms)
	initialDomainReloadingComplete (35ms)
	LoadAllAssembliesAndSetupDomain (338ms)
		LoadAssemblies (410ms)
		RebuildTransferFunctionScriptingTraits (0ms)
		AnalyzeDomain (50ms)
			TypeCache.Refresh (21ms)
				TypeCache.ScanAssembly (3ms)
			ScanForSourceGeneratedMonoScriptInfo (15ms)
			ResolveRequiredComponents (12ms)
	FinalizeReload (1143ms)
		ReleaseScriptCaches (0ms)
		RebuildScriptCaches (0ms)
		SetupLoadedEditorAssemblies (488ms)
			LogAssemblyErrors (0ms)
			InitializePlatformSupportModulesInManaged (5ms)
			SetLoadedEditorAssemblies (3ms)
			RefreshPlugins (0ms)
			BeforeProcessingInitializeOnLoad (68ms)
			ProcessInitializeOnLoadAttributes (345ms)
			ProcessInitializeOnLoadMethodAttributes (59ms)
			AfterProcessingInitializeOnLoad (8ms)
			EditorAssembliesLoaded (0ms)
		ExecutionOrderSort2 (0ms)
		AwakeInstancesAfterBackupRestoration (8ms)
Refreshing native plugins compatible for Editor in 8.50 ms, found 4 plugins.
Preloading 0 native plugins for Editor in 0.00 ms.
Unloading 4364 Unused Serialized files (Serialized files now loaded: 0)
Unloading 17 unused Assets / (331.8 KB). Loaded Objects now: 4930.
Memory consumption went from 151.5 MB to 151.2 MB.
Total: 5.961100 ms (FindLiveObjects: 1.053000 ms CreateObjectMapping: 1.257400 ms MarkObjects: 3.522600 ms  DeleteObjects: 0.126300 ms)

Prepare: number of updated asset objects reloaded= 0
AssetImportParameters requested are different than current active one (requested -> active):
  custom:scripting/monoscript/fileName/AsyncTest.cs: ba7b296f91a53eb12a2f973e4bfe6187 -> 76ce712e1c4d409aac5fa695d71d244a
  custom:scripting/monoscript/fileName/XLuaTest_InvokeLua_ICalcBridge.cs: 30fde9c3feb0b30e098352b4dfeb9cae -> 39dbaec3aa6ccdef5b8e133e5c8d912d
  custom:scripting/monoscript/fileName/UnityEngine_BehaviourWrap.cs: 50be6300a89da29ca17ad67a2589a5ca -> 07f04650a03b829841e9fab9d7740454
  custom:scripting/monoscript/fileName/CoroutineTest.cs: 8ff63a150c08cc9bc1500a6e3305dabe -> b55b07dbd7b0751be4b88111c51a8597
  custom:scripting/monoscript/fileName/UnityEngine_WaitForSecondsWrap.cs: 14ce79597090ca49f32e5242d176e3e0 -> f924ebf1733d94f4d65590a1a94e6531
  custom:scripting/monoscript/fileName/XLuaTest_PeddingWrap.cs: 904ed3ab876976c36018836c17a5f7cd -> 87db0d803af8b6af633a98194cb11698
  custom:scripting/monoscript/fileName/LuaBehaviour.cs: c26b3945b1b2533a373318992b28370d -> 8501f2955baa2ae1e4b9dc9f246b814a
  custom:container-demuxer-ogg: 62fdf1f143b41e24485cea50d1cbac27 -> 
  custom:scripting/monoscript/fileName/ObjectTranslatorPool.cs: 0fcc88f1a2575820f34ed99efa865239 -> c088e49ccc65541c1471becee0155ecc
  custom:scripting/monoscript/fileName/ByFile.cs: 4175f9d405491cf5cd12d69fd7ad338b -> 6f3dfbef5ea17c4620534958e4e26f3b
  custom:scripting/monoscript/fileName/ObjectCasters.cs: 2e05dcad88217340e3469b49cb484a5e -> 0c1ed1f1cf3d518e5e522f4d874c21c2
  custom:scripting/monoscript/fileName/UnityEngine_Vector3Wrap.cs: ce0a23addf1a2b20f8676787382fe6da -> 63f465b9380555daafea25b4176adba5
  custom:scripting/monoscript/fileName/ReImplementInLua.cs: 95b77c9b6059158d95dc9a7ae2d1cdb1 -> ccd60d267132159582621b9635d9b5d9
  custom:scripting/monoscript/fileName/UnityEngine_RayWrap.cs: 1b2ced459e0f7fe10c0b5b9489be6f35 -> 0b84fbe6cabdb1173feb41e835ef3a40
  custom:scripting/monoscript/fileName/HotfixTest.cs: 1c02fcc866280314c2a4f14c6d154faa -> 3960e9f9315d94bf0223f379bfbd4a4a
  custom:scripting/monoscript/fileName/WrapPusher.cs: 3b3bd77f226a0f893aad8e7367a0f06b -> a7d84f614ae4cd3b956f9b8556cfd18e
  custom:scripting/monoscript/fileName/RawObject.cs: b7277126f2de8ab75c184e0ffceaa264 -> e4d66a2fce5b764d8103d4567ed38606
  custom:scripting/monoscript/fileName/Tutorial_DerivedClassWrap.cs: a9f1f1a33e70d4aca6ed43632ef080bc -> 1a8da11bcfc26039296e071510ba3246
  custom:video-decoder-ogg-theora: a1e56fd34408186e4bbccfd4996cb3dc -> 
  custom:scripting/monoscript/fileName/LuaTable.cs: 831d394b03ebb276485eae65adc1ccd5 -> afc244f7b5f5d0300b37ddf3297901ec
  custom:scripting/monoscript/fileName/XLuaTest_Foo2ChildWrap.cs: f25917eb49d7296a35740a2c6a4d40ec -> 30fab5c82eb5f5ffb38a0a6d668c1895
  custom:framework-win-MediaFoundation: 216162199b28c13a410421893ffa2e32 -> 
  custom:scripting/monoscript/fileName/UnityEngine_TimeWrap.cs: 582bbe1acbebc99abd038879d2ce291a -> 5e744018ad83dc4e6b5341356b280ff7
  custom:scripting/monoscript/fileName/ObjectTranslator.cs: 3684f948a56ed5cf93b0514e484d3f48 -> dd3d0b582d45a9b753aab5e6237efeb3
  custom:scripting/monoscript/fileName/UnityEngine_AnimationClipWrap.cs: 35e9dbce44e2400ca249a1b04e238032 -> 77a92debc688d37d0c76ed29e7849dc6
  custom:scripting/monoscript/fileName/UnityEngine_MonoBehaviourWrap.cs: ab88a4de07d1ed4d6902d46f78a9c2a5 -> 04d351bf9d6db68acd2847f2651b2d6b
  custom:scripting/monoscript/fileName/UnityEngine_MathfWrap.cs: b8423f29ae782d824fe5861eb133fe99 -> 333033f071a58c53b030860e1dc36f4e
  custom:scripting/monoscript/fileName/Helloworld.cs: 0111736be64650c2c199ab4f2d2240c1 -> 5df6067a12a0276271ef7e4b2f46b98d
  custom:scripting/monoscript/fileName/HotfixTest2.cs: 8e85738438913476ef9e5c92cd26daad -> e6fb5855d637d49dacea7216888e03f7
  custom:scripting/monoscript/fileName/LinkXmlGen.cs: 91d69328c4b5d0ada19c3766b1b6ad15 -> f26ca07c1d6ecd8bde6b48a50ed6d393
  custom:scripting/monoscript/fileName/XLuaTest_Foo1ChildWrap.cs: 4e50b7c1fc1d91200bd6d308925718b7 -> 1c5e3d8cdf39c119ce22e5be32eae9dd
  custom:scripting/monoscript/fileName/LuaDLL.cs: a461d359c0f868ea297a4d0e0fa0810d -> 61e98a188b5f49dbf1a755838a97959a
  custom:scripting/monoscript/fileName/GenAttributes.cs: eecd24d8570c09b2ce8b7a7a7f2d3d12 -> d46b0cff88dfb044f17f4aed96768af1
  custom:scripting/monoscript/fileName/UnityEngine_ResourcesWrap.cs: 7881eec03c10cac6aed4968059672b77 -> 698ab99237a4262ce7f88356cded464a
  custom:scripting/monoscript/fileName/ExampleConfig.cs: 01010b4aed93329e34ab2c68a0d8c398 -> 96766ead2b0a0269b4571117ad9e65bc
  custom:scripting/monoscript/fileName/CSCallLua.cs: e37f012e62a4c619428574814b983ced -> 9d2ef4b275968bd22a483233fb8b554e
  custom:scripting/monoscript/fileName/Utils.cs: cf685c01caf3a4f894711b47bbf947e6 -> 55f902a32cb309b7a62f1e16aa1d617d
  custom:CustomObjectIndexerAttribute: 9a22284fe3817be447336de3de66b15e -> 
  custom:scripting/monoscript/fileName/LuaEnv.cs: 39b0b6f887cfc0f9d8b8bab4d9210e8f -> 89231863be1481a3b9e862fc4fbe0062
  custom:scripting/monoscript/fileName/EnumWrap.cs: e1678317fb40b1504377930932a65f00 -> 71aaf938165cbdbb0ac6c90ffee86023
  custom:container-demuxer-webm: 4f35f7cbe854078d1ac9338744f61a02 -> 
  custom:scripting/monoscript/fileName/UnityEngine_ParticleSystemWrap.cs: ea70451eecfa9db0287288ead2570a87 -> eee33c4ac5a2b762ef5a90683fe90f0f
  custom:scripting/monoscript/fileName/LuaException.cs: 1ddffcc2e8b89810add964c77207e13b -> c33171da8599ff6293dbea39eed5f2df
  custom:scripting/monoscript/fileName/InvokeLua.cs: 8d1030f275cd4c779c8aadb220460431 -> 7479efa8aadd7aed0020601aa4374477
  custom:scripting/monoscript/fileName/XLuaTest_BaseTestWrap.cs: 07e45de8fa2ee7650261714b0c2efcd8 -> 4f21680da7e23ca573808ca54815d505
  custom:scripting/monoscript/fileName/UnityEngine_BoundsWrap.cs: 0ac99f7c45b4a0aef916e0e5b49238c9 -> 3dd26eeb95bac2de8ce2da585d995261
  custom:scripting/monoscript/fileName/PackUnpack.cs: 7bf1a1e4b9a6d19c982a86f574107fe4 -> 273cbe68a303e04c83210a0d1b0dbfc8
  custom:scripting/monoscript/fileName/UnityEngine_KeyframeWrap.cs: 198c4d7f205e316a3726e83558840a1d -> f022c20884bfebd1cdba5d0a32b69287
  custom:scripting/monoscript/fileName/DelegatesGensBridge.cs: 14979ecd91d982a7d4b63ce8b241a2cb -> 9b33d1c344798966a03eb7d32474259e
  custom:scripting/monoscript/fileName/SignatureLoader.cs: f9b5b4f501bbc4033b1d26e1c53bc27d -> 2543099e1b7f94e78f488961484e5e52
  custom:scripting/monoscript/fileName/Coroutine_Runner.cs: 931214e1a723b03a7a230109c4225361 -> 690ad48fe9500ae79da028936c127982
  custom:container-muxer-webm: aa71ff27fc2769a1b78a27578f13a17b -> 
  custom:scripting/monoscript/fileName/NoGc.cs: 93f5576a58657b60a9c431df8280450e -> 468686911b292518222c0fc5fca7afd3
  custom:scripting/monoscript/fileName/ObjectPool.cs: bd4befac00d17d6ebf9e5f1d7d75cb4c -> 41af867cc123c070dfe6b15d45bb5402
  custom:video-decoder-webm-vp8: 9c59270c3fd7afecdb556c50c9e8de78 -> 
  custom:scripting/monoscript/fileName/XLuaTest_FooWrap.cs: 94d50054e40ab48511cae7fb0b602c9b -> abbeeb9782209030752aecf7c8307085
  custom:scripting/monoscript/fileName/Report.cs: 3c6fcdd086fb055c4c3456a5e0e35198 -> e51741919754948773e5898850c9f663
  custom:scripting/monoscript/fileName/Tutorial_DerivedClassExtensionsWrap.cs: 8d3a8d18ccf52ef11958b45f9012fc25 -> e71c7199b289862c70f81cc97fad9cd1
  custom:scripting/monoscript/fileName/System_Collections_Generic_List_1_System_Int32_Wrap.cs: 17851e7c00326059ae0787338228160b -> 0d81f6d3ce2afe6f735fa61fb6f44318
  custom:scripting/monoscript/fileName/XLuaGenAutoRegister.cs: d853ef44aabfccb80e0b7c076b61770b -> f7d7a1bdecea0875c31215b468d1ea3c
  custom:SearchIndexIgnoredProperties: e643bd26f0fe6173181afceb89e7c659 -> 
  custom:scripting/monoscript/fileName/UnityEngine_ColorWrap.cs: bd8e985ef59408a673873236ce871e73 -> a2199b901d8d68ac06d36f834d48f0de
  custom:AudioImporter_EditorPlatform: d09bf68614088b80899f8185d706f6e7 -> 
  custom:scripting/monoscript/fileName/GenericMethodExample.cs: 71308a9675c9d31b6584afd047da40d6 -> c3c4960d5a8b500e2f93697b37d06ae2
  custom:scripting/monoscript/fileName/TypeExtensions.cs: 68c704b8c6c4fa976b931eabe81ac9ee -> 6ecc1d6c2137d4648cc597a57d0741c7
  custom:scripting/monoscript/fileName/Tutorial_BaseClassWrap.cs: 0cb2af1d083b0b2c5e8cb36d24bfb39c -> 82bd31d966804ddf94755f42eec25c75
  custom:scripting/monoscript/fileName/UnityEngine_Ray2DWrap.cs: 0739f12fd5151febac857f4bf1dfbf4b -> 3948513cbdb210ff5fa49a4b2880e106
  custom:scripting/monoscript/fileName/UnityEngine_ComponentWrap.cs: e27295da2190ed2ebf55b5ac632d7f35 -> 3c3e0b9fedb2878f9f3fac771839136b
  custom:scripting/monoscript/fileName/CustomLoader.cs: 612387837da882e343b6793882f715b4 -> 3c04d951376acd618234995a34635baf
  custom:scripting/monoscript/fileName/BuildFromCLI.cs: a3c0f780c3b3a6e3a59fd5c2a4761ee3 -> ef1665cfd7adbd546e15cd58c9f7c486
  custom:scripting/monoscript/fileName/System_ObjectWrap.cs: c4f7132fadbd7f5f459fdffb106ce8ad -> 9fb5e5ed9e38c23dad1e0232edf0373b
  custom:scripting/monoscript/fileName/XLuaTest_Foo1ParentWrap.cs: 4d06c6c313846bbd2659cf013bd8c081 -> bc3faaa30d66f1a9334279476c37b2a8
  custom:scripting/monoscript/fileName/StatefullTest.cs: ac9082cda8d79beb987af6f68f5d30cd -> 5d22c8326914d95b29e418e9d014cf15
  custom:scripting/monoscript/fileName/InternalGlobals.cs: c7a0f72bef146ff41c15b3b535d6bdf9 -> 009e626d008ed11807341f4cf6fb3a9c
  custom:scripting/monoscript/fileName/XLuaTest_FooExtensionWrap.cs: 0cf66dd4ab170a1f2008f8b97f4f2106 -> 778d9d5cc8332e1d0739618b88aa2bb9
  custom:scripting/monoscript/fileName/DelegateBridge.cs: 59e13ad21dfacf0ee52e76776a9542b7 -> 4daef522f87298a8262553f6fd5bf8f2
  custom:scripting/monoscript/fileName/Foo.cs: b60484b40971b80860ed72eb65234dc1 -> f1cbde57f1c636c66a444cf720c99995
  custom:scripting/monoscript/fileName/UnityEngine_QuaternionWrap.cs: d7776a0aea79cbcec5ba2c36565a1173 -> 2be38f3d0f8715c9babd38533b7cc2f6
  custom:scripting/monoscript/fileName/ExampleGenConfig.cs: 402439a475ab0614d6514789dc967063 -> 2d21554d83bd53efca28765b954d65c7
  custom:scripting/monoscript/fileName/TemplateRef.cs: 894e64faa8518e7345655e4a3a343abf -> e57f72b6ec3c4672428b8339ce53c07a
  custom:scripting/monoscript/fileName/ByString.cs: 83f4bb3773b202a1550c80bc6c09d1a8 -> 71ac2dce49068f904e2150c45e200cdb
  custom:scripting/monoscript/fileName/UnityEngine_AnimationCurveWrap.cs: f2332648b2113d579022f7ac44ddf1a2 -> a1b4a7dab75f49fff03082ff025e4e5e
  custom:scripting/monoscript/fileName/XLuaTest_IExchangerBridge.cs: dbb2be54f36a2496a4425e7ceb90b9b9 -> a1b04ba231b7210d75c48779fb061387
  custom:scripting/monoscript/fileName/LuaBase.cs: fd57dc59c72dd7c1f0204d91abf1345d -> f0e74d4e175e23617aebee3a1fbf3735
  custom:scripting/monoscript/fileName/UnityEngine_LightWrap.cs: d3e76313bbab2d6f78618d0a96177993 -> afdccdb78964e15816bd84ff574e1d72
  custom:scripting/monoscript/fileName/System_Collections_IEnumeratorBridge.cs: e58d0dcf0aa39125fd572da9408c5a63 -> a6b8b2b6997973169c6bebc4e00197c3
  custom:scripting/monoscript/fileName/GenericDelegateBridge.cs: 14979ecd91d982a7d4b63ce8b241a2cb -> 9b33d1c344798966a03eb7d32474259e
  custom:video-encoder-webm-vp8: eb34c28f22e8b96e1ab97ce403110664 -> 
  custom:scripting/monoscript/fileName/LuaCallCs.cs: d69c2b3b74160f3f6c507a63e395d1b8 -> 80d51efbfa90ec9a93bf6c4f217fae70
  custom:scripting/monoscript/fileName/XLuaTest_Foo2ParentWrap.cs: 3cfc8bf6cad7ab5669e86f82da9efffc -> e55fdaf088679107b1602d0f4f018827
  custom:scripting/monoscript/fileName/Tutorial_CSCallLua_ItfDBridge.cs: d05148e45525d393370f3ca919d4cdc0 -> 4e0a8d0795850c18cf92cbc673dc6199
  custom:scripting/monoscript/fileName/UnityEngine_Vector2Wrap.cs: dfd1be4a9f736e54a226859ba85dbc30 -> d8bd11c5df83747314d76d2e1152a25a
  custom:audio-decoder-ogg-vorbis: bf7c407c2cedff20999df2af8eb42d56 -> 
  custom:scripting/monoscript/fileName/UnityEngine_GameObjectWrap.cs: c4cddad80b77cae4a3f64483d25e1457 -> 499beb086fe32ba82bd6b30d04f108ea
  custom:scripting/monoscript/fileName/XLuaTest_NoGcWrap.cs: 7c2153fc9ca9cd0a3cc8b2d8a5de2fcd -> b8ab725f3034c7583c772afc97e73cfe
  custom:scripting/monoscript/fileName/UnityEngine_DebugWrap.cs: a14c41c7fbd7dec62bec687de4c6fe27 -> 2a23054f13a8c643d838dbc57d787e1a
  custom:scripting/monoscript/fileName/TemplateEngine.cs: d4247539e36868281066dc2ffa847cbd -> 196c6eecd2e70276dab2c9a7b0cf2d59
  custom:scripting/monoscript/fileName/UnityEngine_SkinnedMeshRendererWrap.cs: 9ad169117eb1ff375ebe298216e6901c -> e6c3bb62aa80867a3afe5dcbb6224761
  custom:scripting/monoscript/fileName/CopyByValue.cs: 7bf1a1e4b9a6d19c982a86f574107fe4 -> 273cbe68a303e04c83210a0d1b0dbfc8
  custom:scripting/monoscript/fileName/Generator.cs: 5c2a3602a0cfb4641043518ccc18ad89 -> e11eefc36c86800da100cf1a4789c73c
  custom:scripting/monoscript/fileName/SignatureLoaderTest.cs: 37ed863ad0370c096ad98942100ce390 -> 8c9bdabb3430d1beabc1824b7aff6019
  custom:scripting/monoscript/fileName/HotfixTestCfg.cs: 7d41c7a61129380f568a08461036f7c3 -> a7321a5cbaeb2b6b22c71e624ff03625
  custom:scripting/monoscript/fileName/MessageBox.cs: 17d47f136e1a2eb08b8ca17667071821 -> febd8bda4c1c594acb6f720026ed3aee
  custom:scripting/monoscript/fileName/UnityEngine_TextAssetWrap.cs: a895654ec821ef871bab45f0bf4ab1bf -> 96eae3d139831963806db363328bfefe
  custom:scripting/monoscript/fileName/XLuaUnityDefaultConfig.cs: 847f92567dd164ad0f0a1c4536b7e6e7 -> 12ee8270b5ca2ec2875a29a6c838143c
  custom:scripting/monoscript/fileName/UnityEngine_TransformWrap.cs: 1ec7fdf0df78c54383c54d4890267885 -> 50d916bbc9cc3aa204547c1dbcf1b841
  custom:scripting/monoscript/fileName/UnityEngine_RendererWrap.cs: f2bb488dcafa31d4d1829db70de7e3de -> e28d66316639c5d4634a4f4176885c0f
  custom:scripting/monoscript/fileName/LuaFunction.cs: 6bea6a53e0ef7f4c19887edd95529fba -> 9f9e88fec2de37a51bb5cc9b6b08d6b9
  custom:audio-encoder-webm-vorbis: bf7c407c2cedff20999df2af8eb42d56 -> 
  custom:scripting/monoscript/fileName/XLuaTest_LuaBehaviourWrap.cs: eb21b90bdd58645712610184d1a6b02e -> 8a24807dde2ec4b5434d8876b84591df
  custom:scripting/monoscript/fileName/UnityEngine_Vector4Wrap.cs: 4736b1d9605ba5be814644e3bcc9e928 -> e876ed87f63c3dc401e686c851325f69
  custom:scripting/precompiled-assembly-types:Assembly-CSharp-Editor: 8329d2703a1fb80f61cc70ee984418c3 -> f3104d4e56e8a73f04df252396e09d4f
  custom:scripting/monoscript/fileName/XLuaTest_MyStructWrap.cs: 55519c14d8f95433c1b6e262daa1d322 -> bcfe0251bd793e1e64a466467ef9f39d
  custom:scripting/monoscript/fileName/StaticLuaCallbacks.cs: 806d4721af6e97ac563013320c7b3d7a -> 9d25aed2b0bb83738cfec7ef5ea55802
  custom:scripting/monoscript/fileName/UnityEngine_ObjectWrap.cs: acbfc6ebce3660b3cec600cb246312ee -> d239f04268fb712161f840d533347443
  custom:scripting/monoscript/fileName/RawObjectTest.cs: c3d9c6b1a141374366b8d8ccf99991a4 -> af9e06db1e13155c5410c0aa29232eac
  custom:scripting/monoscript/fileName/MethodWarpsCache.cs: a0fd87c86e3eda41e7890d27658be598 -> 182591812fc1e7cc805d3eb126c7629a
  custom:scripting/precompiled-assembly-types:Assembly-CSharp: 99b328417248fea24142d71679fac050 -> 6d2cbbca728bbcc514a1a97e862a8e21
  custom:scripting/monoscript/fileName/Tutorial_ICalcWrap.cs: 9802804745e09aa6d92fbca1a46de55a -> 03d02c9cf202af74271e6b9339f2aa97
========================================================================
Received Prepare
Refreshing native plugins compatible for Editor in 8.16 ms, found 4 plugins.
Preloading 0 native plugins for Editor in 0.00 ms.
Unloading 4 Unused Serialized files (Serialized files now loaded: 0)
Unloading 4 unused Assets / (312.4 KB). Loaded Objects now: 4930.
Memory consumption went from 84.0 MB to 83.7 MB.
Total: 8.169100 ms (FindLiveObjects: 2.270300 ms CreateObjectMapping: 2.079300 ms MarkObjects: 3.646700 ms  DeleteObjects: 0.167900 ms)

Prepare: number of updated asset objects reloaded= 0
AssetImportParameters requested are different than current active one (requested -> active):
  custom:scripting/monoscript/fileName/AsyncTest.cs: ba7b296f91a53eb12a2f973e4bfe6187 -> 76ce712e1c4d409aac5fa695d71d244a
  custom:scripting/monoscript/fileName/XLuaTest_InvokeLua_ICalcBridge.cs: 30fde9c3feb0b30e098352b4dfeb9cae -> 39dbaec3aa6ccdef5b8e133e5c8d912d
  custom:scripting/monoscript/fileName/UnityEngine_BehaviourWrap.cs: 50be6300a89da29ca17ad67a2589a5ca -> 07f04650a03b829841e9fab9d7740454
  custom:scripting/monoscript/fileName/CoroutineTest.cs: 8ff63a150c08cc9bc1500a6e3305dabe -> b55b07dbd7b0751be4b88111c51a8597
  custom:scripting/monoscript/fileName/UnityEngine_WaitForSecondsWrap.cs: 14ce79597090ca49f32e5242d176e3e0 -> f924ebf1733d94f4d65590a1a94e6531
  custom:scripting/monoscript/fileName/XLuaTest_PeddingWrap.cs: 904ed3ab876976c36018836c17a5f7cd -> 87db0d803af8b6af633a98194cb11698
  custom:scripting/monoscript/fileName/LuaBehaviour.cs: c26b3945b1b2533a373318992b28370d -> 8501f2955baa2ae1e4b9dc9f246b814a
  custom:container-demuxer-ogg: 62fdf1f143b41e24485cea50d1cbac27 -> 
  custom:scripting/monoscript/fileName/ObjectTranslatorPool.cs: 0fcc88f1a2575820f34ed99efa865239 -> c088e49ccc65541c1471becee0155ecc
  custom:scripting/monoscript/fileName/ByFile.cs: 4175f9d405491cf5cd12d69fd7ad338b -> 6f3dfbef5ea17c4620534958e4e26f3b
  custom:scripting/monoscript/fileName/ObjectCasters.cs: 2e05dcad88217340e3469b49cb484a5e -> 0c1ed1f1cf3d518e5e522f4d874c21c2
  custom:scripting/monoscript/fileName/UnityEngine_Vector3Wrap.cs: ce0a23addf1a2b20f8676787382fe6da -> 63f465b9380555daafea25b4176adba5
  custom:scripting/monoscript/fileName/ReImplementInLua.cs: 95b77c9b6059158d95dc9a7ae2d1cdb1 -> ccd60d267132159582621b9635d9b5d9
  custom:scripting/monoscript/fileName/UnityEngine_RayWrap.cs: 1b2ced459e0f7fe10c0b5b9489be6f35 -> 0b84fbe6cabdb1173feb41e835ef3a40
  custom:scripting/monoscript/fileName/HotfixTest.cs: 1c02fcc866280314c2a4f14c6d154faa -> 3960e9f9315d94bf0223f379bfbd4a4a
  custom:scripting/monoscript/fileName/WrapPusher.cs: 3b3bd77f226a0f893aad8e7367a0f06b -> a7d84f614ae4cd3b956f9b8556cfd18e
  custom:scripting/monoscript/fileName/RawObject.cs: b7277126f2de8ab75c184e0ffceaa264 -> e4d66a2fce5b764d8103d4567ed38606
  custom:scripting/monoscript/fileName/Tutorial_DerivedClassWrap.cs: a9f1f1a33e70d4aca6ed43632ef080bc -> 1a8da11bcfc26039296e071510ba3246
  custom:video-decoder-ogg-theora: a1e56fd34408186e4bbccfd4996cb3dc -> 
  custom:scripting/monoscript/fileName/LuaTable.cs: 831d394b03ebb276485eae65adc1ccd5 -> afc244f7b5f5d0300b37ddf3297901ec
  custom:scripting/monoscript/fileName/XLuaTest_Foo2ChildWrap.cs: f25917eb49d7296a35740a2c6a4d40ec -> 30fab5c82eb5f5ffb38a0a6d668c1895
  custom:framework-win-MediaFoundation: 216162199b28c13a410421893ffa2e32 -> 
  custom:scripting/monoscript/fileName/UnityEngine_TimeWrap.cs: 582bbe1acbebc99abd038879d2ce291a -> 5e744018ad83dc4e6b5341356b280ff7
  custom:scripting/monoscript/fileName/ObjectTranslator.cs: 3684f948a56ed5cf93b0514e484d3f48 -> dd3d0b582d45a9b753aab5e6237efeb3
  custom:scripting/monoscript/fileName/UnityEngine_AnimationClipWrap.cs: 35e9dbce44e2400ca249a1b04e238032 -> 77a92debc688d37d0c76ed29e7849dc6
  custom:scripting/monoscript/fileName/UnityEngine_MonoBehaviourWrap.cs: ab88a4de07d1ed4d6902d46f78a9c2a5 -> 04d351bf9d6db68acd2847f2651b2d6b
  custom:scripting/monoscript/fileName/UnityEngine_MathfWrap.cs: b8423f29ae782d824fe5861eb133fe99 -> 333033f071a58c53b030860e1dc36f4e
  custom:scripting/monoscript/fileName/Helloworld.cs: 0111736be64650c2c199ab4f2d2240c1 -> 5df6067a12a0276271ef7e4b2f46b98d
  custom:scripting/monoscript/fileName/HotfixTest2.cs: 8e85738438913476ef9e5c92cd26daad -> e6fb5855d637d49dacea7216888e03f7
  custom:scripting/monoscript/fileName/LinkXmlGen.cs: 91d69328c4b5d0ada19c3766b1b6ad15 -> f26ca07c1d6ecd8bde6b48a50ed6d393
  custom:scripting/monoscript/fileName/XLuaTest_Foo1ChildWrap.cs: 4e50b7c1fc1d91200bd6d308925718b7 -> 1c5e3d8cdf39c119ce22e5be32eae9dd
  custom:scripting/monoscript/fileName/LuaDLL.cs: a461d359c0f868ea297a4d0e0fa0810d -> 61e98a188b5f49dbf1a755838a97959a
  custom:scripting/monoscript/fileName/GenAttributes.cs: eecd24d8570c09b2ce8b7a7a7f2d3d12 -> d46b0cff88dfb044f17f4aed96768af1
  custom:scripting/monoscript/fileName/UnityEngine_ResourcesWrap.cs: 7881eec03c10cac6aed4968059672b77 -> 698ab99237a4262ce7f88356cded464a
  custom:scripting/monoscript/fileName/ExampleConfig.cs: 01010b4aed93329e34ab2c68a0d8c398 -> 96766ead2b0a0269b4571117ad9e65bc
  custom:scripting/monoscript/fileName/CSCallLua.cs: e37f012e62a4c619428574814b983ced -> 9d2ef4b275968bd22a483233fb8b554e
  custom:scripting/monoscript/fileName/Utils.cs: cf685c01caf3a4f894711b47bbf947e6 -> 55f902a32cb309b7a62f1e16aa1d617d
  custom:CustomObjectIndexerAttribute: 9a22284fe3817be447336de3de66b15e -> 
  custom:scripting/monoscript/fileName/LuaEnv.cs: 39b0b6f887cfc0f9d8b8bab4d9210e8f -> 89231863be1481a3b9e862fc4fbe0062
  custom:scripting/monoscript/fileName/EnumWrap.cs: e1678317fb40b1504377930932a65f00 -> 71aaf938165cbdbb0ac6c90ffee86023
  custom:container-demuxer-webm: 4f35f7cbe854078d1ac9338744f61a02 -> 
  custom:scripting/monoscript/fileName/UnityEngine_ParticleSystemWrap.cs: ea70451eecfa9db0287288ead2570a87 -> eee33c4ac5a2b762ef5a90683fe90f0f
  custom:scripting/monoscript/fileName/LuaException.cs: 1ddffcc2e8b89810add964c77207e13b -> c33171da8599ff6293dbea39eed5f2df
  custom:scripting/monoscript/fileName/InvokeLua.cs: 8d1030f275cd4c779c8aadb220460431 -> 7479efa8aadd7aed0020601aa4374477
  custom:scripting/monoscript/fileName/XLuaTest_BaseTestWrap.cs: 07e45de8fa2ee7650261714b0c2efcd8 -> 4f21680da7e23ca573808ca54815d505
  custom:scripting/monoscript/fileName/UnityEngine_BoundsWrap.cs: 0ac99f7c45b4a0aef916e0e5b49238c9 -> 3dd26eeb95bac2de8ce2da585d995261
  custom:scripting/monoscript/fileName/PackUnpack.cs: 7bf1a1e4b9a6d19c982a86f574107fe4 -> 273cbe68a303e04c83210a0d1b0dbfc8
  custom:scripting/monoscript/fileName/UnityEngine_KeyframeWrap.cs: 198c4d7f205e316a3726e83558840a1d -> f022c20884bfebd1cdba5d0a32b69287
  custom:scripting/monoscript/fileName/DelegatesGensBridge.cs: 14979ecd91d982a7d4b63ce8b241a2cb -> 9b33d1c344798966a03eb7d32474259e
  custom:scripting/monoscript/fileName/SignatureLoader.cs: f9b5b4f501bbc4033b1d26e1c53bc27d -> 2543099e1b7f94e78f488961484e5e52
  custom:scripting/monoscript/fileName/Coroutine_Runner.cs: 931214e1a723b03a7a230109c4225361 -> 690ad48fe9500ae79da028936c127982
  custom:container-muxer-webm: aa71ff27fc2769a1b78a27578f13a17b -> 
  custom:scripting/monoscript/fileName/NoGc.cs: 93f5576a58657b60a9c431df8280450e -> 468686911b292518222c0fc5fca7afd3
  custom:scripting/monoscript/fileName/ObjectPool.cs: bd4befac00d17d6ebf9e5f1d7d75cb4c -> 41af867cc123c070dfe6b15d45bb5402
  custom:video-decoder-webm-vp8: 9c59270c3fd7afecdb556c50c9e8de78 -> 
  custom:scripting/monoscript/fileName/XLuaTest_FooWrap.cs: 94d50054e40ab48511cae7fb0b602c9b -> abbeeb9782209030752aecf7c8307085
  custom:scripting/monoscript/fileName/Report.cs: 3c6fcdd086fb055c4c3456a5e0e35198 -> e51741919754948773e5898850c9f663
  custom:scripting/monoscript/fileName/Tutorial_DerivedClassExtensionsWrap.cs: 8d3a8d18ccf52ef11958b45f9012fc25 -> e71c7199b289862c70f81cc97fad9cd1
  custom:scripting/monoscript/fileName/System_Collections_Generic_List_1_System_Int32_Wrap.cs: 17851e7c00326059ae0787338228160b -> 0d81f6d3ce2afe6f735fa61fb6f44318
  custom:scripting/monoscript/fileName/XLuaGenAutoRegister.cs: d853ef44aabfccb80e0b7c076b61770b -> f7d7a1bdecea0875c31215b468d1ea3c
  custom:SearchIndexIgnoredProperties: e643bd26f0fe6173181afceb89e7c659 -> 
  custom:scripting/monoscript/fileName/UnityEngine_ColorWrap.cs: bd8e985ef59408a673873236ce871e73 -> a2199b901d8d68ac06d36f834d48f0de
  custom:AudioImporter_EditorPlatform: d09bf68614088b80899f8185d706f6e7 -> 
  custom:scripting/monoscript/fileName/GenericMethodExample.cs: 71308a9675c9d31b6584afd047da40d6 -> c3c4960d5a8b500e2f93697b37d06ae2
  custom:scripting/monoscript/fileName/TypeExtensions.cs: 68c704b8c6c4fa976b931eabe81ac9ee -> 6ecc1d6c2137d4648cc597a57d0741c7
  custom:scripting/monoscript/fileName/Tutorial_BaseClassWrap.cs: 0cb2af1d083b0b2c5e8cb36d24bfb39c -> 82bd31d966804ddf94755f42eec25c75
  custom:scripting/monoscript/fileName/UnityEngine_Ray2DWrap.cs: 0739f12fd5151febac857f4bf1dfbf4b -> 3948513cbdb210ff5fa49a4b2880e106
  custom:scripting/monoscript/fileName/UnityEngine_ComponentWrap.cs: e27295da2190ed2ebf55b5ac632d7f35 -> 3c3e0b9fedb2878f9f3fac771839136b
  custom:scripting/monoscript/fileName/CustomLoader.cs: 612387837da882e343b6793882f715b4 -> 3c04d951376acd618234995a34635baf
  custom:scripting/monoscript/fileName/BuildFromCLI.cs: a3c0f780c3b3a6e3a59fd5c2a4761ee3 -> ef1665cfd7adbd546e15cd58c9f7c486
  custom:scripting/monoscript/fileName/System_ObjectWrap.cs: c4f7132fadbd7f5f459fdffb106ce8ad -> 9fb5e5ed9e38c23dad1e0232edf0373b
  custom:scripting/monoscript/fileName/XLuaTest_Foo1ParentWrap.cs: 4d06c6c313846bbd2659cf013bd8c081 -> bc3faaa30d66f1a9334279476c37b2a8
  custom:scripting/monoscript/fileName/StatefullTest.cs: ac9082cda8d79beb987af6f68f5d30cd -> 5d22c8326914d95b29e418e9d014cf15
  custom:scripting/monoscript/fileName/InternalGlobals.cs: c7a0f72bef146ff41c15b3b535d6bdf9 -> 009e626d008ed11807341f4cf6fb3a9c
  custom:scripting/monoscript/fileName/XLuaTest_FooExtensionWrap.cs: 0cf66dd4ab170a1f2008f8b97f4f2106 -> 778d9d5cc8332e1d0739618b88aa2bb9
  custom:scripting/monoscript/fileName/DelegateBridge.cs: 59e13ad21dfacf0ee52e76776a9542b7 -> 4daef522f87298a8262553f6fd5bf8f2
  custom:scripting/monoscript/fileName/Foo.cs: b60484b40971b80860ed72eb65234dc1 -> f1cbde57f1c636c66a444cf720c99995
  custom:scripting/monoscript/fileName/UnityEngine_QuaternionWrap.cs: d7776a0aea79cbcec5ba2c36565a1173 -> 2be38f3d0f8715c9babd38533b7cc2f6
  custom:scripting/monoscript/fileName/ExampleGenConfig.cs: 402439a475ab0614d6514789dc967063 -> 2d21554d83bd53efca28765b954d65c7
  custom:scripting/monoscript/fileName/TemplateRef.cs: 894e64faa8518e7345655e4a3a343abf -> e57f72b6ec3c4672428b8339ce53c07a
  custom:scripting/monoscript/fileName/ByString.cs: 83f4bb3773b202a1550c80bc6c09d1a8 -> 71ac2dce49068f904e2150c45e200cdb
  custom:scripting/monoscript/fileName/UnityEngine_AnimationCurveWrap.cs: f2332648b2113d579022f7ac44ddf1a2 -> a1b4a7dab75f49fff03082ff025e4e5e
  custom:scripting/monoscript/fileName/XLuaTest_IExchangerBridge.cs: dbb2be54f36a2496a4425e7ceb90b9b9 -> a1b04ba231b7210d75c48779fb061387
  custom:scripting/monoscript/fileName/LuaBase.cs: fd57dc59c72dd7c1f0204d91abf1345d -> f0e74d4e175e23617aebee3a1fbf3735
  custom:scripting/monoscript/fileName/UnityEngine_LightWrap.cs: d3e76313bbab2d6f78618d0a96177993 -> afdccdb78964e15816bd84ff574e1d72
  custom:scripting/monoscript/fileName/System_Collections_IEnumeratorBridge.cs: e58d0dcf0aa39125fd572da9408c5a63 -> a6b8b2b6997973169c6bebc4e00197c3
  custom:scripting/monoscript/fileName/GenericDelegateBridge.cs: 14979ecd91d982a7d4b63ce8b241a2cb -> 9b33d1c344798966a03eb7d32474259e
  custom:video-encoder-webm-vp8: eb34c28f22e8b96e1ab97ce403110664 -> 
  custom:scripting/monoscript/fileName/LuaCallCs.cs: d69c2b3b74160f3f6c507a63e395d1b8 -> 80d51efbfa90ec9a93bf6c4f217fae70
  custom:scripting/monoscript/fileName/XLuaTest_Foo2ParentWrap.cs: 3cfc8bf6cad7ab5669e86f82da9efffc -> e55fdaf088679107b1602d0f4f018827
  custom:scripting/monoscript/fileName/Tutorial_CSCallLua_ItfDBridge.cs: d05148e45525d393370f3ca919d4cdc0 -> 4e0a8d0795850c18cf92cbc673dc6199
  custom:scripting/monoscript/fileName/UnityEngine_Vector2Wrap.cs: dfd1be4a9f736e54a226859ba85dbc30 -> d8bd11c5df83747314d76d2e1152a25a
  custom:audio-decoder-ogg-vorbis: bf7c407c2cedff20999df2af8eb42d56 -> 
  custom:scripting/monoscript/fileName/UnityEngine_GameObjectWrap.cs: c4cddad80b77cae4a3f64483d25e1457 -> 499beb086fe32ba82bd6b30d04f108ea
  custom:scripting/monoscript/fileName/XLuaTest_NoGcWrap.cs: 7c2153fc9ca9cd0a3cc8b2d8a5de2fcd -> b8ab725f3034c7583c772afc97e73cfe
  custom:scripting/monoscript/fileName/UnityEngine_DebugWrap.cs: a14c41c7fbd7dec62bec687de4c6fe27 -> 2a23054f13a8c643d838dbc57d787e1a
  custom:scripting/monoscript/fileName/TemplateEngine.cs: d4247539e36868281066dc2ffa847cbd -> 196c6eecd2e70276dab2c9a7b0cf2d59
  custom:scripting/monoscript/fileName/UnityEngine_SkinnedMeshRendererWrap.cs: 9ad169117eb1ff375ebe298216e6901c -> e6c3bb62aa80867a3afe5dcbb6224761
  custom:scripting/monoscript/fileName/CopyByValue.cs: 7bf1a1e4b9a6d19c982a86f574107fe4 -> 273cbe68a303e04c83210a0d1b0dbfc8
  custom:scripting/monoscript/fileName/Generator.cs: 5c2a3602a0cfb4641043518ccc18ad89 -> e11eefc36c86800da100cf1a4789c73c
  custom:scripting/monoscript/fileName/SignatureLoaderTest.cs: 37ed863ad0370c096ad98942100ce390 -> 8c9bdabb3430d1beabc1824b7aff6019
  custom:scripting/monoscript/fileName/HotfixTestCfg.cs: 7d41c7a61129380f568a08461036f7c3 -> a7321a5cbaeb2b6b22c71e624ff03625
  custom:scripting/monoscript/fileName/MessageBox.cs: 17d47f136e1a2eb08b8ca17667071821 -> febd8bda4c1c594acb6f720026ed3aee
  custom:scripting/monoscript/fileName/UnityEngine_TextAssetWrap.cs: a895654ec821ef871bab45f0bf4ab1bf -> 96eae3d139831963806db363328bfefe
  custom:scripting/monoscript/fileName/XLuaUnityDefaultConfig.cs: 847f92567dd164ad0f0a1c4536b7e6e7 -> 12ee8270b5ca2ec2875a29a6c838143c
  custom:scripting/monoscript/fileName/UnityEngine_TransformWrap.cs: 1ec7fdf0df78c54383c54d4890267885 -> 50d916bbc9cc3aa204547c1dbcf1b841
  custom:scripting/monoscript/fileName/UnityEngine_RendererWrap.cs: f2bb488dcafa31d4d1829db70de7e3de -> e28d66316639c5d4634a4f4176885c0f
  custom:scripting/monoscript/fileName/LuaFunction.cs: 6bea6a53e0ef7f4c19887edd95529fba -> 9f9e88fec2de37a51bb5cc9b6b08d6b9
  custom:audio-encoder-webm-vorbis: bf7c407c2cedff20999df2af8eb42d56 -> 
  custom:scripting/monoscript/fileName/XLuaTest_LuaBehaviourWrap.cs: eb21b90bdd58645712610184d1a6b02e -> 8a24807dde2ec4b5434d8876b84591df
  custom:scripting/monoscript/fileName/UnityEngine_Vector4Wrap.cs: 4736b1d9605ba5be814644e3bcc9e928 -> e876ed87f63c3dc401e686c851325f69
  custom:scripting/precompiled-assembly-types:Assembly-CSharp-Editor: 8329d2703a1fb80f61cc70ee984418c3 -> f3104d4e56e8a73f04df252396e09d4f
  custom:scripting/monoscript/fileName/XLuaTest_MyStructWrap.cs: 55519c14d8f95433c1b6e262daa1d322 -> bcfe0251bd793e1e64a466467ef9f39d
  custom:scripting/monoscript/fileName/StaticLuaCallbacks.cs: 806d4721af6e97ac563013320c7b3d7a -> 9d25aed2b0bb83738cfec7ef5ea55802
  custom:scripting/monoscript/fileName/UnityEngine_ObjectWrap.cs: acbfc6ebce3660b3cec600cb246312ee -> d239f04268fb712161f840d533347443
  custom:scripting/monoscript/fileName/RawObjectTest.cs: c3d9c6b1a141374366b8d8ccf99991a4 -> af9e06db1e13155c5410c0aa29232eac
  custom:scripting/monoscript/fileName/MethodWarpsCache.cs: a0fd87c86e3eda41e7890d27658be598 -> 182591812fc1e7cc805d3eb126c7629a
  custom:scripting/precompiled-assembly-types:Assembly-CSharp: 99b328417248fea24142d71679fac050 -> 6d2cbbca728bbcc514a1a97e862a8e21
  custom:scripting/monoscript/fileName/Tutorial_ICalcWrap.cs: 9802804745e09aa6d92fbca1a46de55a -> 03d02c9cf202af74271e6b9339f2aa97
========================================================================
Received Prepare
Caller must complete domain reload
Begin MonoManager ReloadAssembly
- Loaded All Assemblies, in  0.629 seconds
Native extension for WindowsStandalone target not found
Mono: successfully reloaded assembly
- Finished resetting the current domain, in  1.213 seconds
Domain Reload Profiling: 1839ms
	BeginReloadAssembly (183ms)
		ExecutionOrderSort (0ms)
		DisableScriptedObjects (4ms)
		BackupInstance (0ms)
		ReleaseScriptingObjects (0ms)
		CreateAndSetChildDomain (38ms)
	RebuildCommonClasses (45ms)
	RebuildNativeTypeToScriptingClass (11ms)
	initialDomainReloadingComplete (36ms)
	LoadAllAssembliesAndSetupDomain (351ms)
		LoadAssemblies (417ms)
		RebuildTransferFunctionScriptingTraits (0ms)
		AnalyzeDomain (40ms)
			TypeCache.Refresh (26ms)
				TypeCache.ScanAssembly (0ms)
			ScanForSourceGeneratedMonoScriptInfo (0ms)
			ResolveRequiredComponents (7ms)
	FinalizeReload (1214ms)
		ReleaseScriptCaches (0ms)
		RebuildScriptCaches (0ms)
		SetupLoadedEditorAssemblies (495ms)
			LogAssemblyErrors (0ms)
			InitializePlatformSupportModulesInManaged (8ms)
			SetLoadedEditorAssemblies (3ms)
			RefreshPlugins (0ms)
			BeforeProcessingInitializeOnLoad (66ms)
			ProcessInitializeOnLoadAttributes (349ms)
			ProcessInitializeOnLoadMethodAttributes (61ms)
			AfterProcessingInitializeOnLoad (8ms)
			EditorAssembliesLoaded (0ms)
		ExecutionOrderSort2 (0ms)
		AwakeInstancesAfterBackupRestoration (8ms)
Refreshing native plugins compatible for Editor in 7.67 ms, found 4 plugins.
Preloading 0 native plugins for Editor in 0.00 ms.
Unloading 4364 Unused Serialized files (Serialized files now loaded: 0)
Unloading 17 unused Assets / (331.3 KB). Loaded Objects now: 4933.
Memory consumption went from 151.5 MB to 151.2 MB.
Total: 3.070900 ms (FindLiveObjects: 0.379700 ms CreateObjectMapping: 0.325700 ms MarkObjects: 2.266800 ms  DeleteObjects: 0.098000 ms)

Prepare: number of updated asset objects reloaded= 0
AssetImportParameters requested are different than current active one (requested -> active):
  custom:scripting/monoscript/fileName/AsyncTest.cs: ba7b296f91a53eb12a2f973e4bfe6187 -> 76ce712e1c4d409aac5fa695d71d244a
  custom:scripting/monoscript/fileName/XLuaTest_InvokeLua_ICalcBridge.cs: 30fde9c3feb0b30e098352b4dfeb9cae -> 39dbaec3aa6ccdef5b8e133e5c8d912d
  custom:scripting/monoscript/fileName/UnityEngine_BehaviourWrap.cs: 50be6300a89da29ca17ad67a2589a5ca -> 07f04650a03b829841e9fab9d7740454
  custom:scripting/monoscript/fileName/CoroutineTest.cs: 8ff63a150c08cc9bc1500a6e3305dabe -> b55b07dbd7b0751be4b88111c51a8597
  custom:scripting/monoscript/fileName/UnityEngine_WaitForSecondsWrap.cs: 14ce79597090ca49f32e5242d176e3e0 -> f924ebf1733d94f4d65590a1a94e6531
  custom:scripting/monoscript/fileName/XLuaTest_PeddingWrap.cs: 904ed3ab876976c36018836c17a5f7cd -> 87db0d803af8b6af633a98194cb11698
  custom:scripting/monoscript/fileName/LuaBehaviour.cs: c26b3945b1b2533a373318992b28370d -> 8501f2955baa2ae1e4b9dc9f246b814a
  custom:container-demuxer-ogg: 62fdf1f143b41e24485cea50d1cbac27 -> 
  custom:scripting/monoscript/fileName/ObjectTranslatorPool.cs: 0fcc88f1a2575820f34ed99efa865239 -> c088e49ccc65541c1471becee0155ecc
  custom:scripting/monoscript/fileName/ByFile.cs: 4175f9d405491cf5cd12d69fd7ad338b -> 6f3dfbef5ea17c4620534958e4e26f3b
  custom:scripting/monoscript/fileName/ObjectCasters.cs: 2e05dcad88217340e3469b49cb484a5e -> 0c1ed1f1cf3d518e5e522f4d874c21c2
  custom:scripting/monoscript/fileName/UnityEngine_Vector3Wrap.cs: ce0a23addf1a2b20f8676787382fe6da -> 63f465b9380555daafea25b4176adba5
  custom:scripting/monoscript/fileName/ReImplementInLua.cs: 95b77c9b6059158d95dc9a7ae2d1cdb1 -> ccd60d267132159582621b9635d9b5d9
  custom:scripting/monoscript/fileName/UnityEngine_RayWrap.cs: 1b2ced459e0f7fe10c0b5b9489be6f35 -> 0b84fbe6cabdb1173feb41e835ef3a40
  custom:scripting/monoscript/fileName/HotfixTest.cs: 1c02fcc866280314c2a4f14c6d154faa -> 3960e9f9315d94bf0223f379bfbd4a4a
  custom:scripting/monoscript/fileName/WrapPusher.cs: 3b3bd77f226a0f893aad8e7367a0f06b -> a7d84f614ae4cd3b956f9b8556cfd18e
  custom:scripting/monoscript/fileName/RawObject.cs: b7277126f2de8ab75c184e0ffceaa264 -> e4d66a2fce5b764d8103d4567ed38606
  custom:scripting/monoscript/fileName/Tutorial_DerivedClassWrap.cs: a9f1f1a33e70d4aca6ed43632ef080bc -> 1a8da11bcfc26039296e071510ba3246
  custom:video-decoder-ogg-theora: a1e56fd34408186e4bbccfd4996cb3dc -> 
  custom:scripting/monoscript/fileName/LuaTable.cs: 831d394b03ebb276485eae65adc1ccd5 -> afc244f7b5f5d0300b37ddf3297901ec
  custom:scripting/monoscript/fileName/XLuaTest_Foo2ChildWrap.cs: f25917eb49d7296a35740a2c6a4d40ec -> 30fab5c82eb5f5ffb38a0a6d668c1895
  custom:framework-win-MediaFoundation: 216162199b28c13a410421893ffa2e32 -> 
  custom:scripting/monoscript/fileName/UnityEngine_TimeWrap.cs: 582bbe1acbebc99abd038879d2ce291a -> 5e744018ad83dc4e6b5341356b280ff7
  custom:scripting/monoscript/fileName/ObjectTranslator.cs: 3684f948a56ed5cf93b0514e484d3f48 -> dd3d0b582d45a9b753aab5e6237efeb3
  custom:scripting/monoscript/fileName/UnityEngine_AnimationClipWrap.cs: 35e9dbce44e2400ca249a1b04e238032 -> 77a92debc688d37d0c76ed29e7849dc6
  custom:scripting/monoscript/fileName/UnityEngine_MonoBehaviourWrap.cs: ab88a4de07d1ed4d6902d46f78a9c2a5 -> 04d351bf9d6db68acd2847f2651b2d6b
  custom:scripting/monoscript/fileName/UnityEngine_MathfWrap.cs: b8423f29ae782d824fe5861eb133fe99 -> 333033f071a58c53b030860e1dc36f4e
  custom:scripting/monoscript/fileName/Helloworld.cs: 0111736be64650c2c199ab4f2d2240c1 -> 5df6067a12a0276271ef7e4b2f46b98d
  custom:scripting/monoscript/fileName/HotfixTest2.cs: 8e85738438913476ef9e5c92cd26daad -> e6fb5855d637d49dacea7216888e03f7
  custom:scripting/monoscript/fileName/LinkXmlGen.cs: 91d69328c4b5d0ada19c3766b1b6ad15 -> f26ca07c1d6ecd8bde6b48a50ed6d393
  custom:scripting/monoscript/fileName/XLuaTest_Foo1ChildWrap.cs: 4e50b7c1fc1d91200bd6d308925718b7 -> 1c5e3d8cdf39c119ce22e5be32eae9dd
  custom:scripting/monoscript/fileName/LuaDLL.cs: a461d359c0f868ea297a4d0e0fa0810d -> 61e98a188b5f49dbf1a755838a97959a
  custom:scripting/monoscript/fileName/GenAttributes.cs: eecd24d8570c09b2ce8b7a7a7f2d3d12 -> d46b0cff88dfb044f17f4aed96768af1
  custom:scripting/monoscript/fileName/UnityEngine_ResourcesWrap.cs: 7881eec03c10cac6aed4968059672b77 -> 698ab99237a4262ce7f88356cded464a
  custom:scripting/monoscript/fileName/ExampleConfig.cs: 01010b4aed93329e34ab2c68a0d8c398 -> 96766ead2b0a0269b4571117ad9e65bc
  custom:scripting/monoscript/fileName/CSCallLua.cs: e37f012e62a4c619428574814b983ced -> 9d2ef4b275968bd22a483233fb8b554e
  custom:scripting/monoscript/fileName/Utils.cs: cf685c01caf3a4f894711b47bbf947e6 -> 55f902a32cb309b7a62f1e16aa1d617d
  custom:CustomObjectIndexerAttribute: 9a22284fe3817be447336de3de66b15e -> 
  custom:scripting/monoscript/fileName/LuaEnv.cs: 39b0b6f887cfc0f9d8b8bab4d9210e8f -> 89231863be1481a3b9e862fc4fbe0062
  custom:scripting/monoscript/fileName/EnumWrap.cs: e1678317fb40b1504377930932a65f00 -> 71aaf938165cbdbb0ac6c90ffee86023
  custom:container-demuxer-webm: 4f35f7cbe854078d1ac9338744f61a02 -> 
  custom:scripting/monoscript/fileName/UnityEngine_ParticleSystemWrap.cs: ea70451eecfa9db0287288ead2570a87 -> eee33c4ac5a2b762ef5a90683fe90f0f
  custom:scripting/monoscript/fileName/LuaException.cs: 1ddffcc2e8b89810add964c77207e13b -> c33171da8599ff6293dbea39eed5f2df
  custom:scripting/monoscript/fileName/InvokeLua.cs: 8d1030f275cd4c779c8aadb220460431 -> 7479efa8aadd7aed0020601aa4374477
  custom:scripting/monoscript/fileName/XLuaTest_BaseTestWrap.cs: 07e45de8fa2ee7650261714b0c2efcd8 -> 4f21680da7e23ca573808ca54815d505
  custom:scripting/monoscript/fileName/UnityEngine_BoundsWrap.cs: 0ac99f7c45b4a0aef916e0e5b49238c9 -> 3dd26eeb95bac2de8ce2da585d995261
  custom:scripting/monoscript/fileName/PackUnpack.cs: 7bf1a1e4b9a6d19c982a86f574107fe4 -> 273cbe68a303e04c83210a0d1b0dbfc8
  custom:scripting/monoscript/fileName/UnityEngine_KeyframeWrap.cs: 198c4d7f205e316a3726e83558840a1d -> f022c20884bfebd1cdba5d0a32b69287
  custom:scripting/monoscript/fileName/DelegatesGensBridge.cs: 14979ecd91d982a7d4b63ce8b241a2cb -> 9b33d1c344798966a03eb7d32474259e
  custom:scripting/monoscript/fileName/SignatureLoader.cs: f9b5b4f501bbc4033b1d26e1c53bc27d -> 2543099e1b7f94e78f488961484e5e52
  custom:scripting/monoscript/fileName/Coroutine_Runner.cs: 931214e1a723b03a7a230109c4225361 -> 690ad48fe9500ae79da028936c127982
  custom:container-muxer-webm: aa71ff27fc2769a1b78a27578f13a17b -> 
  custom:scripting/monoscript/fileName/NoGc.cs: 93f5576a58657b60a9c431df8280450e -> 468686911b292518222c0fc5fca7afd3
  custom:scripting/monoscript/fileName/ObjectPool.cs: bd4befac00d17d6ebf9e5f1d7d75cb4c -> 41af867cc123c070dfe6b15d45bb5402
  custom:video-decoder-webm-vp8: 9c59270c3fd7afecdb556c50c9e8de78 -> 
  custom:scripting/monoscript/fileName/XLuaTest_FooWrap.cs: 94d50054e40ab48511cae7fb0b602c9b -> abbeeb9782209030752aecf7c8307085
  custom:scripting/monoscript/fileName/Report.cs: 3c6fcdd086fb055c4c3456a5e0e35198 -> e51741919754948773e5898850c9f663
  custom:scripting/monoscript/fileName/Tutorial_DerivedClassExtensionsWrap.cs: 8d3a8d18ccf52ef11958b45f9012fc25 -> e71c7199b289862c70f81cc97fad9cd1
  custom:scripting/monoscript/fileName/System_Collections_Generic_List_1_System_Int32_Wrap.cs: 17851e7c00326059ae0787338228160b -> 0d81f6d3ce2afe6f735fa61fb6f44318
  custom:scripting/monoscript/fileName/XLuaGenAutoRegister.cs: d853ef44aabfccb80e0b7c076b61770b -> f7d7a1bdecea0875c31215b468d1ea3c
  custom:SearchIndexIgnoredProperties: e643bd26f0fe6173181afceb89e7c659 -> 
  custom:scripting/monoscript/fileName/UnityEngine_ColorWrap.cs: bd8e985ef59408a673873236ce871e73 -> a2199b901d8d68ac06d36f834d48f0de
  custom:AudioImporter_EditorPlatform: d09bf68614088b80899f8185d706f6e7 -> 
  custom:scripting/monoscript/fileName/GenericMethodExample.cs: 71308a9675c9d31b6584afd047da40d6 -> c3c4960d5a8b500e2f93697b37d06ae2
  custom:scripting/monoscript/fileName/TypeExtensions.cs: 68c704b8c6c4fa976b931eabe81ac9ee -> 6ecc1d6c2137d4648cc597a57d0741c7
  custom:scripting/monoscript/fileName/Tutorial_BaseClassWrap.cs: 0cb2af1d083b0b2c5e8cb36d24bfb39c -> 82bd31d966804ddf94755f42eec25c75
  custom:scripting/monoscript/fileName/UnityEngine_Ray2DWrap.cs: 0739f12fd5151febac857f4bf1dfbf4b -> 3948513cbdb210ff5fa49a4b2880e106
  custom:scripting/monoscript/fileName/UnityEngine_ComponentWrap.cs: e27295da2190ed2ebf55b5ac632d7f35 -> 3c3e0b9fedb2878f9f3fac771839136b
  custom:scripting/monoscript/fileName/CustomLoader.cs: 612387837da882e343b6793882f715b4 -> 3c04d951376acd618234995a34635baf
  custom:scripting/monoscript/fileName/BuildFromCLI.cs: a3c0f780c3b3a6e3a59fd5c2a4761ee3 -> ef1665cfd7adbd546e15cd58c9f7c486
  custom:scripting/monoscript/fileName/System_ObjectWrap.cs: c4f7132fadbd7f5f459fdffb106ce8ad -> 9fb5e5ed9e38c23dad1e0232edf0373b
  custom:scripting/monoscript/fileName/XLuaTest_Foo1ParentWrap.cs: 4d06c6c313846bbd2659cf013bd8c081 -> bc3faaa30d66f1a9334279476c37b2a8
  custom:scripting/monoscript/fileName/StatefullTest.cs: ac9082cda8d79beb987af6f68f5d30cd -> 5d22c8326914d95b29e418e9d014cf15
  custom:scripting/monoscript/fileName/InternalGlobals.cs: c7a0f72bef146ff41c15b3b535d6bdf9 -> 009e626d008ed11807341f4cf6fb3a9c
  custom:scripting/monoscript/fileName/XLuaTest_FooExtensionWrap.cs: 0cf66dd4ab170a1f2008f8b97f4f2106 -> 778d9d5cc8332e1d0739618b88aa2bb9
  custom:scripting/monoscript/fileName/DelegateBridge.cs: 59e13ad21dfacf0ee52e76776a9542b7 -> 4daef522f87298a8262553f6fd5bf8f2
  custom:scripting/monoscript/fileName/Foo.cs: b60484b40971b80860ed72eb65234dc1 -> f1cbde57f1c636c66a444cf720c99995
  custom:scripting/monoscript/fileName/UnityEngine_QuaternionWrap.cs: d7776a0aea79cbcec5ba2c36565a1173 -> 2be38f3d0f8715c9babd38533b7cc2f6
  custom:scripting/monoscript/fileName/ExampleGenConfig.cs: 402439a475ab0614d6514789dc967063 -> 2d21554d83bd53efca28765b954d65c7
  custom:scripting/monoscript/fileName/TemplateRef.cs: 894e64faa8518e7345655e4a3a343abf -> e57f72b6ec3c4672428b8339ce53c07a
  custom:scripting/monoscript/fileName/ByString.cs: 83f4bb3773b202a1550c80bc6c09d1a8 -> 71ac2dce49068f904e2150c45e200cdb
  custom:scripting/monoscript/fileName/UnityEngine_AnimationCurveWrap.cs: f2332648b2113d579022f7ac44ddf1a2 -> a1b4a7dab75f49fff03082ff025e4e5e
  custom:scripting/monoscript/fileName/XLuaTest_IExchangerBridge.cs: dbb2be54f36a2496a4425e7ceb90b9b9 -> a1b04ba231b7210d75c48779fb061387
  custom:scripting/monoscript/fileName/LuaBase.cs: fd57dc59c72dd7c1f0204d91abf1345d -> f0e74d4e175e23617aebee3a1fbf3735
  custom:scripting/monoscript/fileName/UnityEngine_LightWrap.cs: d3e76313bbab2d6f78618d0a96177993 -> afdccdb78964e15816bd84ff574e1d72
  custom:scripting/monoscript/fileName/System_Collections_IEnumeratorBridge.cs: e58d0dcf0aa39125fd572da9408c5a63 -> a6b8b2b6997973169c6bebc4e00197c3
  custom:scripting/monoscript/fileName/GenericDelegateBridge.cs: 14979ecd91d982a7d4b63ce8b241a2cb -> 9b33d1c344798966a03eb7d32474259e
  custom:video-encoder-webm-vp8: eb34c28f22e8b96e1ab97ce403110664 -> 
  custom:scripting/monoscript/fileName/LuaCallCs.cs: d69c2b3b74160f3f6c507a63e395d1b8 -> 80d51efbfa90ec9a93bf6c4f217fae70
  custom:scripting/monoscript/fileName/XLuaTest_Foo2ParentWrap.cs: 3cfc8bf6cad7ab5669e86f82da9efffc -> e55fdaf088679107b1602d0f4f018827
  custom:scripting/monoscript/fileName/Tutorial_CSCallLua_ItfDBridge.cs: d05148e45525d393370f3ca919d4cdc0 -> 4e0a8d0795850c18cf92cbc673dc6199
  custom:scripting/monoscript/fileName/UnityEngine_Vector2Wrap.cs: dfd1be4a9f736e54a226859ba85dbc30 -> d8bd11c5df83747314d76d2e1152a25a
  custom:audio-decoder-ogg-vorbis: bf7c407c2cedff20999df2af8eb42d56 -> 
  custom:scripting/monoscript/fileName/UnityEngine_GameObjectWrap.cs: c4cddad80b77cae4a3f64483d25e1457 -> 499beb086fe32ba82bd6b30d04f108ea
  custom:scripting/monoscript/fileName/XLuaTest_NoGcWrap.cs: 7c2153fc9ca9cd0a3cc8b2d8a5de2fcd -> b8ab725f3034c7583c772afc97e73cfe
  custom:scripting/monoscript/fileName/UnityEngine_DebugWrap.cs: a14c41c7fbd7dec62bec687de4c6fe27 -> 2a23054f13a8c643d838dbc57d787e1a
  custom:scripting/monoscript/fileName/TemplateEngine.cs: d4247539e36868281066dc2ffa847cbd -> 196c6eecd2e70276dab2c9a7b0cf2d59
  custom:scripting/monoscript/fileName/UnityEngine_SkinnedMeshRendererWrap.cs: 9ad169117eb1ff375ebe298216e6901c -> e6c3bb62aa80867a3afe5dcbb6224761
  custom:scripting/monoscript/fileName/CopyByValue.cs: 7bf1a1e4b9a6d19c982a86f574107fe4 -> 273cbe68a303e04c83210a0d1b0dbfc8
  custom:scripting/monoscript/fileName/Generator.cs: 5c2a3602a0cfb4641043518ccc18ad89 -> e11eefc36c86800da100cf1a4789c73c
  custom:scripting/monoscript/fileName/SignatureLoaderTest.cs: 37ed863ad0370c096ad98942100ce390 -> 8c9bdabb3430d1beabc1824b7aff6019
  custom:scripting/monoscript/fileName/HotfixTestCfg.cs: 7d41c7a61129380f568a08461036f7c3 -> a7321a5cbaeb2b6b22c71e624ff03625
  custom:scripting/monoscript/fileName/MessageBox.cs: 17d47f136e1a2eb08b8ca17667071821 -> febd8bda4c1c594acb6f720026ed3aee
  custom:scripting/monoscript/fileName/UnityEngine_TextAssetWrap.cs: a895654ec821ef871bab45f0bf4ab1bf -> 96eae3d139831963806db363328bfefe
  custom:scripting/monoscript/fileName/XLuaUnityDefaultConfig.cs: 847f92567dd164ad0f0a1c4536b7e6e7 -> 12ee8270b5ca2ec2875a29a6c838143c
  custom:scripting/monoscript/fileName/UnityEngine_TransformWrap.cs: 1ec7fdf0df78c54383c54d4890267885 -> 50d916bbc9cc3aa204547c1dbcf1b841
  custom:scripting/monoscript/fileName/UnityEngine_RendererWrap.cs: f2bb488dcafa31d4d1829db70de7e3de -> e28d66316639c5d4634a4f4176885c0f
  custom:scripting/monoscript/fileName/LuaFunction.cs: 6bea6a53e0ef7f4c19887edd95529fba -> 9f9e88fec2de37a51bb5cc9b6b08d6b9
  custom:audio-encoder-webm-vorbis: bf7c407c2cedff20999df2af8eb42d56 -> 
  custom:scripting/monoscript/fileName/XLuaTest_LuaBehaviourWrap.cs: eb21b90bdd58645712610184d1a6b02e -> 8a24807dde2ec4b5434d8876b84591df
  custom:scripting/monoscript/fileName/UnityEngine_Vector4Wrap.cs: 4736b1d9605ba5be814644e3bcc9e928 -> e876ed87f63c3dc401e686c851325f69
  custom:scripting/precompiled-assembly-types:Assembly-CSharp-Editor: 8329d2703a1fb80f61cc70ee984418c3 -> f3104d4e56e8a73f04df252396e09d4f
  custom:scripting/monoscript/fileName/XLuaTest_MyStructWrap.cs: 55519c14d8f95433c1b6e262daa1d322 -> bcfe0251bd793e1e64a466467ef9f39d
  custom:scripting/monoscript/fileName/StaticLuaCallbacks.cs: 806d4721af6e97ac563013320c7b3d7a -> 9d25aed2b0bb83738cfec7ef5ea55802
  custom:scripting/monoscript/fileName/UnityEngine_ObjectWrap.cs: acbfc6ebce3660b3cec600cb246312ee -> d239f04268fb712161f840d533347443
  custom:scripting/monoscript/fileName/RawObjectTest.cs: c3d9c6b1a141374366b8d8ccf99991a4 -> af9e06db1e13155c5410c0aa29232eac
  custom:scripting/monoscript/fileName/MethodWarpsCache.cs: a0fd87c86e3eda41e7890d27658be598 -> 182591812fc1e7cc805d3eb126c7629a
  custom:scripting/precompiled-assembly-types:Assembly-CSharp: 99b328417248fea24142d71679fac050 -> 6d2cbbca728bbcc514a1a97e862a8e21
  custom:scripting/monoscript/fileName/Tutorial_ICalcWrap.cs: 9802804745e09aa6d92fbca1a46de55a -> 03d02c9cf202af74271e6b9339f2aa97
========================================================================
Received Prepare
Caller must complete domain reload
Begin MonoManager ReloadAssembly
- Loaded All Assemblies, in  0.634 seconds
Native extension for WindowsStandalone target not found
Mono: successfully reloaded assembly
- Finished resetting the current domain, in  1.146 seconds
Domain Reload Profiling: 1778ms
	BeginReloadAssembly (184ms)
		ExecutionOrderSort (0ms)
		DisableScriptedObjects (4ms)
		BackupInstance (0ms)
		ReleaseScriptingObjects (0ms)
		CreateAndSetChildDomain (40ms)
	RebuildCommonClasses (33ms)
	RebuildNativeTypeToScriptingClass (10ms)
	initialDomainReloadingComplete (40ms)
	LoadAllAssembliesAndSetupDomain (364ms)
		LoadAssemblies (415ms)
		RebuildTransferFunctionScriptingTraits (0ms)
		AnalyzeDomain (57ms)
			TypeCache.Refresh (25ms)
				TypeCache.ScanAssembly (4ms)
			ScanForSourceGeneratedMonoScriptInfo (20ms)
			ResolveRequiredComponents (8ms)
	FinalizeReload (1147ms)
		ReleaseScriptCaches (0ms)
		RebuildScriptCaches (0ms)
		SetupLoadedEditorAssemblies (491ms)
			LogAssemblyErrors (0ms)
			InitializePlatformSupportModulesInManaged (5ms)
			SetLoadedEditorAssemblies (3ms)
			RefreshPlugins (0ms)
			BeforeProcessingInitializeOnLoad (68ms)
			ProcessInitializeOnLoadAttributes (345ms)
			ProcessInitializeOnLoadMethodAttributes (63ms)
			AfterProcessingInitializeOnLoad (7ms)
			EditorAssembliesLoaded (0ms)
		ExecutionOrderSort2 (0ms)
		AwakeInstancesAfterBackupRestoration (11ms)
Refreshing native plugins compatible for Editor in 10.25 ms, found 4 plugins.
Preloading 0 native plugins for Editor in 0.00 ms.
Unloading 4311 Unused Serialized files (Serialized files now loaded: 0)
Unloading 70 unused Assets / (359.2 KB). Loaded Objects now: 4883.
Memory consumption went from 150.7 MB to 150.3 MB.
Total: 3.310700 ms (FindLiveObjects: 0.448600 ms CreateObjectMapping: 0.435300 ms MarkObjects: 2.265300 ms  DeleteObjects: 0.160700 ms)

Prepare: number of updated asset objects reloaded= 0
AssetImportParameters requested are different than current active one (requested -> active):
  custom:scripting/monoscript/fileName/AsyncTest.cs: ba7b296f91a53eb12a2f973e4bfe6187 -> 76ce712e1c4d409aac5fa695d71d244a
  custom:scripting/monoscript/fileName/XLuaTest_InvokeLua_ICalcBridge.cs: 30fde9c3feb0b30e098352b4dfeb9cae -> 39dbaec3aa6ccdef5b8e133e5c8d912d
  custom:scripting/monoscript/fileName/UnityEngine_BehaviourWrap.cs: 50be6300a89da29ca17ad67a2589a5ca -> 07f04650a03b829841e9fab9d7740454
  custom:scripting/monoscript/fileName/CoroutineTest.cs: 8ff63a150c08cc9bc1500a6e3305dabe -> b55b07dbd7b0751be4b88111c51a8597
  custom:scripting/monoscript/fileName/UnityEngine_WaitForSecondsWrap.cs: 14ce79597090ca49f32e5242d176e3e0 -> f924ebf1733d94f4d65590a1a94e6531
  custom:scripting/monoscript/fileName/XLuaTest_PeddingWrap.cs: 904ed3ab876976c36018836c17a5f7cd -> 87db0d803af8b6af633a98194cb11698
  custom:scripting/monoscript/fileName/LuaBehaviour.cs: c26b3945b1b2533a373318992b28370d -> 8501f2955baa2ae1e4b9dc9f246b814a
  custom:container-demuxer-ogg: 62fdf1f143b41e24485cea50d1cbac27 -> 
  custom:scripting/monoscript/fileName/ObjectTranslatorPool.cs: 0fcc88f1a2575820f34ed99efa865239 -> c088e49ccc65541c1471becee0155ecc
  custom:scripting/monoscript/fileName/ByFile.cs: 4175f9d405491cf5cd12d69fd7ad338b -> 6f3dfbef5ea17c4620534958e4e26f3b
  custom:scripting/monoscript/fileName/ObjectCasters.cs: 2e05dcad88217340e3469b49cb484a5e -> 0c1ed1f1cf3d518e5e522f4d874c21c2
  custom:scripting/monoscript/fileName/UnityEngine_Vector3Wrap.cs: ce0a23addf1a2b20f8676787382fe6da -> 63f465b9380555daafea25b4176adba5
  custom:scripting/monoscript/fileName/ReImplementInLua.cs: 95b77c9b6059158d95dc9a7ae2d1cdb1 -> ccd60d267132159582621b9635d9b5d9
  custom:scripting/monoscript/fileName/UnityEngine_RayWrap.cs: 1b2ced459e0f7fe10c0b5b9489be6f35 -> 0b84fbe6cabdb1173feb41e835ef3a40
  custom:scripting/monoscript/fileName/HotfixTest.cs: 1c02fcc866280314c2a4f14c6d154faa -> 3960e9f9315d94bf0223f379bfbd4a4a
  custom:scripting/monoscript/fileName/WrapPusher.cs: 3b3bd77f226a0f893aad8e7367a0f06b -> a7d84f614ae4cd3b956f9b8556cfd18e
  custom:scripting/monoscript/fileName/RawObject.cs: b7277126f2de8ab75c184e0ffceaa264 -> e4d66a2fce5b764d8103d4567ed38606
  custom:scripting/monoscript/fileName/Tutorial_DerivedClassWrap.cs: a9f1f1a33e70d4aca6ed43632ef080bc -> 1a8da11bcfc26039296e071510ba3246
  custom:video-decoder-ogg-theora: a1e56fd34408186e4bbccfd4996cb3dc -> 
  custom:scripting/monoscript/fileName/LuaTable.cs: 831d394b03ebb276485eae65adc1ccd5 -> afc244f7b5f5d0300b37ddf3297901ec
  custom:scripting/monoscript/fileName/XLuaTest_Foo2ChildWrap.cs: f25917eb49d7296a35740a2c6a4d40ec -> 30fab5c82eb5f5ffb38a0a6d668c1895
  custom:framework-win-MediaFoundation: 216162199b28c13a410421893ffa2e32 -> 
  custom:scripting/monoscript/fileName/UnityEngine_TimeWrap.cs: 582bbe1acbebc99abd038879d2ce291a -> 5e744018ad83dc4e6b5341356b280ff7
  custom:scripting/monoscript/fileName/ObjectTranslator.cs: 3684f948a56ed5cf93b0514e484d3f48 -> dd3d0b582d45a9b753aab5e6237efeb3
  custom:scripting/monoscript/fileName/UnityEngine_AnimationClipWrap.cs: 35e9dbce44e2400ca249a1b04e238032 -> 77a92debc688d37d0c76ed29e7849dc6
  custom:scripting/monoscript/fileName/UnityEngine_MonoBehaviourWrap.cs: ab88a4de07d1ed4d6902d46f78a9c2a5 -> 04d351bf9d6db68acd2847f2651b2d6b
  custom:scripting/monoscript/fileName/UnityEngine_MathfWrap.cs: b8423f29ae782d824fe5861eb133fe99 -> 333033f071a58c53b030860e1dc36f4e
  custom:scripting/monoscript/fileName/Helloworld.cs: 0111736be64650c2c199ab4f2d2240c1 -> 5df6067a12a0276271ef7e4b2f46b98d
  custom:scripting/monoscript/fileName/HotfixTest2.cs: 8e85738438913476ef9e5c92cd26daad -> e6fb5855d637d49dacea7216888e03f7
  custom:scripting/monoscript/fileName/LinkXmlGen.cs: 91d69328c4b5d0ada19c3766b1b6ad15 -> f26ca07c1d6ecd8bde6b48a50ed6d393
  custom:scripting/monoscript/fileName/XLuaTest_Foo1ChildWrap.cs: 4e50b7c1fc1d91200bd6d308925718b7 -> 1c5e3d8cdf39c119ce22e5be32eae9dd
  custom:scripting/monoscript/fileName/LuaDLL.cs: a461d359c0f868ea297a4d0e0fa0810d -> 61e98a188b5f49dbf1a755838a97959a
  custom:scripting/monoscript/fileName/GenAttributes.cs: eecd24d8570c09b2ce8b7a7a7f2d3d12 -> d46b0cff88dfb044f17f4aed96768af1
  custom:scripting/monoscript/fileName/UnityEngine_ResourcesWrap.cs: 7881eec03c10cac6aed4968059672b77 -> 698ab99237a4262ce7f88356cded464a
  custom:scripting/monoscript/fileName/ExampleConfig.cs: 01010b4aed93329e34ab2c68a0d8c398 -> 96766ead2b0a0269b4571117ad9e65bc
  custom:scripting/monoscript/fileName/CSCallLua.cs: e37f012e62a4c619428574814b983ced -> 9d2ef4b275968bd22a483233fb8b554e
  custom:scripting/monoscript/fileName/Utils.cs: cf685c01caf3a4f894711b47bbf947e6 -> 55f902a32cb309b7a62f1e16aa1d617d
  custom:CustomObjectIndexerAttribute: 9a22284fe3817be447336de3de66b15e -> 
  custom:scripting/monoscript/fileName/LuaEnv.cs: 39b0b6f887cfc0f9d8b8bab4d9210e8f -> 89231863be1481a3b9e862fc4fbe0062
  custom:scripting/monoscript/fileName/EnumWrap.cs: e1678317fb40b1504377930932a65f00 -> 71aaf938165cbdbb0ac6c90ffee86023
  custom:container-demuxer-webm: 4f35f7cbe854078d1ac9338744f61a02 -> 
  custom:scripting/monoscript/fileName/UnityEngine_ParticleSystemWrap.cs: ea70451eecfa9db0287288ead2570a87 -> eee33c4ac5a2b762ef5a90683fe90f0f
  custom:scripting/monoscript/fileName/LuaException.cs: 1ddffcc2e8b89810add964c77207e13b -> c33171da8599ff6293dbea39eed5f2df
  custom:scripting/monoscript/fileName/InvokeLua.cs: 8d1030f275cd4c779c8aadb220460431 -> 7479efa8aadd7aed0020601aa4374477
  custom:scripting/monoscript/fileName/XLuaTest_BaseTestWrap.cs: 07e45de8fa2ee7650261714b0c2efcd8 -> 4f21680da7e23ca573808ca54815d505
  custom:scripting/monoscript/fileName/UnityEngine_BoundsWrap.cs: 0ac99f7c45b4a0aef916e0e5b49238c9 -> 3dd26eeb95bac2de8ce2da585d995261
  custom:scripting/monoscript/fileName/PackUnpack.cs: 7bf1a1e4b9a6d19c982a86f574107fe4 -> 273cbe68a303e04c83210a0d1b0dbfc8
  custom:scripting/monoscript/fileName/UnityEngine_KeyframeWrap.cs: 198c4d7f205e316a3726e83558840a1d -> f022c20884bfebd1cdba5d0a32b69287
  custom:scripting/monoscript/fileName/DelegatesGensBridge.cs: 14979ecd91d982a7d4b63ce8b241a2cb -> 9b33d1c344798966a03eb7d32474259e
  custom:scripting/monoscript/fileName/SignatureLoader.cs: f9b5b4f501bbc4033b1d26e1c53bc27d -> 2543099e1b7f94e78f488961484e5e52
  custom:scripting/monoscript/fileName/Coroutine_Runner.cs: 931214e1a723b03a7a230109c4225361 -> 690ad48fe9500ae79da028936c127982
  custom:container-muxer-webm: aa71ff27fc2769a1b78a27578f13a17b -> 
  custom:scripting/monoscript/fileName/NoGc.cs: 93f5576a58657b60a9c431df8280450e -> 468686911b292518222c0fc5fca7afd3
  custom:scripting/monoscript/fileName/ObjectPool.cs: bd4befac00d17d6ebf9e5f1d7d75cb4c -> 41af867cc123c070dfe6b15d45bb5402
  custom:video-decoder-webm-vp8: 9c59270c3fd7afecdb556c50c9e8de78 -> 
  custom:scripting/monoscript/fileName/XLuaTest_FooWrap.cs: 94d50054e40ab48511cae7fb0b602c9b -> abbeeb9782209030752aecf7c8307085
  custom:scripting/monoscript/fileName/Report.cs: 3c6fcdd086fb055c4c3456a5e0e35198 -> e51741919754948773e5898850c9f663
  custom:scripting/monoscript/fileName/Tutorial_DerivedClassExtensionsWrap.cs: 8d3a8d18ccf52ef11958b45f9012fc25 -> e71c7199b289862c70f81cc97fad9cd1
  custom:scripting/monoscript/fileName/System_Collections_Generic_List_1_System_Int32_Wrap.cs: 17851e7c00326059ae0787338228160b -> 0d81f6d3ce2afe6f735fa61fb6f44318
  custom:scripting/monoscript/fileName/XLuaGenAutoRegister.cs: d853ef44aabfccb80e0b7c076b61770b -> f7d7a1bdecea0875c31215b468d1ea3c
  custom:SearchIndexIgnoredProperties: e643bd26f0fe6173181afceb89e7c659 -> 
  custom:scripting/monoscript/fileName/UnityEngine_ColorWrap.cs: bd8e985ef59408a673873236ce871e73 -> a2199b901d8d68ac06d36f834d48f0de
  custom:AudioImporter_EditorPlatform: d09bf68614088b80899f8185d706f6e7 -> 
  custom:scripting/monoscript/fileName/GenericMethodExample.cs: 71308a9675c9d31b6584afd047da40d6 -> c3c4960d5a8b500e2f93697b37d06ae2
  custom:scripting/monoscript/fileName/TypeExtensions.cs: 68c704b8c6c4fa976b931eabe81ac9ee -> 6ecc1d6c2137d4648cc597a57d0741c7
  custom:scripting/monoscript/fileName/Tutorial_BaseClassWrap.cs: 0cb2af1d083b0b2c5e8cb36d24bfb39c -> 82bd31d966804ddf94755f42eec25c75
  custom:scripting/monoscript/fileName/UnityEngine_Ray2DWrap.cs: 0739f12fd5151febac857f4bf1dfbf4b -> 3948513cbdb210ff5fa49a4b2880e106
  custom:scripting/monoscript/fileName/UnityEngine_ComponentWrap.cs: e27295da2190ed2ebf55b5ac632d7f35 -> 3c3e0b9fedb2878f9f3fac771839136b
  custom:scripting/monoscript/fileName/CustomLoader.cs: 612387837da882e343b6793882f715b4 -> 3c04d951376acd618234995a34635baf
  custom:scripting/monoscript/fileName/BuildFromCLI.cs: a3c0f780c3b3a6e3a59fd5c2a4761ee3 -> ef1665cfd7adbd546e15cd58c9f7c486
  custom:scripting/monoscript/fileName/System_ObjectWrap.cs: c4f7132fadbd7f5f459fdffb106ce8ad -> 9fb5e5ed9e38c23dad1e0232edf0373b
  custom:scripting/monoscript/fileName/XLuaTest_Foo1ParentWrap.cs: 4d06c6c313846bbd2659cf013bd8c081 -> bc3faaa30d66f1a9334279476c37b2a8
  custom:scripting/monoscript/fileName/StatefullTest.cs: ac9082cda8d79beb987af6f68f5d30cd -> 5d22c8326914d95b29e418e9d014cf15
  custom:scripting/monoscript/fileName/InternalGlobals.cs: c7a0f72bef146ff41c15b3b535d6bdf9 -> 009e626d008ed11807341f4cf6fb3a9c
  custom:scripting/monoscript/fileName/XLuaTest_FooExtensionWrap.cs: 0cf66dd4ab170a1f2008f8b97f4f2106 -> 778d9d5cc8332e1d0739618b88aa2bb9
  custom:scripting/monoscript/fileName/DelegateBridge.cs: 59e13ad21dfacf0ee52e76776a9542b7 -> 4daef522f87298a8262553f6fd5bf8f2
  custom:scripting/monoscript/fileName/Foo.cs: b60484b40971b80860ed72eb65234dc1 -> f1cbde57f1c636c66a444cf720c99995
  custom:scripting/monoscript/fileName/UnityEngine_QuaternionWrap.cs: d7776a0aea79cbcec5ba2c36565a1173 -> 2be38f3d0f8715c9babd38533b7cc2f6
  custom:scripting/monoscript/fileName/ExampleGenConfig.cs: 402439a475ab0614d6514789dc967063 -> 2d21554d83bd53efca28765b954d65c7
  custom:scripting/monoscript/fileName/TemplateRef.cs: 894e64faa8518e7345655e4a3a343abf -> e57f72b6ec3c4672428b8339ce53c07a
  custom:scripting/monoscript/fileName/ByString.cs: 83f4bb3773b202a1550c80bc6c09d1a8 -> 71ac2dce49068f904e2150c45e200cdb
  custom:scripting/monoscript/fileName/UnityEngine_AnimationCurveWrap.cs: f2332648b2113d579022f7ac44ddf1a2 -> a1b4a7dab75f49fff03082ff025e4e5e
  custom:scripting/monoscript/fileName/XLuaTest_IExchangerBridge.cs: dbb2be54f36a2496a4425e7ceb90b9b9 -> a1b04ba231b7210d75c48779fb061387
  custom:scripting/monoscript/fileName/LuaBase.cs: fd57dc59c72dd7c1f0204d91abf1345d -> f0e74d4e175e23617aebee3a1fbf3735
  custom:scripting/monoscript/fileName/UnityEngine_LightWrap.cs: d3e76313bbab2d6f78618d0a96177993 -> afdccdb78964e15816bd84ff574e1d72
  custom:scripting/monoscript/fileName/System_Collections_IEnumeratorBridge.cs: e58d0dcf0aa39125fd572da9408c5a63 -> a6b8b2b6997973169c6bebc4e00197c3
  custom:scripting/monoscript/fileName/GenericDelegateBridge.cs: 14979ecd91d982a7d4b63ce8b241a2cb -> 9b33d1c344798966a03eb7d32474259e
  custom:video-encoder-webm-vp8: eb34c28f22e8b96e1ab97ce403110664 -> 
  custom:scripting/monoscript/fileName/LuaCallCs.cs: d69c2b3b74160f3f6c507a63e395d1b8 -> 80d51efbfa90ec9a93bf6c4f217fae70
  custom:scripting/monoscript/fileName/XLuaTest_Foo2ParentWrap.cs: 3cfc8bf6cad7ab5669e86f82da9efffc -> e55fdaf088679107b1602d0f4f018827
  custom:scripting/monoscript/fileName/Tutorial_CSCallLua_ItfDBridge.cs: d05148e45525d393370f3ca919d4cdc0 -> 4e0a8d0795850c18cf92cbc673dc6199
  custom:scripting/monoscript/fileName/UnityEngine_Vector2Wrap.cs: dfd1be4a9f736e54a226859ba85dbc30 -> d8bd11c5df83747314d76d2e1152a25a
  custom:audio-decoder-ogg-vorbis: bf7c407c2cedff20999df2af8eb42d56 -> 
  custom:scripting/monoscript/fileName/UnityEngine_GameObjectWrap.cs: c4cddad80b77cae4a3f64483d25e1457 -> 499beb086fe32ba82bd6b30d04f108ea
  custom:scripting/monoscript/fileName/XLuaTest_NoGcWrap.cs: 7c2153fc9ca9cd0a3cc8b2d8a5de2fcd -> b8ab725f3034c7583c772afc97e73cfe
  custom:scripting/monoscript/fileName/UnityEngine_DebugWrap.cs: a14c41c7fbd7dec62bec687de4c6fe27 -> 2a23054f13a8c643d838dbc57d787e1a
  custom:scripting/monoscript/fileName/TemplateEngine.cs: d4247539e36868281066dc2ffa847cbd -> 196c6eecd2e70276dab2c9a7b0cf2d59
  custom:scripting/monoscript/fileName/UnityEngine_SkinnedMeshRendererWrap.cs: 9ad169117eb1ff375ebe298216e6901c -> e6c3bb62aa80867a3afe5dcbb6224761
  custom:scripting/monoscript/fileName/CopyByValue.cs: 7bf1a1e4b9a6d19c982a86f574107fe4 -> 273cbe68a303e04c83210a0d1b0dbfc8
  custom:scripting/monoscript/fileName/Generator.cs: 5c2a3602a0cfb4641043518ccc18ad89 -> e11eefc36c86800da100cf1a4789c73c
  custom:scripting/monoscript/fileName/SignatureLoaderTest.cs: 37ed863ad0370c096ad98942100ce390 -> 8c9bdabb3430d1beabc1824b7aff6019
  custom:scripting/monoscript/fileName/HotfixTestCfg.cs: 7d41c7a61129380f568a08461036f7c3 -> a7321a5cbaeb2b6b22c71e624ff03625
  custom:scripting/monoscript/fileName/MessageBox.cs: 17d47f136e1a2eb08b8ca17667071821 -> febd8bda4c1c594acb6f720026ed3aee
  custom:scripting/monoscript/fileName/UnityEngine_TextAssetWrap.cs: a895654ec821ef871bab45f0bf4ab1bf -> 96eae3d139831963806db363328bfefe
  custom:scripting/monoscript/fileName/XLuaUnityDefaultConfig.cs: 847f92567dd164ad0f0a1c4536b7e6e7 -> 12ee8270b5ca2ec2875a29a6c838143c
  custom:scripting/monoscript/fileName/UnityEngine_TransformWrap.cs: 1ec7fdf0df78c54383c54d4890267885 -> 50d916bbc9cc3aa204547c1dbcf1b841
  custom:scripting/monoscript/fileName/UnityEngine_RendererWrap.cs: f2bb488dcafa31d4d1829db70de7e3de -> e28d66316639c5d4634a4f4176885c0f
  custom:scripting/monoscript/fileName/LuaFunction.cs: 6bea6a53e0ef7f4c19887edd95529fba -> 9f9e88fec2de37a51bb5cc9b6b08d6b9
  custom:audio-encoder-webm-vorbis: bf7c407c2cedff20999df2af8eb42d56 -> 
  custom:scripting/monoscript/fileName/XLuaTest_LuaBehaviourWrap.cs: eb21b90bdd58645712610184d1a6b02e -> 8a24807dde2ec4b5434d8876b84591df
  custom:scripting/monoscript/fileName/UnityEngine_Vector4Wrap.cs: 4736b1d9605ba5be814644e3bcc9e928 -> e876ed87f63c3dc401e686c851325f69
  custom:scripting/precompiled-assembly-types:Assembly-CSharp-Editor: 8329d2703a1fb80f61cc70ee984418c3 -> f3104d4e56e8a73f04df252396e09d4f
  custom:scripting/monoscript/fileName/XLuaTest_MyStructWrap.cs: 55519c14d8f95433c1b6e262daa1d322 -> bcfe0251bd793e1e64a466467ef9f39d
  custom:scripting/monoscript/fileName/StaticLuaCallbacks.cs: 806d4721af6e97ac563013320c7b3d7a -> 9d25aed2b0bb83738cfec7ef5ea55802
  custom:scripting/monoscript/fileName/UnityEngine_ObjectWrap.cs: acbfc6ebce3660b3cec600cb246312ee -> d239f04268fb712161f840d533347443
  custom:scripting/monoscript/fileName/RawObjectTest.cs: c3d9c6b1a141374366b8d8ccf99991a4 -> af9e06db1e13155c5410c0aa29232eac
  custom:scripting/monoscript/fileName/MethodWarpsCache.cs: a0fd87c86e3eda41e7890d27658be598 -> 182591812fc1e7cc805d3eb126c7629a
  custom:scripting/precompiled-assembly-types:Assembly-CSharp: cfa94845adbe4abbe3ad7874ae813a74 -> 6d2cbbca728bbcc514a1a97e862a8e21
  custom:scripting/monoscript/fileName/Tutorial_ICalcWrap.cs: 9802804745e09aa6d92fbca1a46de55a -> 03d02c9cf202af74271e6b9339f2aa97
========================================================================
Received Prepare
Caller must complete domain reload
Begin MonoManager ReloadAssembly
- Loaded All Assemblies, in  0.643 seconds
Native extension for WindowsStandalone target not found
Mono: successfully reloaded assembly
- Finished resetting the current domain, in  1.173 seconds
Domain Reload Profiling: 1812ms
	BeginReloadAssembly (201ms)
		ExecutionOrderSort (0ms)
		DisableScriptedObjects (5ms)
		BackupInstance (0ms)
		ReleaseScriptingObjects (0ms)
		CreateAndSetChildDomain (37ms)
	RebuildCommonClasses (43ms)
	RebuildNativeTypeToScriptingClass (11ms)
	initialDomainReloadingComplete (41ms)
	LoadAllAssembliesAndSetupDomain (343ms)
		LoadAssemblies (412ms)
		RebuildTransferFunctionScriptingTraits (0ms)
		AnalyzeDomain (54ms)
			TypeCache.Refresh (21ms)
				TypeCache.ScanAssembly (3ms)
			ScanForSourceGeneratedMonoScriptInfo (23ms)
			ResolveRequiredComponents (8ms)
	FinalizeReload (1174ms)
		ReleaseScriptCaches (0ms)
		RebuildScriptCaches (0ms)
		SetupLoadedEditorAssemblies (510ms)
			LogAssemblyErrors (0ms)
			InitializePlatformSupportModulesInManaged (5ms)
			SetLoadedEditorAssemblies (3ms)
			RefreshPlugins (0ms)
			BeforeProcessingInitializeOnLoad (70ms)
			ProcessInitializeOnLoadAttributes (357ms)
			ProcessInitializeOnLoadMethodAttributes (68ms)
			AfterProcessingInitializeOnLoad (7ms)
			EditorAssembliesLoaded (0ms)
		ExecutionOrderSort2 (0ms)
		AwakeInstancesAfterBackupRestoration (7ms)
Refreshing native plugins compatible for Editor in 11.67 ms, found 4 plugins.
Preloading 0 native plugins for Editor in 0.00 ms.
Unloading 4364 Unused Serialized files (Serialized files now loaded: 0)
Unloading 17 unused Assets / (331.3 KB). Loaded Objects now: 4939.
Memory consumption went from 151.5 MB to 151.2 MB.
Total: 5.284300 ms (FindLiveObjects: 0.380900 ms CreateObjectMapping: 0.302700 ms MarkObjects: 4.411900 ms  DeleteObjects: 0.186600 ms)

Prepare: number of updated asset objects reloaded= 0
AssetImportParameters requested are different than current active one (requested -> active):
  custom:scripting/monoscript/fileName/AsyncTest.cs: ba7b296f91a53eb12a2f973e4bfe6187 -> 76ce712e1c4d409aac5fa695d71d244a
  custom:scripting/monoscript/fileName/XLuaTest_InvokeLua_ICalcBridge.cs: 30fde9c3feb0b30e098352b4dfeb9cae -> 39dbaec3aa6ccdef5b8e133e5c8d912d
  custom:scripting/monoscript/fileName/UnityEngine_BehaviourWrap.cs: 50be6300a89da29ca17ad67a2589a5ca -> 07f04650a03b829841e9fab9d7740454
  custom:scripting/monoscript/fileName/CoroutineTest.cs: 8ff63a150c08cc9bc1500a6e3305dabe -> b55b07dbd7b0751be4b88111c51a8597
  custom:scripting/monoscript/fileName/UnityEngine_WaitForSecondsWrap.cs: 14ce79597090ca49f32e5242d176e3e0 -> f924ebf1733d94f4d65590a1a94e6531
  custom:scripting/monoscript/fileName/XLuaTest_PeddingWrap.cs: 904ed3ab876976c36018836c17a5f7cd -> 87db0d803af8b6af633a98194cb11698
  custom:scripting/monoscript/fileName/LuaBehaviour.cs: c26b3945b1b2533a373318992b28370d -> 8501f2955baa2ae1e4b9dc9f246b814a
  custom:container-demuxer-ogg: 62fdf1f143b41e24485cea50d1cbac27 -> 
  custom:scripting/monoscript/fileName/ObjectTranslatorPool.cs: 0fcc88f1a2575820f34ed99efa865239 -> c088e49ccc65541c1471becee0155ecc
  custom:scripting/monoscript/fileName/ByFile.cs: 4175f9d405491cf5cd12d69fd7ad338b -> 6f3dfbef5ea17c4620534958e4e26f3b
  custom:scripting/monoscript/fileName/ObjectCasters.cs: 2e05dcad88217340e3469b49cb484a5e -> 0c1ed1f1cf3d518e5e522f4d874c21c2
  custom:scripting/monoscript/fileName/UnityEngine_Vector3Wrap.cs: ce0a23addf1a2b20f8676787382fe6da -> 63f465b9380555daafea25b4176adba5
  custom:scripting/monoscript/fileName/ReImplementInLua.cs: 95b77c9b6059158d95dc9a7ae2d1cdb1 -> ccd60d267132159582621b9635d9b5d9
  custom:scripting/monoscript/fileName/UnityEngine_RayWrap.cs: 1b2ced459e0f7fe10c0b5b9489be6f35 -> 0b84fbe6cabdb1173feb41e835ef3a40
  custom:scripting/monoscript/fileName/HotfixTest.cs: 1c02fcc866280314c2a4f14c6d154faa -> 3960e9f9315d94bf0223f379bfbd4a4a
  custom:scripting/monoscript/fileName/WrapPusher.cs: 3b3bd77f226a0f893aad8e7367a0f06b -> a7d84f614ae4cd3b956f9b8556cfd18e
  custom:scripting/monoscript/fileName/RawObject.cs: b7277126f2de8ab75c184e0ffceaa264 -> e4d66a2fce5b764d8103d4567ed38606
  custom:scripting/monoscript/fileName/Tutorial_DerivedClassWrap.cs: a9f1f1a33e70d4aca6ed43632ef080bc -> 1a8da11bcfc26039296e071510ba3246
  custom:video-decoder-ogg-theora: a1e56fd34408186e4bbccfd4996cb3dc -> 
  custom:scripting/monoscript/fileName/LuaTable.cs: 831d394b03ebb276485eae65adc1ccd5 -> afc244f7b5f5d0300b37ddf3297901ec
  custom:scripting/monoscript/fileName/XLuaTest_Foo2ChildWrap.cs: f25917eb49d7296a35740a2c6a4d40ec -> 30fab5c82eb5f5ffb38a0a6d668c1895
  custom:framework-win-MediaFoundation: 216162199b28c13a410421893ffa2e32 -> 
  custom:scripting/monoscript/fileName/UnityEngine_TimeWrap.cs: 582bbe1acbebc99abd038879d2ce291a -> 5e744018ad83dc4e6b5341356b280ff7
  custom:scripting/monoscript/fileName/ObjectTranslator.cs: 3684f948a56ed5cf93b0514e484d3f48 -> dd3d0b582d45a9b753aab5e6237efeb3
  custom:scripting/monoscript/fileName/UnityEngine_AnimationClipWrap.cs: 35e9dbce44e2400ca249a1b04e238032 -> 77a92debc688d37d0c76ed29e7849dc6
  custom:scripting/monoscript/fileName/UnityEngine_MonoBehaviourWrap.cs: ab88a4de07d1ed4d6902d46f78a9c2a5 -> 04d351bf9d6db68acd2847f2651b2d6b
  custom:scripting/monoscript/fileName/UnityEngine_MathfWrap.cs: b8423f29ae782d824fe5861eb133fe99 -> 333033f071a58c53b030860e1dc36f4e
  custom:scripting/monoscript/fileName/Helloworld.cs: 0111736be64650c2c199ab4f2d2240c1 -> 5df6067a12a0276271ef7e4b2f46b98d
  custom:scripting/monoscript/fileName/HotfixTest2.cs: 8e85738438913476ef9e5c92cd26daad -> e6fb5855d637d49dacea7216888e03f7
  custom:scripting/monoscript/fileName/LinkXmlGen.cs: 91d69328c4b5d0ada19c3766b1b6ad15 -> f26ca07c1d6ecd8bde6b48a50ed6d393
  custom:scripting/monoscript/fileName/XLuaTest_Foo1ChildWrap.cs: 4e50b7c1fc1d91200bd6d308925718b7 -> 1c5e3d8cdf39c119ce22e5be32eae9dd
  custom:scripting/monoscript/fileName/LuaDLL.cs: a461d359c0f868ea297a4d0e0fa0810d -> 61e98a188b5f49dbf1a755838a97959a
  custom:scripting/monoscript/fileName/GenAttributes.cs: eecd24d8570c09b2ce8b7a7a7f2d3d12 -> d46b0cff88dfb044f17f4aed96768af1
  custom:scripting/monoscript/fileName/UnityEngine_ResourcesWrap.cs: 7881eec03c10cac6aed4968059672b77 -> 698ab99237a4262ce7f88356cded464a
  custom:scripting/monoscript/fileName/ExampleConfig.cs: 01010b4aed93329e34ab2c68a0d8c398 -> 96766ead2b0a0269b4571117ad9e65bc
  custom:scripting/monoscript/fileName/CSCallLua.cs: e37f012e62a4c619428574814b983ced -> 9d2ef4b275968bd22a483233fb8b554e
  custom:scripting/monoscript/fileName/Utils.cs: cf685c01caf3a4f894711b47bbf947e6 -> 55f902a32cb309b7a62f1e16aa1d617d
  custom:CustomObjectIndexerAttribute: 9a22284fe3817be447336de3de66b15e -> 
  custom:scripting/monoscript/fileName/LuaEnv.cs: 39b0b6f887cfc0f9d8b8bab4d9210e8f -> 89231863be1481a3b9e862fc4fbe0062
  custom:scripting/monoscript/fileName/EnumWrap.cs: e1678317fb40b1504377930932a65f00 -> 71aaf938165cbdbb0ac6c90ffee86023
  custom:container-demuxer-webm: 4f35f7cbe854078d1ac9338744f61a02 -> 
  custom:scripting/monoscript/fileName/UnityEngine_ParticleSystemWrap.cs: ea70451eecfa9db0287288ead2570a87 -> eee33c4ac5a2b762ef5a90683fe90f0f
  custom:scripting/monoscript/fileName/LuaException.cs: 1ddffcc2e8b89810add964c77207e13b -> c33171da8599ff6293dbea39eed5f2df
  custom:scripting/monoscript/fileName/InvokeLua.cs: 8d1030f275cd4c779c8aadb220460431 -> 7479efa8aadd7aed0020601aa4374477
  custom:scripting/monoscript/fileName/XLuaTest_BaseTestWrap.cs: 07e45de8fa2ee7650261714b0c2efcd8 -> 4f21680da7e23ca573808ca54815d505
  custom:scripting/monoscript/fileName/UnityEngine_BoundsWrap.cs: 0ac99f7c45b4a0aef916e0e5b49238c9 -> 3dd26eeb95bac2de8ce2da585d995261
  custom:scripting/monoscript/fileName/PackUnpack.cs: 7bf1a1e4b9a6d19c982a86f574107fe4 -> 273cbe68a303e04c83210a0d1b0dbfc8
  custom:scripting/monoscript/fileName/UnityEngine_KeyframeWrap.cs: 198c4d7f205e316a3726e83558840a1d -> f022c20884bfebd1cdba5d0a32b69287
  custom:scripting/monoscript/fileName/DelegatesGensBridge.cs: 14979ecd91d982a7d4b63ce8b241a2cb -> 9b33d1c344798966a03eb7d32474259e
  custom:scripting/monoscript/fileName/SignatureLoader.cs: f9b5b4f501bbc4033b1d26e1c53bc27d -> 2543099e1b7f94e78f488961484e5e52
  custom:scripting/monoscript/fileName/Coroutine_Runner.cs: 931214e1a723b03a7a230109c4225361 -> 690ad48fe9500ae79da028936c127982
  custom:container-muxer-webm: aa71ff27fc2769a1b78a27578f13a17b -> 
  custom:scripting/monoscript/fileName/NoGc.cs: 93f5576a58657b60a9c431df8280450e -> 468686911b292518222c0fc5fca7afd3
  custom:scripting/monoscript/fileName/ObjectPool.cs: bd4befac00d17d6ebf9e5f1d7d75cb4c -> 41af867cc123c070dfe6b15d45bb5402
  custom:video-decoder-webm-vp8: 9c59270c3fd7afecdb556c50c9e8de78 -> 
  custom:scripting/monoscript/fileName/XLuaTest_FooWrap.cs: 94d50054e40ab48511cae7fb0b602c9b -> abbeeb9782209030752aecf7c8307085
  custom:scripting/monoscript/fileName/Report.cs: 3c6fcdd086fb055c4c3456a5e0e35198 -> e51741919754948773e5898850c9f663
  custom:scripting/monoscript/fileName/Tutorial_DerivedClassExtensionsWrap.cs: 8d3a8d18ccf52ef11958b45f9012fc25 -> e71c7199b289862c70f81cc97fad9cd1
  custom:scripting/monoscript/fileName/System_Collections_Generic_List_1_System_Int32_Wrap.cs: 17851e7c00326059ae0787338228160b -> 0d81f6d3ce2afe6f735fa61fb6f44318
  custom:scripting/monoscript/fileName/XLuaGenAutoRegister.cs: d853ef44aabfccb80e0b7c076b61770b -> f7d7a1bdecea0875c31215b468d1ea3c
  custom:SearchIndexIgnoredProperties: e643bd26f0fe6173181afceb89e7c659 -> 
  custom:scripting/monoscript/fileName/UnityEngine_ColorWrap.cs: bd8e985ef59408a673873236ce871e73 -> a2199b901d8d68ac06d36f834d48f0de
  custom:AudioImporter_EditorPlatform: d09bf68614088b80899f8185d706f6e7 -> 
  custom:scripting/monoscript/fileName/GenericMethodExample.cs: 71308a9675c9d31b6584afd047da40d6 -> c3c4960d5a8b500e2f93697b37d06ae2
  custom:scripting/monoscript/fileName/TypeExtensions.cs: 68c704b8c6c4fa976b931eabe81ac9ee -> 6ecc1d6c2137d4648cc597a57d0741c7
  custom:scripting/monoscript/fileName/Tutorial_BaseClassWrap.cs: 0cb2af1d083b0b2c5e8cb36d24bfb39c -> 82bd31d966804ddf94755f42eec25c75
  custom:scripting/monoscript/fileName/UnityEngine_Ray2DWrap.cs: 0739f12fd5151febac857f4bf1dfbf4b -> 3948513cbdb210ff5fa49a4b2880e106
  custom:scripting/monoscript/fileName/UnityEngine_ComponentWrap.cs: e27295da2190ed2ebf55b5ac632d7f35 -> 3c3e0b9fedb2878f9f3fac771839136b
  custom:scripting/monoscript/fileName/CustomLoader.cs: 612387837da882e343b6793882f715b4 -> 3c04d951376acd618234995a34635baf
  custom:scripting/monoscript/fileName/BuildFromCLI.cs: a3c0f780c3b3a6e3a59fd5c2a4761ee3 -> ef1665cfd7adbd546e15cd58c9f7c486
  custom:scripting/monoscript/fileName/System_ObjectWrap.cs: c4f7132fadbd7f5f459fdffb106ce8ad -> 9fb5e5ed9e38c23dad1e0232edf0373b
  custom:scripting/monoscript/fileName/XLuaTest_Foo1ParentWrap.cs: 4d06c6c313846bbd2659cf013bd8c081 -> bc3faaa30d66f1a9334279476c37b2a8
  custom:scripting/monoscript/fileName/StatefullTest.cs: ac9082cda8d79beb987af6f68f5d30cd -> 5d22c8326914d95b29e418e9d014cf15
  custom:scripting/monoscript/fileName/InternalGlobals.cs: c7a0f72bef146ff41c15b3b535d6bdf9 -> 009e626d008ed11807341f4cf6fb3a9c
  custom:scripting/monoscript/fileName/XLuaTest_FooExtensionWrap.cs: 0cf66dd4ab170a1f2008f8b97f4f2106 -> 778d9d5cc8332e1d0739618b88aa2bb9
  custom:scripting/monoscript/fileName/DelegateBridge.cs: 59e13ad21dfacf0ee52e76776a9542b7 -> 4daef522f87298a8262553f6fd5bf8f2
  custom:scripting/monoscript/fileName/Foo.cs: b60484b40971b80860ed72eb65234dc1 -> f1cbde57f1c636c66a444cf720c99995
  custom:scripting/monoscript/fileName/UnityEngine_QuaternionWrap.cs: d7776a0aea79cbcec5ba2c36565a1173 -> 2be38f3d0f8715c9babd38533b7cc2f6
  custom:scripting/monoscript/fileName/ExampleGenConfig.cs: 402439a475ab0614d6514789dc967063 -> 2d21554d83bd53efca28765b954d65c7
  custom:scripting/monoscript/fileName/TemplateRef.cs: 894e64faa8518e7345655e4a3a343abf -> e57f72b6ec3c4672428b8339ce53c07a
  custom:scripting/monoscript/fileName/ByString.cs: 83f4bb3773b202a1550c80bc6c09d1a8 -> 71ac2dce49068f904e2150c45e200cdb
  custom:scripting/monoscript/fileName/UnityEngine_AnimationCurveWrap.cs: f2332648b2113d579022f7ac44ddf1a2 -> a1b4a7dab75f49fff03082ff025e4e5e
  custom:scripting/monoscript/fileName/XLuaTest_IExchangerBridge.cs: dbb2be54f36a2496a4425e7ceb90b9b9 -> a1b04ba231b7210d75c48779fb061387
  custom:scripting/monoscript/fileName/LuaBase.cs: fd57dc59c72dd7c1f0204d91abf1345d -> f0e74d4e175e23617aebee3a1fbf3735
  custom:scripting/monoscript/fileName/UnityEngine_LightWrap.cs: d3e76313bbab2d6f78618d0a96177993 -> afdccdb78964e15816bd84ff574e1d72
  custom:scripting/monoscript/fileName/System_Collections_IEnumeratorBridge.cs: e58d0dcf0aa39125fd572da9408c5a63 -> a6b8b2b6997973169c6bebc4e00197c3
  custom:scripting/monoscript/fileName/GenericDelegateBridge.cs: 14979ecd91d982a7d4b63ce8b241a2cb -> 9b33d1c344798966a03eb7d32474259e
  custom:video-encoder-webm-vp8: eb34c28f22e8b96e1ab97ce403110664 -> 
  custom:scripting/monoscript/fileName/LuaCallCs.cs: d69c2b3b74160f3f6c507a63e395d1b8 -> 80d51efbfa90ec9a93bf6c4f217fae70
  custom:scripting/monoscript/fileName/XLuaTest_Foo2ParentWrap.cs: 3cfc8bf6cad7ab5669e86f82da9efffc -> e55fdaf088679107b1602d0f4f018827
  custom:scripting/monoscript/fileName/Tutorial_CSCallLua_ItfDBridge.cs: d05148e45525d393370f3ca919d4cdc0 -> 4e0a8d0795850c18cf92cbc673dc6199
  custom:scripting/monoscript/fileName/UnityEngine_Vector2Wrap.cs: dfd1be4a9f736e54a226859ba85dbc30 -> d8bd11c5df83747314d76d2e1152a25a
  custom:audio-decoder-ogg-vorbis: bf7c407c2cedff20999df2af8eb42d56 -> 
  custom:scripting/monoscript/fileName/UnityEngine_GameObjectWrap.cs: c4cddad80b77cae4a3f64483d25e1457 -> 499beb086fe32ba82bd6b30d04f108ea
  custom:scripting/monoscript/fileName/XLuaTest_NoGcWrap.cs: 7c2153fc9ca9cd0a3cc8b2d8a5de2fcd -> b8ab725f3034c7583c772afc97e73cfe
  custom:scripting/monoscript/fileName/UnityEngine_DebugWrap.cs: a14c41c7fbd7dec62bec687de4c6fe27 -> 2a23054f13a8c643d838dbc57d787e1a
  custom:scripting/monoscript/fileName/TemplateEngine.cs: d4247539e36868281066dc2ffa847cbd -> 196c6eecd2e70276dab2c9a7b0cf2d59
  custom:scripting/monoscript/fileName/UnityEngine_SkinnedMeshRendererWrap.cs: 9ad169117eb1ff375ebe298216e6901c -> e6c3bb62aa80867a3afe5dcbb6224761
  custom:scripting/monoscript/fileName/CopyByValue.cs: 7bf1a1e4b9a6d19c982a86f574107fe4 -> 273cbe68a303e04c83210a0d1b0dbfc8
  custom:scripting/monoscript/fileName/Generator.cs: 5c2a3602a0cfb4641043518ccc18ad89 -> e11eefc36c86800da100cf1a4789c73c
  custom:scripting/monoscript/fileName/SignatureLoaderTest.cs: 37ed863ad0370c096ad98942100ce390 -> 8c9bdabb3430d1beabc1824b7aff6019
  custom:scripting/monoscript/fileName/HotfixTestCfg.cs: 7d41c7a61129380f568a08461036f7c3 -> a7321a5cbaeb2b6b22c71e624ff03625
  custom:scripting/monoscript/fileName/MessageBox.cs: 17d47f136e1a2eb08b8ca17667071821 -> febd8bda4c1c594acb6f720026ed3aee
  custom:scripting/monoscript/fileName/UnityEngine_TextAssetWrap.cs: a895654ec821ef871bab45f0bf4ab1bf -> 96eae3d139831963806db363328bfefe
  custom:scripting/monoscript/fileName/XLuaUnityDefaultConfig.cs: 847f92567dd164ad0f0a1c4536b7e6e7 -> 12ee8270b5ca2ec2875a29a6c838143c
  custom:scripting/monoscript/fileName/UnityEngine_TransformWrap.cs: 1ec7fdf0df78c54383c54d4890267885 -> 50d916bbc9cc3aa204547c1dbcf1b841
  custom:scripting/monoscript/fileName/UnityEngine_RendererWrap.cs: f2bb488dcafa31d4d1829db70de7e3de -> e28d66316639c5d4634a4f4176885c0f
  custom:scripting/monoscript/fileName/LuaFunction.cs: 6bea6a53e0ef7f4c19887edd95529fba -> 9f9e88fec2de37a51bb5cc9b6b08d6b9
  custom:audio-encoder-webm-vorbis: bf7c407c2cedff20999df2af8eb42d56 -> 
  custom:scripting/monoscript/fileName/XLuaTest_LuaBehaviourWrap.cs: eb21b90bdd58645712610184d1a6b02e -> 8a24807dde2ec4b5434d8876b84591df
  custom:scripting/monoscript/fileName/UnityEngine_Vector4Wrap.cs: 4736b1d9605ba5be814644e3bcc9e928 -> e876ed87f63c3dc401e686c851325f69
  custom:scripting/precompiled-assembly-types:Assembly-CSharp-Editor: 8329d2703a1fb80f61cc70ee984418c3 -> f3104d4e56e8a73f04df252396e09d4f
  custom:scripting/monoscript/fileName/XLuaTest_MyStructWrap.cs: 55519c14d8f95433c1b6e262daa1d322 -> bcfe0251bd793e1e64a466467ef9f39d
  custom:scripting/monoscript/fileName/StaticLuaCallbacks.cs: 806d4721af6e97ac563013320c7b3d7a -> 9d25aed2b0bb83738cfec7ef5ea55802
  custom:scripting/monoscript/fileName/UnityEngine_ObjectWrap.cs: acbfc6ebce3660b3cec600cb246312ee -> d239f04268fb712161f840d533347443
  custom:scripting/monoscript/fileName/RawObjectTest.cs: c3d9c6b1a141374366b8d8ccf99991a4 -> af9e06db1e13155c5410c0aa29232eac
  custom:scripting/monoscript/fileName/MethodWarpsCache.cs: a0fd87c86e3eda41e7890d27658be598 -> 182591812fc1e7cc805d3eb126c7629a
  custom:scripting/precompiled-assembly-types:Assembly-CSharp: 99b328417248fea24142d71679fac050 -> 6d2cbbca728bbcc514a1a97e862a8e21
  custom:scripting/monoscript/fileName/Tutorial_ICalcWrap.cs: 9802804745e09aa6d92fbca1a46de55a -> 03d02c9cf202af74271e6b9339f2aa97
========================================================================
Received Prepare
Refreshing native plugins compatible for Editor in 10.41 ms, found 4 plugins.
Preloading 0 native plugins for Editor in 0.00 ms.
Unloading 4 Unused Serialized files (Serialized files now loaded: 0)
Unloading 4 unused Assets / (312.9 KB). Loaded Objects now: 4939.
Memory consumption went from 84.1 MB to 83.7 MB.
Total: 4.292300 ms (FindLiveObjects: 0.673300 ms CreateObjectMapping: 0.615200 ms MarkObjects: 2.829900 ms  DeleteObjects: 0.172800 ms)

Prepare: number of updated asset objects reloaded= 0
AssetImportParameters requested are different than current active one (requested -> active):
  custom:scripting/monoscript/fileName/AsyncTest.cs: ba7b296f91a53eb12a2f973e4bfe6187 -> 76ce712e1c4d409aac5fa695d71d244a
  custom:scripting/monoscript/fileName/XLuaTest_InvokeLua_ICalcBridge.cs: 30fde9c3feb0b30e098352b4dfeb9cae -> 39dbaec3aa6ccdef5b8e133e5c8d912d
  custom:scripting/monoscript/fileName/UnityEngine_BehaviourWrap.cs: 50be6300a89da29ca17ad67a2589a5ca -> 07f04650a03b829841e9fab9d7740454
  custom:scripting/monoscript/fileName/CoroutineTest.cs: 8ff63a150c08cc9bc1500a6e3305dabe -> b55b07dbd7b0751be4b88111c51a8597
  custom:scripting/monoscript/fileName/UnityEngine_WaitForSecondsWrap.cs: 14ce79597090ca49f32e5242d176e3e0 -> f924ebf1733d94f4d65590a1a94e6531
  custom:scripting/monoscript/fileName/XLuaTest_PeddingWrap.cs: 904ed3ab876976c36018836c17a5f7cd -> 87db0d803af8b6af633a98194cb11698
  custom:scripting/monoscript/fileName/LuaBehaviour.cs: c26b3945b1b2533a373318992b28370d -> 8501f2955baa2ae1e4b9dc9f246b814a
  custom:container-demuxer-ogg: 62fdf1f143b41e24485cea50d1cbac27 -> 
  custom:scripting/monoscript/fileName/ObjectTranslatorPool.cs: 0fcc88f1a2575820f34ed99efa865239 -> c088e49ccc65541c1471becee0155ecc
  custom:scripting/monoscript/fileName/ByFile.cs: 4175f9d405491cf5cd12d69fd7ad338b -> 6f3dfbef5ea17c4620534958e4e26f3b
  custom:scripting/monoscript/fileName/ObjectCasters.cs: 2e05dcad88217340e3469b49cb484a5e -> 0c1ed1f1cf3d518e5e522f4d874c21c2
  custom:scripting/monoscript/fileName/UnityEngine_Vector3Wrap.cs: ce0a23addf1a2b20f8676787382fe6da -> 63f465b9380555daafea25b4176adba5
  custom:scripting/monoscript/fileName/ReImplementInLua.cs: 95b77c9b6059158d95dc9a7ae2d1cdb1 -> ccd60d267132159582621b9635d9b5d9
  custom:scripting/monoscript/fileName/UnityEngine_RayWrap.cs: 1b2ced459e0f7fe10c0b5b9489be6f35 -> 0b84fbe6cabdb1173feb41e835ef3a40
  custom:scripting/monoscript/fileName/HotfixTest.cs: 1c02fcc866280314c2a4f14c6d154faa -> 3960e9f9315d94bf0223f379bfbd4a4a
  custom:scripting/monoscript/fileName/WrapPusher.cs: 3b3bd77f226a0f893aad8e7367a0f06b -> a7d84f614ae4cd3b956f9b8556cfd18e
  custom:scripting/monoscript/fileName/RawObject.cs: b7277126f2de8ab75c184e0ffceaa264 -> e4d66a2fce5b764d8103d4567ed38606
  custom:scripting/monoscript/fileName/Tutorial_DerivedClassWrap.cs: a9f1f1a33e70d4aca6ed43632ef080bc -> 1a8da11bcfc26039296e071510ba3246
  custom:video-decoder-ogg-theora: a1e56fd34408186e4bbccfd4996cb3dc -> 
  custom:scripting/monoscript/fileName/LuaTable.cs: 831d394b03ebb276485eae65adc1ccd5 -> afc244f7b5f5d0300b37ddf3297901ec
  custom:scripting/monoscript/fileName/XLuaTest_Foo2ChildWrap.cs: f25917eb49d7296a35740a2c6a4d40ec -> 30fab5c82eb5f5ffb38a0a6d668c1895
  custom:framework-win-MediaFoundation: 216162199b28c13a410421893ffa2e32 -> 
  custom:scripting/monoscript/fileName/UnityEngine_TimeWrap.cs: 582bbe1acbebc99abd038879d2ce291a -> 5e744018ad83dc4e6b5341356b280ff7
  custom:scripting/monoscript/fileName/ObjectTranslator.cs: 3684f948a56ed5cf93b0514e484d3f48 -> dd3d0b582d45a9b753aab5e6237efeb3
  custom:scripting/monoscript/fileName/UnityEngine_AnimationClipWrap.cs: 35e9dbce44e2400ca249a1b04e238032 -> 77a92debc688d37d0c76ed29e7849dc6
  custom:scripting/monoscript/fileName/UnityEngine_MonoBehaviourWrap.cs: ab88a4de07d1ed4d6902d46f78a9c2a5 -> 04d351bf9d6db68acd2847f2651b2d6b
  custom:scripting/monoscript/fileName/UnityEngine_MathfWrap.cs: b8423f29ae782d824fe5861eb133fe99 -> 333033f071a58c53b030860e1dc36f4e
  custom:scripting/monoscript/fileName/Helloworld.cs: 0111736be64650c2c199ab4f2d2240c1 -> 5df6067a12a0276271ef7e4b2f46b98d
  custom:scripting/monoscript/fileName/HotfixTest2.cs: 8e85738438913476ef9e5c92cd26daad -> e6fb5855d637d49dacea7216888e03f7
  custom:scripting/monoscript/fileName/LinkXmlGen.cs: 91d69328c4b5d0ada19c3766b1b6ad15 -> f26ca07c1d6ecd8bde6b48a50ed6d393
  custom:scripting/monoscript/fileName/XLuaTest_Foo1ChildWrap.cs: 4e50b7c1fc1d91200bd6d308925718b7 -> 1c5e3d8cdf39c119ce22e5be32eae9dd
  custom:scripting/monoscript/fileName/LuaDLL.cs: a461d359c0f868ea297a4d0e0fa0810d -> 61e98a188b5f49dbf1a755838a97959a
  custom:scripting/monoscript/fileName/GenAttributes.cs: eecd24d8570c09b2ce8b7a7a7f2d3d12 -> d46b0cff88dfb044f17f4aed96768af1
  custom:scripting/monoscript/fileName/UnityEngine_ResourcesWrap.cs: 7881eec03c10cac6aed4968059672b77 -> 698ab99237a4262ce7f88356cded464a
  custom:scripting/monoscript/fileName/ExampleConfig.cs: 01010b4aed93329e34ab2c68a0d8c398 -> 96766ead2b0a0269b4571117ad9e65bc
  custom:scripting/monoscript/fileName/CSCallLua.cs: e37f012e62a4c619428574814b983ced -> 9d2ef4b275968bd22a483233fb8b554e
  custom:scripting/monoscript/fileName/Utils.cs: cf685c01caf3a4f894711b47bbf947e6 -> 55f902a32cb309b7a62f1e16aa1d617d
  custom:CustomObjectIndexerAttribute: 9a22284fe3817be447336de3de66b15e -> 
  custom:scripting/monoscript/fileName/LuaEnv.cs: 39b0b6f887cfc0f9d8b8bab4d9210e8f -> 89231863be1481a3b9e862fc4fbe0062
  custom:scripting/monoscript/fileName/EnumWrap.cs: e1678317fb40b1504377930932a65f00 -> 71aaf938165cbdbb0ac6c90ffee86023
  custom:container-demuxer-webm: 4f35f7cbe854078d1ac9338744f61a02 -> 
  custom:scripting/monoscript/fileName/UnityEngine_ParticleSystemWrap.cs: ea70451eecfa9db0287288ead2570a87 -> eee33c4ac5a2b762ef5a90683fe90f0f
  custom:scripting/monoscript/fileName/LuaException.cs: 1ddffcc2e8b89810add964c77207e13b -> c33171da8599ff6293dbea39eed5f2df
  custom:scripting/monoscript/fileName/InvokeLua.cs: 8d1030f275cd4c779c8aadb220460431 -> 7479efa8aadd7aed0020601aa4374477
  custom:scripting/monoscript/fileName/XLuaTest_BaseTestWrap.cs: 07e45de8fa2ee7650261714b0c2efcd8 -> 4f21680da7e23ca573808ca54815d505
  custom:scripting/monoscript/fileName/UnityEngine_BoundsWrap.cs: 0ac99f7c45b4a0aef916e0e5b49238c9 -> 3dd26eeb95bac2de8ce2da585d995261
  custom:scripting/monoscript/fileName/PackUnpack.cs: 7bf1a1e4b9a6d19c982a86f574107fe4 -> 273cbe68a303e04c83210a0d1b0dbfc8
  custom:scripting/monoscript/fileName/UnityEngine_KeyframeWrap.cs: 198c4d7f205e316a3726e83558840a1d -> f022c20884bfebd1cdba5d0a32b69287
  custom:scripting/monoscript/fileName/DelegatesGensBridge.cs: 14979ecd91d982a7d4b63ce8b241a2cb -> 9b33d1c344798966a03eb7d32474259e
  custom:scripting/monoscript/fileName/SignatureLoader.cs: f9b5b4f501bbc4033b1d26e1c53bc27d -> 2543099e1b7f94e78f488961484e5e52
  custom:scripting/monoscript/fileName/Coroutine_Runner.cs: 931214e1a723b03a7a230109c4225361 -> 690ad48fe9500ae79da028936c127982
  custom:container-muxer-webm: aa71ff27fc2769a1b78a27578f13a17b -> 
  custom:scripting/monoscript/fileName/NoGc.cs: 93f5576a58657b60a9c431df8280450e -> 468686911b292518222c0fc5fca7afd3
  custom:scripting/monoscript/fileName/ObjectPool.cs: bd4befac00d17d6ebf9e5f1d7d75cb4c -> 41af867cc123c070dfe6b15d45bb5402
  custom:video-decoder-webm-vp8: 9c59270c3fd7afecdb556c50c9e8de78 -> 
  custom:scripting/monoscript/fileName/XLuaTest_FooWrap.cs: 94d50054e40ab48511cae7fb0b602c9b -> abbeeb9782209030752aecf7c8307085
  custom:scripting/monoscript/fileName/Report.cs: 3c6fcdd086fb055c4c3456a5e0e35198 -> e51741919754948773e5898850c9f663
  custom:scripting/monoscript/fileName/Tutorial_DerivedClassExtensionsWrap.cs: 8d3a8d18ccf52ef11958b45f9012fc25 -> e71c7199b289862c70f81cc97fad9cd1
  custom:scripting/monoscript/fileName/System_Collections_Generic_List_1_System_Int32_Wrap.cs: 17851e7c00326059ae0787338228160b -> 0d81f6d3ce2afe6f735fa61fb6f44318
  custom:scripting/monoscript/fileName/XLuaGenAutoRegister.cs: d853ef44aabfccb80e0b7c076b61770b -> f7d7a1bdecea0875c31215b468d1ea3c
  custom:SearchIndexIgnoredProperties: e643bd26f0fe6173181afceb89e7c659 -> 
  custom:scripting/monoscript/fileName/UnityEngine_ColorWrap.cs: bd8e985ef59408a673873236ce871e73 -> a2199b901d8d68ac06d36f834d48f0de
  custom:AudioImporter_EditorPlatform: d09bf68614088b80899f8185d706f6e7 -> 
  custom:scripting/monoscript/fileName/GenericMethodExample.cs: 71308a9675c9d31b6584afd047da40d6 -> c3c4960d5a8b500e2f93697b37d06ae2
  custom:scripting/monoscript/fileName/TypeExtensions.cs: 68c704b8c6c4fa976b931eabe81ac9ee -> 6ecc1d6c2137d4648cc597a57d0741c7
  custom:scripting/monoscript/fileName/Tutorial_BaseClassWrap.cs: 0cb2af1d083b0b2c5e8cb36d24bfb39c -> 82bd31d966804ddf94755f42eec25c75
  custom:scripting/monoscript/fileName/UnityEngine_Ray2DWrap.cs: 0739f12fd5151febac857f4bf1dfbf4b -> 3948513cbdb210ff5fa49a4b2880e106
  custom:scripting/monoscript/fileName/UnityEngine_ComponentWrap.cs: e27295da2190ed2ebf55b5ac632d7f35 -> 3c3e0b9fedb2878f9f3fac771839136b
  custom:scripting/monoscript/fileName/CustomLoader.cs: 612387837da882e343b6793882f715b4 -> 3c04d951376acd618234995a34635baf
  custom:scripting/monoscript/fileName/BuildFromCLI.cs: a3c0f780c3b3a6e3a59fd5c2a4761ee3 -> ef1665cfd7adbd546e15cd58c9f7c486
  custom:scripting/monoscript/fileName/System_ObjectWrap.cs: c4f7132fadbd7f5f459fdffb106ce8ad -> 9fb5e5ed9e38c23dad1e0232edf0373b
  custom:scripting/monoscript/fileName/XLuaTest_Foo1ParentWrap.cs: 4d06c6c313846bbd2659cf013bd8c081 -> bc3faaa30d66f1a9334279476c37b2a8
  custom:scripting/monoscript/fileName/StatefullTest.cs: ac9082cda8d79beb987af6f68f5d30cd -> 5d22c8326914d95b29e418e9d014cf15
  custom:scripting/monoscript/fileName/InternalGlobals.cs: c7a0f72bef146ff41c15b3b535d6bdf9 -> 009e626d008ed11807341f4cf6fb3a9c
  custom:scripting/monoscript/fileName/XLuaTest_FooExtensionWrap.cs: 0cf66dd4ab170a1f2008f8b97f4f2106 -> 778d9d5cc8332e1d0739618b88aa2bb9
  custom:scripting/monoscript/fileName/DelegateBridge.cs: 59e13ad21dfacf0ee52e76776a9542b7 -> 4daef522f87298a8262553f6fd5bf8f2
  custom:scripting/monoscript/fileName/Foo.cs: b60484b40971b80860ed72eb65234dc1 -> f1cbde57f1c636c66a444cf720c99995
  custom:scripting/monoscript/fileName/UnityEngine_QuaternionWrap.cs: d7776a0aea79cbcec5ba2c36565a1173 -> 2be38f3d0f8715c9babd38533b7cc2f6
  custom:scripting/monoscript/fileName/ExampleGenConfig.cs: 402439a475ab0614d6514789dc967063 -> 2d21554d83bd53efca28765b954d65c7
  custom:scripting/monoscript/fileName/TemplateRef.cs: 894e64faa8518e7345655e4a3a343abf -> e57f72b6ec3c4672428b8339ce53c07a
  custom:scripting/monoscript/fileName/ByString.cs: 83f4bb3773b202a1550c80bc6c09d1a8 -> 71ac2dce49068f904e2150c45e200cdb
  custom:scripting/monoscript/fileName/UnityEngine_AnimationCurveWrap.cs: f2332648b2113d579022f7ac44ddf1a2 -> a1b4a7dab75f49fff03082ff025e4e5e
  custom:scripting/monoscript/fileName/XLuaTest_IExchangerBridge.cs: dbb2be54f36a2496a4425e7ceb90b9b9 -> a1b04ba231b7210d75c48779fb061387
  custom:scripting/monoscript/fileName/LuaBase.cs: fd57dc59c72dd7c1f0204d91abf1345d -> f0e74d4e175e23617aebee3a1fbf3735
  custom:scripting/monoscript/fileName/UnityEngine_LightWrap.cs: d3e76313bbab2d6f78618d0a96177993 -> afdccdb78964e15816bd84ff574e1d72
  custom:scripting/monoscript/fileName/System_Collections_IEnumeratorBridge.cs: e58d0dcf0aa39125fd572da9408c5a63 -> a6b8b2b6997973169c6bebc4e00197c3
  custom:scripting/monoscript/fileName/GenericDelegateBridge.cs: 14979ecd91d982a7d4b63ce8b241a2cb -> 9b33d1c344798966a03eb7d32474259e
  custom:video-encoder-webm-vp8: eb34c28f22e8b96e1ab97ce403110664 -> 
  custom:scripting/monoscript/fileName/LuaCallCs.cs: d69c2b3b74160f3f6c507a63e395d1b8 -> 80d51efbfa90ec9a93bf6c4f217fae70
  custom:scripting/monoscript/fileName/XLuaTest_Foo2ParentWrap.cs: 3cfc8bf6cad7ab5669e86f82da9efffc -> e55fdaf088679107b1602d0f4f018827
  custom:scripting/monoscript/fileName/Tutorial_CSCallLua_ItfDBridge.cs: d05148e45525d393370f3ca919d4cdc0 -> 4e0a8d0795850c18cf92cbc673dc6199
  custom:scripting/monoscript/fileName/UnityEngine_Vector2Wrap.cs: dfd1be4a9f736e54a226859ba85dbc30 -> d8bd11c5df83747314d76d2e1152a25a
  custom:audio-decoder-ogg-vorbis: bf7c407c2cedff20999df2af8eb42d56 -> 
  custom:scripting/monoscript/fileName/UnityEngine_GameObjectWrap.cs: c4cddad80b77cae4a3f64483d25e1457 -> 499beb086fe32ba82bd6b30d04f108ea
  custom:scripting/monoscript/fileName/XLuaTest_NoGcWrap.cs: 7c2153fc9ca9cd0a3cc8b2d8a5de2fcd -> b8ab725f3034c7583c772afc97e73cfe
  custom:scripting/monoscript/fileName/UnityEngine_DebugWrap.cs: a14c41c7fbd7dec62bec687de4c6fe27 -> 2a23054f13a8c643d838dbc57d787e1a
  custom:scripting/monoscript/fileName/TemplateEngine.cs: d4247539e36868281066dc2ffa847cbd -> 196c6eecd2e70276dab2c9a7b0cf2d59
  custom:scripting/monoscript/fileName/UnityEngine_SkinnedMeshRendererWrap.cs: 9ad169117eb1ff375ebe298216e6901c -> e6c3bb62aa80867a3afe5dcbb6224761
  custom:scripting/monoscript/fileName/CopyByValue.cs: 7bf1a1e4b9a6d19c982a86f574107fe4 -> 273cbe68a303e04c83210a0d1b0dbfc8
  custom:scripting/monoscript/fileName/Generator.cs: 5c2a3602a0cfb4641043518ccc18ad89 -> e11eefc36c86800da100cf1a4789c73c
  custom:scripting/monoscript/fileName/SignatureLoaderTest.cs: 37ed863ad0370c096ad98942100ce390 -> 8c9bdabb3430d1beabc1824b7aff6019
  custom:scripting/monoscript/fileName/HotfixTestCfg.cs: 7d41c7a61129380f568a08461036f7c3 -> a7321a5cbaeb2b6b22c71e624ff03625
  custom:scripting/monoscript/fileName/MessageBox.cs: 17d47f136e1a2eb08b8ca17667071821 -> febd8bda4c1c594acb6f720026ed3aee
  custom:scripting/monoscript/fileName/UnityEngine_TextAssetWrap.cs: a895654ec821ef871bab45f0bf4ab1bf -> 96eae3d139831963806db363328bfefe
  custom:scripting/monoscript/fileName/XLuaUnityDefaultConfig.cs: 847f92567dd164ad0f0a1c4536b7e6e7 -> 12ee8270b5ca2ec2875a29a6c838143c
  custom:scripting/monoscript/fileName/UnityEngine_TransformWrap.cs: 1ec7fdf0df78c54383c54d4890267885 -> 50d916bbc9cc3aa204547c1dbcf1b841
  custom:scripting/monoscript/fileName/UnityEngine_RendererWrap.cs: f2bb488dcafa31d4d1829db70de7e3de -> e28d66316639c5d4634a4f4176885c0f
  custom:scripting/monoscript/fileName/LuaFunction.cs: 6bea6a53e0ef7f4c19887edd95529fba -> 9f9e88fec2de37a51bb5cc9b6b08d6b9
  custom:audio-encoder-webm-vorbis: bf7c407c2cedff20999df2af8eb42d56 -> 
  custom:scripting/monoscript/fileName/XLuaTest_LuaBehaviourWrap.cs: eb21b90bdd58645712610184d1a6b02e -> 8a24807dde2ec4b5434d8876b84591df
  custom:scripting/monoscript/fileName/UnityEngine_Vector4Wrap.cs: 4736b1d9605ba5be814644e3bcc9e928 -> e876ed87f63c3dc401e686c851325f69
  custom:scripting/precompiled-assembly-types:Assembly-CSharp-Editor: 8329d2703a1fb80f61cc70ee984418c3 -> f3104d4e56e8a73f04df252396e09d4f
  custom:scripting/monoscript/fileName/XLuaTest_MyStructWrap.cs: 55519c14d8f95433c1b6e262daa1d322 -> bcfe0251bd793e1e64a466467ef9f39d
  custom:scripting/monoscript/fileName/StaticLuaCallbacks.cs: 806d4721af6e97ac563013320c7b3d7a -> 9d25aed2b0bb83738cfec7ef5ea55802
  custom:scripting/monoscript/fileName/UnityEngine_ObjectWrap.cs: acbfc6ebce3660b3cec600cb246312ee -> d239f04268fb712161f840d533347443
  custom:scripting/monoscript/fileName/RawObjectTest.cs: c3d9c6b1a141374366b8d8ccf99991a4 -> af9e06db1e13155c5410c0aa29232eac
  custom:scripting/monoscript/fileName/MethodWarpsCache.cs: a0fd87c86e3eda41e7890d27658be598 -> 182591812fc1e7cc805d3eb126c7629a
  custom:scripting/precompiled-assembly-types:Assembly-CSharp: 99b328417248fea24142d71679fac050 -> 6d2cbbca728bbcc514a1a97e862a8e21
  custom:scripting/monoscript/fileName/Tutorial_ICalcWrap.cs: 9802804745e09aa6d92fbca1a46de55a -> 03d02c9cf202af74271e6b9339f2aa97
========================================================================
Received Prepare
Caller must complete domain reload
Begin MonoManager ReloadAssembly
- Loaded All Assemblies, in  0.617 seconds
Native extension for WindowsStandalone target not found
Mono: successfully reloaded assembly
- Finished resetting the current domain, in  1.254 seconds
Domain Reload Profiling: 1868ms
	BeginReloadAssembly (187ms)
		ExecutionOrderSort (0ms)
		DisableScriptedObjects (5ms)
		BackupInstance (0ms)
		ReleaseScriptingObjects (0ms)
		CreateAndSetChildDomain (38ms)
	RebuildCommonClasses (42ms)
	RebuildNativeTypeToScriptingClass (13ms)
	initialDomainReloadingComplete (45ms)
	LoadAllAssembliesAndSetupDomain (327ms)
		LoadAssemblies (406ms)
		RebuildTransferFunctionScriptingTraits (0ms)
		AnalyzeDomain (29ms)
			TypeCache.Refresh (17ms)
				TypeCache.ScanAssembly (0ms)
			ScanForSourceGeneratedMonoScriptInfo (0ms)
			ResolveRequiredComponents (9ms)
	FinalizeReload (1255ms)
		ReleaseScriptCaches (0ms)
		RebuildScriptCaches (0ms)
		SetupLoadedEditorAssemblies (508ms)
			LogAssemblyErrors (0ms)
			InitializePlatformSupportModulesInManaged (5ms)
			SetLoadedEditorAssemblies (3ms)
			RefreshPlugins (0ms)
			BeforeProcessingInitializeOnLoad (66ms)
			ProcessInitializeOnLoadAttributes (350ms)
			ProcessInitializeOnLoadMethodAttributes (75ms)
			AfterProcessingInitializeOnLoad (8ms)
			EditorAssembliesLoaded (0ms)
		ExecutionOrderSort2 (0ms)
		AwakeInstancesAfterBackupRestoration (9ms)
Refreshing native plugins compatible for Editor in 7.62 ms, found 4 plugins.
Preloading 0 native plugins for Editor in 0.00 ms.
Unloading 4364 Unused Serialized files (Serialized files now loaded: 0)
Unloading 17 unused Assets / (331.7 KB). Loaded Objects now: 4942.
Memory consumption went from 151.5 MB to 151.2 MB.
Total: 13.331400 ms (FindLiveObjects: 0.628000 ms CreateObjectMapping: 0.670000 ms MarkObjects: 11.537300 ms  DeleteObjects: 0.492700 ms)

Prepare: number of updated asset objects reloaded= 0
AssetImportParameters requested are different than current active one (requested -> active):
  custom:scripting/monoscript/fileName/AsyncTest.cs: ba7b296f91a53eb12a2f973e4bfe6187 -> 76ce712e1c4d409aac5fa695d71d244a
  custom:scripting/monoscript/fileName/XLuaTest_InvokeLua_ICalcBridge.cs: 30fde9c3feb0b30e098352b4dfeb9cae -> 39dbaec3aa6ccdef5b8e133e5c8d912d
  custom:scripting/monoscript/fileName/UnityEngine_BehaviourWrap.cs: 50be6300a89da29ca17ad67a2589a5ca -> 07f04650a03b829841e9fab9d7740454
  custom:scripting/monoscript/fileName/CoroutineTest.cs: 8ff63a150c08cc9bc1500a6e3305dabe -> b55b07dbd7b0751be4b88111c51a8597
  custom:scripting/monoscript/fileName/UnityEngine_WaitForSecondsWrap.cs: 14ce79597090ca49f32e5242d176e3e0 -> f924ebf1733d94f4d65590a1a94e6531
  custom:scripting/monoscript/fileName/XLuaTest_PeddingWrap.cs: 904ed3ab876976c36018836c17a5f7cd -> 87db0d803af8b6af633a98194cb11698
  custom:scripting/monoscript/fileName/LuaBehaviour.cs: c26b3945b1b2533a373318992b28370d -> 8501f2955baa2ae1e4b9dc9f246b814a
  custom:container-demuxer-ogg: 62fdf1f143b41e24485cea50d1cbac27 -> 
  custom:scripting/monoscript/fileName/ObjectTranslatorPool.cs: 0fcc88f1a2575820f34ed99efa865239 -> c088e49ccc65541c1471becee0155ecc
  custom:scripting/monoscript/fileName/ByFile.cs: 4175f9d405491cf5cd12d69fd7ad338b -> 6f3dfbef5ea17c4620534958e4e26f3b
  custom:scripting/monoscript/fileName/ObjectCasters.cs: 2e05dcad88217340e3469b49cb484a5e -> 0c1ed1f1cf3d518e5e522f4d874c21c2
  custom:scripting/monoscript/fileName/UnityEngine_Vector3Wrap.cs: ce0a23addf1a2b20f8676787382fe6da -> 63f465b9380555daafea25b4176adba5
  custom:scripting/monoscript/fileName/ReImplementInLua.cs: 95b77c9b6059158d95dc9a7ae2d1cdb1 -> ccd60d267132159582621b9635d9b5d9
  custom:scripting/monoscript/fileName/UnityEngine_RayWrap.cs: 1b2ced459e0f7fe10c0b5b9489be6f35 -> 0b84fbe6cabdb1173feb41e835ef3a40
  custom:scripting/monoscript/fileName/HotfixTest.cs: 1c02fcc866280314c2a4f14c6d154faa -> 3960e9f9315d94bf0223f379bfbd4a4a
  custom:scripting/monoscript/fileName/WrapPusher.cs: 3b3bd77f226a0f893aad8e7367a0f06b -> a7d84f614ae4cd3b956f9b8556cfd18e
  custom:scripting/monoscript/fileName/RawObject.cs: b7277126f2de8ab75c184e0ffceaa264 -> e4d66a2fce5b764d8103d4567ed38606
  custom:scripting/monoscript/fileName/Tutorial_DerivedClassWrap.cs: a9f1f1a33e70d4aca6ed43632ef080bc -> 1a8da11bcfc26039296e071510ba3246
  custom:video-decoder-ogg-theora: a1e56fd34408186e4bbccfd4996cb3dc -> 
  custom:scripting/monoscript/fileName/LuaTable.cs: 831d394b03ebb276485eae65adc1ccd5 -> afc244f7b5f5d0300b37ddf3297901ec
  custom:scripting/monoscript/fileName/XLuaTest_Foo2ChildWrap.cs: f25917eb49d7296a35740a2c6a4d40ec -> 30fab5c82eb5f5ffb38a0a6d668c1895
  custom:framework-win-MediaFoundation: 216162199b28c13a410421893ffa2e32 -> 
  custom:scripting/monoscript/fileName/UnityEngine_TimeWrap.cs: 582bbe1acbebc99abd038879d2ce291a -> 5e744018ad83dc4e6b5341356b280ff7
  custom:scripting/monoscript/fileName/ObjectTranslator.cs: 3684f948a56ed5cf93b0514e484d3f48 -> dd3d0b582d45a9b753aab5e6237efeb3
  custom:scripting/monoscript/fileName/UnityEngine_AnimationClipWrap.cs: 35e9dbce44e2400ca249a1b04e238032 -> 77a92debc688d37d0c76ed29e7849dc6
  custom:scripting/monoscript/fileName/UnityEngine_MonoBehaviourWrap.cs: ab88a4de07d1ed4d6902d46f78a9c2a5 -> 04d351bf9d6db68acd2847f2651b2d6b
  custom:scripting/monoscript/fileName/UnityEngine_MathfWrap.cs: b8423f29ae782d824fe5861eb133fe99 -> 333033f071a58c53b030860e1dc36f4e
  custom:scripting/monoscript/fileName/Helloworld.cs: 0111736be64650c2c199ab4f2d2240c1 -> 5df6067a12a0276271ef7e4b2f46b98d
  custom:scripting/monoscript/fileName/HotfixTest2.cs: 8e85738438913476ef9e5c92cd26daad -> e6fb5855d637d49dacea7216888e03f7
  custom:scripting/monoscript/fileName/LinkXmlGen.cs: 91d69328c4b5d0ada19c3766b1b6ad15 -> f26ca07c1d6ecd8bde6b48a50ed6d393
  custom:scripting/monoscript/fileName/XLuaTest_Foo1ChildWrap.cs: 4e50b7c1fc1d91200bd6d308925718b7 -> 1c5e3d8cdf39c119ce22e5be32eae9dd
  custom:scripting/monoscript/fileName/LuaDLL.cs: a461d359c0f868ea297a4d0e0fa0810d -> 61e98a188b5f49dbf1a755838a97959a
  custom:scripting/monoscript/fileName/GenAttributes.cs: eecd24d8570c09b2ce8b7a7a7f2d3d12 -> d46b0cff88dfb044f17f4aed96768af1
  custom:scripting/monoscript/fileName/UnityEngine_ResourcesWrap.cs: 7881eec03c10cac6aed4968059672b77 -> 698ab99237a4262ce7f88356cded464a
  custom:scripting/monoscript/fileName/ExampleConfig.cs: 01010b4aed93329e34ab2c68a0d8c398 -> 96766ead2b0a0269b4571117ad9e65bc
  custom:scripting/monoscript/fileName/CSCallLua.cs: e37f012e62a4c619428574814b983ced -> 9d2ef4b275968bd22a483233fb8b554e
  custom:scripting/monoscript/fileName/Utils.cs: cf685c01caf3a4f894711b47bbf947e6 -> 55f902a32cb309b7a62f1e16aa1d617d
  custom:CustomObjectIndexerAttribute: 9a22284fe3817be447336de3de66b15e -> 
  custom:scripting/monoscript/fileName/LuaEnv.cs: 39b0b6f887cfc0f9d8b8bab4d9210e8f -> 89231863be1481a3b9e862fc4fbe0062
  custom:scripting/monoscript/fileName/EnumWrap.cs: e1678317fb40b1504377930932a65f00 -> 71aaf938165cbdbb0ac6c90ffee86023
  custom:container-demuxer-webm: 4f35f7cbe854078d1ac9338744f61a02 -> 
  custom:scripting/monoscript/fileName/UnityEngine_ParticleSystemWrap.cs: ea70451eecfa9db0287288ead2570a87 -> eee33c4ac5a2b762ef5a90683fe90f0f
  custom:scripting/monoscript/fileName/LuaException.cs: 1ddffcc2e8b89810add964c77207e13b -> c33171da8599ff6293dbea39eed5f2df
  custom:scripting/monoscript/fileName/InvokeLua.cs: 8d1030f275cd4c779c8aadb220460431 -> 7479efa8aadd7aed0020601aa4374477
  custom:scripting/monoscript/fileName/XLuaTest_BaseTestWrap.cs: 07e45de8fa2ee7650261714b0c2efcd8 -> 4f21680da7e23ca573808ca54815d505
  custom:scripting/monoscript/fileName/UnityEngine_BoundsWrap.cs: 0ac99f7c45b4a0aef916e0e5b49238c9 -> 3dd26eeb95bac2de8ce2da585d995261
  custom:scripting/monoscript/fileName/PackUnpack.cs: 7bf1a1e4b9a6d19c982a86f574107fe4 -> 273cbe68a303e04c83210a0d1b0dbfc8
  custom:scripting/monoscript/fileName/UnityEngine_KeyframeWrap.cs: 198c4d7f205e316a3726e83558840a1d -> f022c20884bfebd1cdba5d0a32b69287
  custom:scripting/monoscript/fileName/DelegatesGensBridge.cs: 14979ecd91d982a7d4b63ce8b241a2cb -> 9b33d1c344798966a03eb7d32474259e
  custom:scripting/monoscript/fileName/SignatureLoader.cs: f9b5b4f501bbc4033b1d26e1c53bc27d -> 2543099e1b7f94e78f488961484e5e52
  custom:scripting/monoscript/fileName/Coroutine_Runner.cs: 931214e1a723b03a7a230109c4225361 -> 690ad48fe9500ae79da028936c127982
  custom:container-muxer-webm: aa71ff27fc2769a1b78a27578f13a17b -> 
  custom:scripting/monoscript/fileName/NoGc.cs: 93f5576a58657b60a9c431df8280450e -> 468686911b292518222c0fc5fca7afd3
  custom:scripting/monoscript/fileName/ObjectPool.cs: bd4befac00d17d6ebf9e5f1d7d75cb4c -> 41af867cc123c070dfe6b15d45bb5402
  custom:video-decoder-webm-vp8: 9c59270c3fd7afecdb556c50c9e8de78 -> 
  custom:scripting/monoscript/fileName/XLuaTest_FooWrap.cs: 94d50054e40ab48511cae7fb0b602c9b -> abbeeb9782209030752aecf7c8307085
  custom:scripting/monoscript/fileName/Report.cs: 3c6fcdd086fb055c4c3456a5e0e35198 -> e51741919754948773e5898850c9f663
  custom:scripting/monoscript/fileName/Tutorial_DerivedClassExtensionsWrap.cs: 8d3a8d18ccf52ef11958b45f9012fc25 -> e71c7199b289862c70f81cc97fad9cd1
  custom:scripting/monoscript/fileName/System_Collections_Generic_List_1_System_Int32_Wrap.cs: 17851e7c00326059ae0787338228160b -> 0d81f6d3ce2afe6f735fa61fb6f44318
  custom:scripting/monoscript/fileName/XLuaGenAutoRegister.cs: d853ef44aabfccb80e0b7c076b61770b -> f7d7a1bdecea0875c31215b468d1ea3c
  custom:SearchIndexIgnoredProperties: e643bd26f0fe6173181afceb89e7c659 -> 
  custom:scripting/monoscript/fileName/UnityEngine_ColorWrap.cs: bd8e985ef59408a673873236ce871e73 -> a2199b901d8d68ac06d36f834d48f0de
  custom:AudioImporter_EditorPlatform: d09bf68614088b80899f8185d706f6e7 -> 
  custom:scripting/monoscript/fileName/GenericMethodExample.cs: 71308a9675c9d31b6584afd047da40d6 -> c3c4960d5a8b500e2f93697b37d06ae2
  custom:scripting/monoscript/fileName/TypeExtensions.cs: 68c704b8c6c4fa976b931eabe81ac9ee -> 6ecc1d6c2137d4648cc597a57d0741c7
  custom:scripting/monoscript/fileName/Tutorial_BaseClassWrap.cs: 0cb2af1d083b0b2c5e8cb36d24bfb39c -> 82bd31d966804ddf94755f42eec25c75
  custom:scripting/monoscript/fileName/UnityEngine_Ray2DWrap.cs: 0739f12fd5151febac857f4bf1dfbf4b -> 3948513cbdb210ff5fa49a4b2880e106
  custom:scripting/monoscript/fileName/UnityEngine_ComponentWrap.cs: e27295da2190ed2ebf55b5ac632d7f35 -> 3c3e0b9fedb2878f9f3fac771839136b
  custom:scripting/monoscript/fileName/CustomLoader.cs: 612387837da882e343b6793882f715b4 -> 3c04d951376acd618234995a34635baf
  custom:scripting/monoscript/fileName/BuildFromCLI.cs: a3c0f780c3b3a6e3a59fd5c2a4761ee3 -> ef1665cfd7adbd546e15cd58c9f7c486
  custom:scripting/monoscript/fileName/System_ObjectWrap.cs: c4f7132fadbd7f5f459fdffb106ce8ad -> 9fb5e5ed9e38c23dad1e0232edf0373b
  custom:scripting/monoscript/fileName/XLuaTest_Foo1ParentWrap.cs: 4d06c6c313846bbd2659cf013bd8c081 -> bc3faaa30d66f1a9334279476c37b2a8
  custom:scripting/monoscript/fileName/StatefullTest.cs: ac9082cda8d79beb987af6f68f5d30cd -> 5d22c8326914d95b29e418e9d014cf15
  custom:scripting/monoscript/fileName/InternalGlobals.cs: c7a0f72bef146ff41c15b3b535d6bdf9 -> 009e626d008ed11807341f4cf6fb3a9c
  custom:scripting/monoscript/fileName/XLuaTest_FooExtensionWrap.cs: 0cf66dd4ab170a1f2008f8b97f4f2106 -> 778d9d5cc8332e1d0739618b88aa2bb9
  custom:scripting/monoscript/fileName/DelegateBridge.cs: 59e13ad21dfacf0ee52e76776a9542b7 -> 4daef522f87298a8262553f6fd5bf8f2
  custom:scripting/monoscript/fileName/Foo.cs: b60484b40971b80860ed72eb65234dc1 -> f1cbde57f1c636c66a444cf720c99995
  custom:scripting/monoscript/fileName/UnityEngine_QuaternionWrap.cs: d7776a0aea79cbcec5ba2c36565a1173 -> 2be38f3d0f8715c9babd38533b7cc2f6
  custom:scripting/monoscript/fileName/ExampleGenConfig.cs: 402439a475ab0614d6514789dc967063 -> 2d21554d83bd53efca28765b954d65c7
  custom:scripting/monoscript/fileName/TemplateRef.cs: 894e64faa8518e7345655e4a3a343abf -> e57f72b6ec3c4672428b8339ce53c07a
  custom:scripting/monoscript/fileName/ByString.cs: 83f4bb3773b202a1550c80bc6c09d1a8 -> 71ac2dce49068f904e2150c45e200cdb
  custom:scripting/monoscript/fileName/UnityEngine_AnimationCurveWrap.cs: f2332648b2113d579022f7ac44ddf1a2 -> a1b4a7dab75f49fff03082ff025e4e5e
  custom:scripting/monoscript/fileName/XLuaTest_IExchangerBridge.cs: dbb2be54f36a2496a4425e7ceb90b9b9 -> a1b04ba231b7210d75c48779fb061387
  custom:scripting/monoscript/fileName/LuaBase.cs: fd57dc59c72dd7c1f0204d91abf1345d -> f0e74d4e175e23617aebee3a1fbf3735
  custom:scripting/monoscript/fileName/UnityEngine_LightWrap.cs: d3e76313bbab2d6f78618d0a96177993 -> afdccdb78964e15816bd84ff574e1d72
  custom:scripting/monoscript/fileName/System_Collections_IEnumeratorBridge.cs: e58d0dcf0aa39125fd572da9408c5a63 -> a6b8b2b6997973169c6bebc4e00197c3
  custom:scripting/monoscript/fileName/GenericDelegateBridge.cs: 14979ecd91d982a7d4b63ce8b241a2cb -> 9b33d1c344798966a03eb7d32474259e
  custom:video-encoder-webm-vp8: eb34c28f22e8b96e1ab97ce403110664 -> 
  custom:scripting/monoscript/fileName/LuaCallCs.cs: d69c2b3b74160f3f6c507a63e395d1b8 -> 80d51efbfa90ec9a93bf6c4f217fae70
  custom:scripting/monoscript/fileName/XLuaTest_Foo2ParentWrap.cs: 3cfc8bf6cad7ab5669e86f82da9efffc -> e55fdaf088679107b1602d0f4f018827
  custom:scripting/monoscript/fileName/Tutorial_CSCallLua_ItfDBridge.cs: d05148e45525d393370f3ca919d4cdc0 -> 4e0a8d0795850c18cf92cbc673dc6199
  custom:scripting/monoscript/fileName/UnityEngine_Vector2Wrap.cs: dfd1be4a9f736e54a226859ba85dbc30 -> d8bd11c5df83747314d76d2e1152a25a
  custom:audio-decoder-ogg-vorbis: bf7c407c2cedff20999df2af8eb42d56 -> 
  custom:scripting/monoscript/fileName/UnityEngine_GameObjectWrap.cs: c4cddad80b77cae4a3f64483d25e1457 -> 499beb086fe32ba82bd6b30d04f108ea
  custom:scripting/monoscript/fileName/XLuaTest_NoGcWrap.cs: 7c2153fc9ca9cd0a3cc8b2d8a5de2fcd -> b8ab725f3034c7583c772afc97e73cfe
  custom:scripting/monoscript/fileName/UnityEngine_DebugWrap.cs: a14c41c7fbd7dec62bec687de4c6fe27 -> 2a23054f13a8c643d838dbc57d787e1a
  custom:scripting/monoscript/fileName/TemplateEngine.cs: d4247539e36868281066dc2ffa847cbd -> 196c6eecd2e70276dab2c9a7b0cf2d59
  custom:scripting/monoscript/fileName/UnityEngine_SkinnedMeshRendererWrap.cs: 9ad169117eb1ff375ebe298216e6901c -> e6c3bb62aa80867a3afe5dcbb6224761
  custom:scripting/monoscript/fileName/CopyByValue.cs: 7bf1a1e4b9a6d19c982a86f574107fe4 -> 273cbe68a303e04c83210a0d1b0dbfc8
  custom:scripting/monoscript/fileName/Generator.cs: 5c2a3602a0cfb4641043518ccc18ad89 -> e11eefc36c86800da100cf1a4789c73c
  custom:scripting/monoscript/fileName/SignatureLoaderTest.cs: 37ed863ad0370c096ad98942100ce390 -> 8c9bdabb3430d1beabc1824b7aff6019
  custom:scripting/monoscript/fileName/HotfixTestCfg.cs: 7d41c7a61129380f568a08461036f7c3 -> a7321a5cbaeb2b6b22c71e624ff03625
  custom:scripting/monoscript/fileName/MessageBox.cs: 17d47f136e1a2eb08b8ca17667071821 -> febd8bda4c1c594acb6f720026ed3aee
  custom:scripting/monoscript/fileName/UnityEngine_TextAssetWrap.cs: a895654ec821ef871bab45f0bf4ab1bf -> 96eae3d139831963806db363328bfefe
  custom:scripting/monoscript/fileName/XLuaUnityDefaultConfig.cs: 847f92567dd164ad0f0a1c4536b7e6e7 -> 12ee8270b5ca2ec2875a29a6c838143c
  custom:scripting/monoscript/fileName/UnityEngine_TransformWrap.cs: 1ec7fdf0df78c54383c54d4890267885 -> 50d916bbc9cc3aa204547c1dbcf1b841
  custom:scripting/monoscript/fileName/UnityEngine_RendererWrap.cs: f2bb488dcafa31d4d1829db70de7e3de -> e28d66316639c5d4634a4f4176885c0f
  custom:scripting/monoscript/fileName/LuaFunction.cs: 6bea6a53e0ef7f4c19887edd95529fba -> 9f9e88fec2de37a51bb5cc9b6b08d6b9
  custom:audio-encoder-webm-vorbis: bf7c407c2cedff20999df2af8eb42d56 -> 
  custom:scripting/monoscript/fileName/XLuaTest_LuaBehaviourWrap.cs: eb21b90bdd58645712610184d1a6b02e -> 8a24807dde2ec4b5434d8876b84591df
  custom:scripting/monoscript/fileName/UnityEngine_Vector4Wrap.cs: 4736b1d9605ba5be814644e3bcc9e928 -> e876ed87f63c3dc401e686c851325f69
  custom:scripting/precompiled-assembly-types:Assembly-CSharp-Editor: 8329d2703a1fb80f61cc70ee984418c3 -> f3104d4e56e8a73f04df252396e09d4f
  custom:scripting/monoscript/fileName/XLuaTest_MyStructWrap.cs: 55519c14d8f95433c1b6e262daa1d322 -> bcfe0251bd793e1e64a466467ef9f39d
  custom:scripting/monoscript/fileName/StaticLuaCallbacks.cs: 806d4721af6e97ac563013320c7b3d7a -> 9d25aed2b0bb83738cfec7ef5ea55802
  custom:scripting/monoscript/fileName/UnityEngine_ObjectWrap.cs: acbfc6ebce3660b3cec600cb246312ee -> d239f04268fb712161f840d533347443
  custom:scripting/monoscript/fileName/RawObjectTest.cs: c3d9c6b1a141374366b8d8ccf99991a4 -> af9e06db1e13155c5410c0aa29232eac
  custom:scripting/monoscript/fileName/MethodWarpsCache.cs: a0fd87c86e3eda41e7890d27658be598 -> 182591812fc1e7cc805d3eb126c7629a
  custom:scripting/precompiled-assembly-types:Assembly-CSharp: 99b328417248fea24142d71679fac050 -> 6d2cbbca728bbcc514a1a97e862a8e21
  custom:scripting/monoscript/fileName/Tutorial_ICalcWrap.cs: 9802804745e09aa6d92fbca1a46de55a -> 03d02c9cf202af74271e6b9339f2aa97
========================================================================
Received Prepare
Caller must complete domain reload
Begin MonoManager ReloadAssembly
- Loaded All Assemblies, in  0.623 seconds
Native extension for WindowsStandalone target not found
Mono: successfully reloaded assembly
- Finished resetting the current domain, in  1.197 seconds
Domain Reload Profiling: 1817ms
	BeginReloadAssembly (181ms)
		ExecutionOrderSort (0ms)
		DisableScriptedObjects (5ms)
		BackupInstance (0ms)
		ReleaseScriptingObjects (0ms)
		CreateAndSetChildDomain (39ms)
	RebuildCommonClasses (41ms)
	RebuildNativeTypeToScriptingClass (12ms)
	initialDomainReloadingComplete (39ms)
	LoadAllAssembliesAndSetupDomain (347ms)
		LoadAssemblies (394ms)
		RebuildTransferFunctionScriptingTraits (0ms)
		AnalyzeDomain (56ms)
			TypeCache.Refresh (26ms)
				TypeCache.ScanAssembly (1ms)
			ScanForSourceGeneratedMonoScriptInfo (16ms)
			ResolveRequiredComponents (11ms)
	FinalizeReload (1197ms)
		ReleaseScriptCaches (0ms)
		RebuildScriptCaches (0ms)
		SetupLoadedEditorAssemblies (486ms)
			LogAssemblyErrors (0ms)
			InitializePlatformSupportModulesInManaged (6ms)
			SetLoadedEditorAssemblies (3ms)
			RefreshPlugins (0ms)
			BeforeProcessingInitializeOnLoad (65ms)
			ProcessInitializeOnLoadAttributes (342ms)
			ProcessInitializeOnLoadMethodAttributes (63ms)
			AfterProcessingInitializeOnLoad (7ms)
			EditorAssembliesLoaded (0ms)
		ExecutionOrderSort2 (0ms)
		AwakeInstancesAfterBackupRestoration (6ms)
Refreshing native plugins compatible for Editor in 7.47 ms, found 4 plugins.
Preloading 0 native plugins for Editor in 0.00 ms.
Unloading 4364 Unused Serialized files (Serialized files now loaded: 0)
Unloading 17 unused Assets / (331.7 KB). Loaded Objects now: 4945.
Memory consumption went from 151.5 MB to 151.2 MB.
Total: 4.809800 ms (FindLiveObjects: 0.438200 ms CreateObjectMapping: 0.591100 ms MarkObjects: 3.574900 ms  DeleteObjects: 0.204600 ms)

Prepare: number of updated asset objects reloaded= 0
AssetImportParameters requested are different than current active one (requested -> active):
  custom:scripting/monoscript/fileName/AsyncTest.cs: ba7b296f91a53eb12a2f973e4bfe6187 -> 76ce712e1c4d409aac5fa695d71d244a
  custom:scripting/monoscript/fileName/XLuaTest_InvokeLua_ICalcBridge.cs: 30fde9c3feb0b30e098352b4dfeb9cae -> 39dbaec3aa6ccdef5b8e133e5c8d912d
  custom:scripting/monoscript/fileName/UnityEngine_BehaviourWrap.cs: 50be6300a89da29ca17ad67a2589a5ca -> 07f04650a03b829841e9fab9d7740454
  custom:scripting/monoscript/fileName/CoroutineTest.cs: 8ff63a150c08cc9bc1500a6e3305dabe -> b55b07dbd7b0751be4b88111c51a8597
  custom:scripting/monoscript/fileName/UnityEngine_WaitForSecondsWrap.cs: 14ce79597090ca49f32e5242d176e3e0 -> f924ebf1733d94f4d65590a1a94e6531
  custom:scripting/monoscript/fileName/XLuaTest_PeddingWrap.cs: 904ed3ab876976c36018836c17a5f7cd -> 87db0d803af8b6af633a98194cb11698
  custom:scripting/monoscript/fileName/LuaBehaviour.cs: c26b3945b1b2533a373318992b28370d -> 8501f2955baa2ae1e4b9dc9f246b814a
  custom:container-demuxer-ogg: 62fdf1f143b41e24485cea50d1cbac27 -> 
  custom:scripting/monoscript/fileName/ObjectTranslatorPool.cs: 0fcc88f1a2575820f34ed99efa865239 -> c088e49ccc65541c1471becee0155ecc
  custom:scripting/monoscript/fileName/ByFile.cs: 4175f9d405491cf5cd12d69fd7ad338b -> 6f3dfbef5ea17c4620534958e4e26f3b
  custom:scripting/monoscript/fileName/ObjectCasters.cs: 2e05dcad88217340e3469b49cb484a5e -> 0c1ed1f1cf3d518e5e522f4d874c21c2
  custom:scripting/monoscript/fileName/UnityEngine_Vector3Wrap.cs: ce0a23addf1a2b20f8676787382fe6da -> 63f465b9380555daafea25b4176adba5
  custom:scripting/monoscript/fileName/ReImplementInLua.cs: 95b77c9b6059158d95dc9a7ae2d1cdb1 -> ccd60d267132159582621b9635d9b5d9
  custom:scripting/monoscript/fileName/UnityEngine_RayWrap.cs: 1b2ced459e0f7fe10c0b5b9489be6f35 -> 0b84fbe6cabdb1173feb41e835ef3a40
  custom:scripting/monoscript/fileName/HotfixTest.cs: 1c02fcc866280314c2a4f14c6d154faa -> 3960e9f9315d94bf0223f379bfbd4a4a
  custom:scripting/monoscript/fileName/WrapPusher.cs: 3b3bd77f226a0f893aad8e7367a0f06b -> a7d84f614ae4cd3b956f9b8556cfd18e
  custom:scripting/monoscript/fileName/RawObject.cs: b7277126f2de8ab75c184e0ffceaa264 -> e4d66a2fce5b764d8103d4567ed38606
  custom:scripting/monoscript/fileName/Tutorial_DerivedClassWrap.cs: a9f1f1a33e70d4aca6ed43632ef080bc -> 1a8da11bcfc26039296e071510ba3246
  custom:video-decoder-ogg-theora: a1e56fd34408186e4bbccfd4996cb3dc -> 
  custom:scripting/monoscript/fileName/LuaTable.cs: 831d394b03ebb276485eae65adc1ccd5 -> afc244f7b5f5d0300b37ddf3297901ec
  custom:scripting/monoscript/fileName/XLuaTest_Foo2ChildWrap.cs: f25917eb49d7296a35740a2c6a4d40ec -> 30fab5c82eb5f5ffb38a0a6d668c1895
  custom:framework-win-MediaFoundation: 216162199b28c13a410421893ffa2e32 -> 
  custom:scripting/monoscript/fileName/UnityEngine_TimeWrap.cs: 582bbe1acbebc99abd038879d2ce291a -> 5e744018ad83dc4e6b5341356b280ff7
  custom:scripting/monoscript/fileName/ObjectTranslator.cs: 3684f948a56ed5cf93b0514e484d3f48 -> dd3d0b582d45a9b753aab5e6237efeb3
  custom:scripting/monoscript/fileName/UnityEngine_AnimationClipWrap.cs: 35e9dbce44e2400ca249a1b04e238032 -> 77a92debc688d37d0c76ed29e7849dc6
  custom:scripting/monoscript/fileName/UnityEngine_MonoBehaviourWrap.cs: ab88a4de07d1ed4d6902d46f78a9c2a5 -> 04d351bf9d6db68acd2847f2651b2d6b
  custom:scripting/monoscript/fileName/UnityEngine_MathfWrap.cs: b8423f29ae782d824fe5861eb133fe99 -> 333033f071a58c53b030860e1dc36f4e
  custom:scripting/monoscript/fileName/Helloworld.cs: 0111736be64650c2c199ab4f2d2240c1 -> 5df6067a12a0276271ef7e4b2f46b98d
  custom:scripting/monoscript/fileName/HotfixTest2.cs: 8e85738438913476ef9e5c92cd26daad -> e6fb5855d637d49dacea7216888e03f7
  custom:scripting/monoscript/fileName/LinkXmlGen.cs: 91d69328c4b5d0ada19c3766b1b6ad15 -> f26ca07c1d6ecd8bde6b48a50ed6d393
  custom:scripting/monoscript/fileName/XLuaTest_Foo1ChildWrap.cs: 4e50b7c1fc1d91200bd6d308925718b7 -> 1c5e3d8cdf39c119ce22e5be32eae9dd
  custom:scripting/monoscript/fileName/LuaDLL.cs: a461d359c0f868ea297a4d0e0fa0810d -> 61e98a188b5f49dbf1a755838a97959a
  custom:scripting/monoscript/fileName/GenAttributes.cs: eecd24d8570c09b2ce8b7a7a7f2d3d12 -> d46b0cff88dfb044f17f4aed96768af1
  custom:scripting/monoscript/fileName/UnityEngine_ResourcesWrap.cs: 7881eec03c10cac6aed4968059672b77 -> 698ab99237a4262ce7f88356cded464a
  custom:scripting/monoscript/fileName/ExampleConfig.cs: 01010b4aed93329e34ab2c68a0d8c398 -> 96766ead2b0a0269b4571117ad9e65bc
  custom:scripting/monoscript/fileName/CSCallLua.cs: e37f012e62a4c619428574814b983ced -> 9d2ef4b275968bd22a483233fb8b554e
  custom:scripting/monoscript/fileName/Utils.cs: cf685c01caf3a4f894711b47bbf947e6 -> 55f902a32cb309b7a62f1e16aa1d617d
  custom:CustomObjectIndexerAttribute: 9a22284fe3817be447336de3de66b15e -> 
  custom:scripting/monoscript/fileName/LuaEnv.cs: 39b0b6f887cfc0f9d8b8bab4d9210e8f -> 89231863be1481a3b9e862fc4fbe0062
  custom:scripting/monoscript/fileName/EnumWrap.cs: e1678317fb40b1504377930932a65f00 -> 71aaf938165cbdbb0ac6c90ffee86023
  custom:container-demuxer-webm: 4f35f7cbe854078d1ac9338744f61a02 -> 
  custom:scripting/monoscript/fileName/UnityEngine_ParticleSystemWrap.cs: ea70451eecfa9db0287288ead2570a87 -> eee33c4ac5a2b762ef5a90683fe90f0f
  custom:scripting/monoscript/fileName/LuaException.cs: 1ddffcc2e8b89810add964c77207e13b -> c33171da8599ff6293dbea39eed5f2df
  custom:scripting/monoscript/fileName/InvokeLua.cs: 8d1030f275cd4c779c8aadb220460431 -> 7479efa8aadd7aed0020601aa4374477
  custom:scripting/monoscript/fileName/XLuaTest_BaseTestWrap.cs: 07e45de8fa2ee7650261714b0c2efcd8 -> 4f21680da7e23ca573808ca54815d505
  custom:scripting/monoscript/fileName/UnityEngine_BoundsWrap.cs: 0ac99f7c45b4a0aef916e0e5b49238c9 -> 3dd26eeb95bac2de8ce2da585d995261
  custom:scripting/monoscript/fileName/PackUnpack.cs: 7bf1a1e4b9a6d19c982a86f574107fe4 -> 273cbe68a303e04c83210a0d1b0dbfc8
  custom:scripting/monoscript/fileName/UnityEngine_KeyframeWrap.cs: 198c4d7f205e316a3726e83558840a1d -> f022c20884bfebd1cdba5d0a32b69287
  custom:scripting/monoscript/fileName/DelegatesGensBridge.cs: 14979ecd91d982a7d4b63ce8b241a2cb -> 9b33d1c344798966a03eb7d32474259e
  custom:scripting/monoscript/fileName/SignatureLoader.cs: f9b5b4f501bbc4033b1d26e1c53bc27d -> 2543099e1b7f94e78f488961484e5e52
  custom:scripting/monoscript/fileName/Coroutine_Runner.cs: 931214e1a723b03a7a230109c4225361 -> 690ad48fe9500ae79da028936c127982
  custom:container-muxer-webm: aa71ff27fc2769a1b78a27578f13a17b -> 
  custom:scripting/monoscript/fileName/NoGc.cs: 93f5576a58657b60a9c431df8280450e -> 468686911b292518222c0fc5fca7afd3
  custom:scripting/monoscript/fileName/ObjectPool.cs: bd4befac00d17d6ebf9e5f1d7d75cb4c -> 41af867cc123c070dfe6b15d45bb5402
  custom:video-decoder-webm-vp8: 9c59270c3fd7afecdb556c50c9e8de78 -> 
  custom:scripting/monoscript/fileName/XLuaTest_FooWrap.cs: 94d50054e40ab48511cae7fb0b602c9b -> abbeeb9782209030752aecf7c8307085
  custom:scripting/monoscript/fileName/Report.cs: 3c6fcdd086fb055c4c3456a5e0e35198 -> e51741919754948773e5898850c9f663
  custom:scripting/monoscript/fileName/Tutorial_DerivedClassExtensionsWrap.cs: 8d3a8d18ccf52ef11958b45f9012fc25 -> e71c7199b289862c70f81cc97fad9cd1
  custom:scripting/monoscript/fileName/System_Collections_Generic_List_1_System_Int32_Wrap.cs: 17851e7c00326059ae0787338228160b -> 0d81f6d3ce2afe6f735fa61fb6f44318
  custom:scripting/monoscript/fileName/XLuaGenAutoRegister.cs: d853ef44aabfccb80e0b7c076b61770b -> f7d7a1bdecea0875c31215b468d1ea3c
  custom:SearchIndexIgnoredProperties: e643bd26f0fe6173181afceb89e7c659 -> 
  custom:scripting/monoscript/fileName/UnityEngine_ColorWrap.cs: bd8e985ef59408a673873236ce871e73 -> a2199b901d8d68ac06d36f834d48f0de
  custom:AudioImporter_EditorPlatform: d09bf68614088b80899f8185d706f6e7 -> 
  custom:scripting/monoscript/fileName/GenericMethodExample.cs: 71308a9675c9d31b6584afd047da40d6 -> c3c4960d5a8b500e2f93697b37d06ae2
  custom:scripting/monoscript/fileName/TypeExtensions.cs: 68c704b8c6c4fa976b931eabe81ac9ee -> 6ecc1d6c2137d4648cc597a57d0741c7
  custom:scripting/monoscript/fileName/Tutorial_BaseClassWrap.cs: 0cb2af1d083b0b2c5e8cb36d24bfb39c -> 82bd31d966804ddf94755f42eec25c75
  custom:scripting/monoscript/fileName/UnityEngine_Ray2DWrap.cs: 0739f12fd5151febac857f4bf1dfbf4b -> 3948513cbdb210ff5fa49a4b2880e106
  custom:scripting/monoscript/fileName/UnityEngine_ComponentWrap.cs: e27295da2190ed2ebf55b5ac632d7f35 -> 3c3e0b9fedb2878f9f3fac771839136b
  custom:scripting/monoscript/fileName/CustomLoader.cs: 612387837da882e343b6793882f715b4 -> 3c04d951376acd618234995a34635baf
  custom:scripting/monoscript/fileName/BuildFromCLI.cs: a3c0f780c3b3a6e3a59fd5c2a4761ee3 -> ef1665cfd7adbd546e15cd58c9f7c486
  custom:scripting/monoscript/fileName/System_ObjectWrap.cs: c4f7132fadbd7f5f459fdffb106ce8ad -> 9fb5e5ed9e38c23dad1e0232edf0373b
  custom:scripting/monoscript/fileName/XLuaTest_Foo1ParentWrap.cs: 4d06c6c313846bbd2659cf013bd8c081 -> bc3faaa30d66f1a9334279476c37b2a8
  custom:scripting/monoscript/fileName/StatefullTest.cs: ac9082cda8d79beb987af6f68f5d30cd -> 5d22c8326914d95b29e418e9d014cf15
  custom:scripting/monoscript/fileName/InternalGlobals.cs: c7a0f72bef146ff41c15b3b535d6bdf9 -> 009e626d008ed11807341f4cf6fb3a9c
  custom:scripting/monoscript/fileName/XLuaTest_FooExtensionWrap.cs: 0cf66dd4ab170a1f2008f8b97f4f2106 -> 778d9d5cc8332e1d0739618b88aa2bb9
  custom:scripting/monoscript/fileName/DelegateBridge.cs: 59e13ad21dfacf0ee52e76776a9542b7 -> 4daef522f87298a8262553f6fd5bf8f2
  custom:scripting/monoscript/fileName/Foo.cs: b60484b40971b80860ed72eb65234dc1 -> f1cbde57f1c636c66a444cf720c99995
  custom:scripting/monoscript/fileName/UnityEngine_QuaternionWrap.cs: d7776a0aea79cbcec5ba2c36565a1173 -> 2be38f3d0f8715c9babd38533b7cc2f6
  custom:scripting/monoscript/fileName/ExampleGenConfig.cs: 402439a475ab0614d6514789dc967063 -> 2d21554d83bd53efca28765b954d65c7
  custom:scripting/monoscript/fileName/TemplateRef.cs: 894e64faa8518e7345655e4a3a343abf -> e57f72b6ec3c4672428b8339ce53c07a
  custom:scripting/monoscript/fileName/ByString.cs: 83f4bb3773b202a1550c80bc6c09d1a8 -> 71ac2dce49068f904e2150c45e200cdb
  custom:scripting/monoscript/fileName/UnityEngine_AnimationCurveWrap.cs: f2332648b2113d579022f7ac44ddf1a2 -> a1b4a7dab75f49fff03082ff025e4e5e
  custom:scripting/monoscript/fileName/XLuaTest_IExchangerBridge.cs: dbb2be54f36a2496a4425e7ceb90b9b9 -> a1b04ba231b7210d75c48779fb061387
  custom:scripting/monoscript/fileName/LuaBase.cs: fd57dc59c72dd7c1f0204d91abf1345d -> f0e74d4e175e23617aebee3a1fbf3735
  custom:scripting/monoscript/fileName/UnityEngine_LightWrap.cs: d3e76313bbab2d6f78618d0a96177993 -> afdccdb78964e15816bd84ff574e1d72
  custom:scripting/monoscript/fileName/System_Collections_IEnumeratorBridge.cs: e58d0dcf0aa39125fd572da9408c5a63 -> a6b8b2b6997973169c6bebc4e00197c3
  custom:scripting/monoscript/fileName/GenericDelegateBridge.cs: 14979ecd91d982a7d4b63ce8b241a2cb -> 9b33d1c344798966a03eb7d32474259e
  custom:video-encoder-webm-vp8: eb34c28f22e8b96e1ab97ce403110664 -> 
  custom:scripting/monoscript/fileName/LuaCallCs.cs: d69c2b3b74160f3f6c507a63e395d1b8 -> 80d51efbfa90ec9a93bf6c4f217fae70
  custom:scripting/monoscript/fileName/XLuaTest_Foo2ParentWrap.cs: 3cfc8bf6cad7ab5669e86f82da9efffc -> e55fdaf088679107b1602d0f4f018827
  custom:scripting/monoscript/fileName/Tutorial_CSCallLua_ItfDBridge.cs: d05148e45525d393370f3ca919d4cdc0 -> 4e0a8d0795850c18cf92cbc673dc6199
  custom:scripting/monoscript/fileName/UnityEngine_Vector2Wrap.cs: dfd1be4a9f736e54a226859ba85dbc30 -> d8bd11c5df83747314d76d2e1152a25a
  custom:audio-decoder-ogg-vorbis: bf7c407c2cedff20999df2af8eb42d56 -> 
  custom:scripting/monoscript/fileName/UnityEngine_GameObjectWrap.cs: c4cddad80b77cae4a3f64483d25e1457 -> 499beb086fe32ba82bd6b30d04f108ea
  custom:scripting/monoscript/fileName/XLuaTest_NoGcWrap.cs: 7c2153fc9ca9cd0a3cc8b2d8a5de2fcd -> b8ab725f3034c7583c772afc97e73cfe
  custom:scripting/monoscript/fileName/UnityEngine_DebugWrap.cs: a14c41c7fbd7dec62bec687de4c6fe27 -> 2a23054f13a8c643d838dbc57d787e1a
  custom:scripting/monoscript/fileName/TemplateEngine.cs: d4247539e36868281066dc2ffa847cbd -> 196c6eecd2e70276dab2c9a7b0cf2d59
  custom:scripting/monoscript/fileName/UnityEngine_SkinnedMeshRendererWrap.cs: 9ad169117eb1ff375ebe298216e6901c -> e6c3bb62aa80867a3afe5dcbb6224761
  custom:scripting/monoscript/fileName/CopyByValue.cs: 7bf1a1e4b9a6d19c982a86f574107fe4 -> 273cbe68a303e04c83210a0d1b0dbfc8
  custom:scripting/monoscript/fileName/Generator.cs: 5c2a3602a0cfb4641043518ccc18ad89 -> e11eefc36c86800da100cf1a4789c73c
  custom:scripting/monoscript/fileName/SignatureLoaderTest.cs: 37ed863ad0370c096ad98942100ce390 -> 8c9bdabb3430d1beabc1824b7aff6019
  custom:scripting/monoscript/fileName/HotfixTestCfg.cs: 7d41c7a61129380f568a08461036f7c3 -> a7321a5cbaeb2b6b22c71e624ff03625
  custom:scripting/monoscript/fileName/MessageBox.cs: 17d47f136e1a2eb08b8ca17667071821 -> febd8bda4c1c594acb6f720026ed3aee
  custom:scripting/monoscript/fileName/UnityEngine_TextAssetWrap.cs: a895654ec821ef871bab45f0bf4ab1bf -> 96eae3d139831963806db363328bfefe
  custom:scripting/monoscript/fileName/XLuaUnityDefaultConfig.cs: 847f92567dd164ad0f0a1c4536b7e6e7 -> 12ee8270b5ca2ec2875a29a6c838143c
  custom:scripting/monoscript/fileName/UnityEngine_TransformWrap.cs: 1ec7fdf0df78c54383c54d4890267885 -> 50d916bbc9cc3aa204547c1dbcf1b841
  custom:scripting/monoscript/fileName/UnityEngine_RendererWrap.cs: f2bb488dcafa31d4d1829db70de7e3de -> e28d66316639c5d4634a4f4176885c0f
  custom:scripting/monoscript/fileName/LuaFunction.cs: 6bea6a53e0ef7f4c19887edd95529fba -> 9f9e88fec2de37a51bb5cc9b6b08d6b9
  custom:audio-encoder-webm-vorbis: bf7c407c2cedff20999df2af8eb42d56 -> 
  custom:scripting/monoscript/fileName/XLuaTest_LuaBehaviourWrap.cs: eb21b90bdd58645712610184d1a6b02e -> 8a24807dde2ec4b5434d8876b84591df
  custom:scripting/monoscript/fileName/UnityEngine_Vector4Wrap.cs: 4736b1d9605ba5be814644e3bcc9e928 -> e876ed87f63c3dc401e686c851325f69
  custom:scripting/precompiled-assembly-types:Assembly-CSharp-Editor: 8329d2703a1fb80f61cc70ee984418c3 -> f3104d4e56e8a73f04df252396e09d4f
  custom:scripting/monoscript/fileName/XLuaTest_MyStructWrap.cs: 55519c14d8f95433c1b6e262daa1d322 -> bcfe0251bd793e1e64a466467ef9f39d
  custom:scripting/monoscript/fileName/StaticLuaCallbacks.cs: 806d4721af6e97ac563013320c7b3d7a -> 9d25aed2b0bb83738cfec7ef5ea55802
  custom:scripting/monoscript/fileName/UnityEngine_ObjectWrap.cs: acbfc6ebce3660b3cec600cb246312ee -> d239f04268fb712161f840d533347443
  custom:scripting/monoscript/fileName/RawObjectTest.cs: c3d9c6b1a141374366b8d8ccf99991a4 -> af9e06db1e13155c5410c0aa29232eac
  custom:scripting/monoscript/fileName/MethodWarpsCache.cs: a0fd87c86e3eda41e7890d27658be598 -> 182591812fc1e7cc805d3eb126c7629a
  custom:scripting/precompiled-assembly-types:Assembly-CSharp: 99b328417248fea24142d71679fac050 -> 6d2cbbca728bbcc514a1a97e862a8e21
  custom:scripting/monoscript/fileName/Tutorial_ICalcWrap.cs: 9802804745e09aa6d92fbca1a46de55a -> 03d02c9cf202af74271e6b9339f2aa97
========================================================================
Received Prepare
Caller must complete domain reload
Begin MonoManager ReloadAssembly
- Loaded All Assemblies, in  0.623 seconds
Native extension for WindowsStandalone target not found
Mono: successfully reloaded assembly
- Finished resetting the current domain, in  1.226 seconds
Domain Reload Profiling: 1847ms
	BeginReloadAssembly (190ms)
		ExecutionOrderSort (0ms)
		DisableScriptedObjects (4ms)
		BackupInstance (0ms)
		ReleaseScriptingObjects (0ms)
		CreateAndSetChildDomain (45ms)
	RebuildCommonClasses (37ms)
	RebuildNativeTypeToScriptingClass (11ms)
	initialDomainReloadingComplete (35ms)
	LoadAllAssembliesAndSetupDomain (348ms)
		LoadAssemblies (397ms)
		RebuildTransferFunctionScriptingTraits (0ms)
		AnalyzeDomain (57ms)
			TypeCache.Refresh (25ms)
				TypeCache.ScanAssembly (3ms)
			ScanForSourceGeneratedMonoScriptInfo (16ms)
			ResolveRequiredComponents (10ms)
	FinalizeReload (1226ms)
		ReleaseScriptCaches (0ms)
		RebuildScriptCaches (0ms)
		SetupLoadedEditorAssemblies (490ms)
			LogAssemblyErrors (0ms)
			InitializePlatformSupportModulesInManaged (8ms)
			SetLoadedEditorAssemblies (4ms)
			RefreshPlugins (0ms)
			BeforeProcessingInitializeOnLoad (67ms)
			ProcessInitializeOnLoadAttributes (341ms)
			ProcessInitializeOnLoadMethodAttributes (62ms)
			AfterProcessingInitializeOnLoad (8ms)
			EditorAssembliesLoaded (0ms)
		ExecutionOrderSort2 (0ms)
		AwakeInstancesAfterBackupRestoration (7ms)
Refreshing native plugins compatible for Editor in 6.89 ms, found 4 plugins.
Preloading 0 native plugins for Editor in 0.00 ms.
Unloading 4311 Unused Serialized files (Serialized files now loaded: 0)
Unloading 70 unused Assets / (359.7 KB). Loaded Objects now: 4895.
Memory consumption went from 150.7 MB to 150.3 MB.
Total: 3.235300 ms (FindLiveObjects: 0.383400 ms CreateObjectMapping: 0.345700 ms MarkObjects: 2.351400 ms  DeleteObjects: 0.153900 ms)

Prepare: number of updated asset objects reloaded= 0
AssetImportParameters requested are different than current active one (requested -> active):
  custom:scripting/monoscript/fileName/AsyncTest.cs: ba7b296f91a53eb12a2f973e4bfe6187 -> 76ce712e1c4d409aac5fa695d71d244a
  custom:scripting/monoscript/fileName/XLuaTest_InvokeLua_ICalcBridge.cs: 30fde9c3feb0b30e098352b4dfeb9cae -> 39dbaec3aa6ccdef5b8e133e5c8d912d
  custom:scripting/monoscript/fileName/UnityEngine_BehaviourWrap.cs: 50be6300a89da29ca17ad67a2589a5ca -> 07f04650a03b829841e9fab9d7740454
  custom:scripting/monoscript/fileName/CoroutineTest.cs: 8ff63a150c08cc9bc1500a6e3305dabe -> b55b07dbd7b0751be4b88111c51a8597
  custom:scripting/monoscript/fileName/UnityEngine_WaitForSecondsWrap.cs: 14ce79597090ca49f32e5242d176e3e0 -> f924ebf1733d94f4d65590a1a94e6531
  custom:scripting/monoscript/fileName/XLuaTest_PeddingWrap.cs: 904ed3ab876976c36018836c17a5f7cd -> 87db0d803af8b6af633a98194cb11698
  custom:scripting/monoscript/fileName/LuaBehaviour.cs: c26b3945b1b2533a373318992b28370d -> 8501f2955baa2ae1e4b9dc9f246b814a
  custom:container-demuxer-ogg: 62fdf1f143b41e24485cea50d1cbac27 -> 
  custom:scripting/monoscript/fileName/ObjectTranslatorPool.cs: 0fcc88f1a2575820f34ed99efa865239 -> c088e49ccc65541c1471becee0155ecc
  custom:scripting/monoscript/fileName/ByFile.cs: 4175f9d405491cf5cd12d69fd7ad338b -> 6f3dfbef5ea17c4620534958e4e26f3b
  custom:scripting/monoscript/fileName/ObjectCasters.cs: 2e05dcad88217340e3469b49cb484a5e -> 0c1ed1f1cf3d518e5e522f4d874c21c2
  custom:scripting/monoscript/fileName/UnityEngine_Vector3Wrap.cs: ce0a23addf1a2b20f8676787382fe6da -> 63f465b9380555daafea25b4176adba5
  custom:scripting/monoscript/fileName/ReImplementInLua.cs: 95b77c9b6059158d95dc9a7ae2d1cdb1 -> ccd60d267132159582621b9635d9b5d9
  custom:scripting/monoscript/fileName/UnityEngine_RayWrap.cs: 1b2ced459e0f7fe10c0b5b9489be6f35 -> 0b84fbe6cabdb1173feb41e835ef3a40
  custom:scripting/monoscript/fileName/HotfixTest.cs: 1c02fcc866280314c2a4f14c6d154faa -> 3960e9f9315d94bf0223f379bfbd4a4a
  custom:scripting/monoscript/fileName/WrapPusher.cs: 3b3bd77f226a0f893aad8e7367a0f06b -> a7d84f614ae4cd3b956f9b8556cfd18e
  custom:scripting/monoscript/fileName/RawObject.cs: b7277126f2de8ab75c184e0ffceaa264 -> e4d66a2fce5b764d8103d4567ed38606
  custom:scripting/monoscript/fileName/Tutorial_DerivedClassWrap.cs: a9f1f1a33e70d4aca6ed43632ef080bc -> 1a8da11bcfc26039296e071510ba3246
  custom:video-decoder-ogg-theora: a1e56fd34408186e4bbccfd4996cb3dc -> 
  custom:scripting/monoscript/fileName/LuaTable.cs: 831d394b03ebb276485eae65adc1ccd5 -> afc244f7b5f5d0300b37ddf3297901ec
  custom:scripting/monoscript/fileName/XLuaTest_Foo2ChildWrap.cs: f25917eb49d7296a35740a2c6a4d40ec -> 30fab5c82eb5f5ffb38a0a6d668c1895
  custom:framework-win-MediaFoundation: 216162199b28c13a410421893ffa2e32 -> 
  custom:scripting/monoscript/fileName/UnityEngine_TimeWrap.cs: 582bbe1acbebc99abd038879d2ce291a -> 5e744018ad83dc4e6b5341356b280ff7
  custom:scripting/monoscript/fileName/ObjectTranslator.cs: 3684f948a56ed5cf93b0514e484d3f48 -> dd3d0b582d45a9b753aab5e6237efeb3
  custom:scripting/monoscript/fileName/UnityEngine_AnimationClipWrap.cs: 35e9dbce44e2400ca249a1b04e238032 -> 77a92debc688d37d0c76ed29e7849dc6
  custom:scripting/monoscript/fileName/UnityEngine_MonoBehaviourWrap.cs: ab88a4de07d1ed4d6902d46f78a9c2a5 -> 04d351bf9d6db68acd2847f2651b2d6b
  custom:scripting/monoscript/fileName/UnityEngine_MathfWrap.cs: b8423f29ae782d824fe5861eb133fe99 -> 333033f071a58c53b030860e1dc36f4e
  custom:scripting/monoscript/fileName/Helloworld.cs: 0111736be64650c2c199ab4f2d2240c1 -> 5df6067a12a0276271ef7e4b2f46b98d
  custom:scripting/monoscript/fileName/HotfixTest2.cs: 8e85738438913476ef9e5c92cd26daad -> e6fb5855d637d49dacea7216888e03f7
  custom:scripting/monoscript/fileName/LinkXmlGen.cs: 91d69328c4b5d0ada19c3766b1b6ad15 -> f26ca07c1d6ecd8bde6b48a50ed6d393
  custom:scripting/monoscript/fileName/XLuaTest_Foo1ChildWrap.cs: 4e50b7c1fc1d91200bd6d308925718b7 -> 1c5e3d8cdf39c119ce22e5be32eae9dd
  custom:scripting/monoscript/fileName/LuaDLL.cs: a461d359c0f868ea297a4d0e0fa0810d -> 61e98a188b5f49dbf1a755838a97959a
  custom:scripting/monoscript/fileName/GenAttributes.cs: eecd24d8570c09b2ce8b7a7a7f2d3d12 -> d46b0cff88dfb044f17f4aed96768af1
  custom:scripting/monoscript/fileName/UnityEngine_ResourcesWrap.cs: 7881eec03c10cac6aed4968059672b77 -> 698ab99237a4262ce7f88356cded464a
  custom:scripting/monoscript/fileName/ExampleConfig.cs: 01010b4aed93329e34ab2c68a0d8c398 -> 96766ead2b0a0269b4571117ad9e65bc
  custom:scripting/monoscript/fileName/CSCallLua.cs: e37f012e62a4c619428574814b983ced -> 9d2ef4b275968bd22a483233fb8b554e
  custom:scripting/monoscript/fileName/Utils.cs: cf685c01caf3a4f894711b47bbf947e6 -> 55f902a32cb309b7a62f1e16aa1d617d
  custom:CustomObjectIndexerAttribute: 9a22284fe3817be447336de3de66b15e -> 
  custom:scripting/monoscript/fileName/LuaEnv.cs: 39b0b6f887cfc0f9d8b8bab4d9210e8f -> 89231863be1481a3b9e862fc4fbe0062
  custom:scripting/monoscript/fileName/EnumWrap.cs: e1678317fb40b1504377930932a65f00 -> 71aaf938165cbdbb0ac6c90ffee86023
  custom:container-demuxer-webm: 4f35f7cbe854078d1ac9338744f61a02 -> 
  custom:scripting/monoscript/fileName/UnityEngine_ParticleSystemWrap.cs: ea70451eecfa9db0287288ead2570a87 -> eee33c4ac5a2b762ef5a90683fe90f0f
  custom:scripting/monoscript/fileName/LuaException.cs: 1ddffcc2e8b89810add964c77207e13b -> c33171da8599ff6293dbea39eed5f2df
  custom:scripting/monoscript/fileName/InvokeLua.cs: 8d1030f275cd4c779c8aadb220460431 -> 7479efa8aadd7aed0020601aa4374477
  custom:scripting/monoscript/fileName/XLuaTest_BaseTestWrap.cs: 07e45de8fa2ee7650261714b0c2efcd8 -> 4f21680da7e23ca573808ca54815d505
  custom:scripting/monoscript/fileName/UnityEngine_BoundsWrap.cs: 0ac99f7c45b4a0aef916e0e5b49238c9 -> 3dd26eeb95bac2de8ce2da585d995261
  custom:scripting/monoscript/fileName/PackUnpack.cs: 7bf1a1e4b9a6d19c982a86f574107fe4 -> 273cbe68a303e04c83210a0d1b0dbfc8
  custom:scripting/monoscript/fileName/UnityEngine_KeyframeWrap.cs: 198c4d7f205e316a3726e83558840a1d -> f022c20884bfebd1cdba5d0a32b69287
  custom:scripting/monoscript/fileName/DelegatesGensBridge.cs: 14979ecd91d982a7d4b63ce8b241a2cb -> 9b33d1c344798966a03eb7d32474259e
  custom:scripting/monoscript/fileName/SignatureLoader.cs: f9b5b4f501bbc4033b1d26e1c53bc27d -> 2543099e1b7f94e78f488961484e5e52
  custom:scripting/monoscript/fileName/Coroutine_Runner.cs: 931214e1a723b03a7a230109c4225361 -> 690ad48fe9500ae79da028936c127982
  custom:container-muxer-webm: aa71ff27fc2769a1b78a27578f13a17b -> 
  custom:scripting/monoscript/fileName/NoGc.cs: 93f5576a58657b60a9c431df8280450e -> 468686911b292518222c0fc5fca7afd3
  custom:scripting/monoscript/fileName/ObjectPool.cs: bd4befac00d17d6ebf9e5f1d7d75cb4c -> 41af867cc123c070dfe6b15d45bb5402
  custom:video-decoder-webm-vp8: 9c59270c3fd7afecdb556c50c9e8de78 -> 
  custom:scripting/monoscript/fileName/XLuaTest_FooWrap.cs: 94d50054e40ab48511cae7fb0b602c9b -> abbeeb9782209030752aecf7c8307085
  custom:scripting/monoscript/fileName/Report.cs: 3c6fcdd086fb055c4c3456a5e0e35198 -> e51741919754948773e5898850c9f663
  custom:scripting/monoscript/fileName/Tutorial_DerivedClassExtensionsWrap.cs: 8d3a8d18ccf52ef11958b45f9012fc25 -> e71c7199b289862c70f81cc97fad9cd1
  custom:scripting/monoscript/fileName/System_Collections_Generic_List_1_System_Int32_Wrap.cs: 17851e7c00326059ae0787338228160b -> 0d81f6d3ce2afe6f735fa61fb6f44318
  custom:scripting/monoscript/fileName/XLuaGenAutoRegister.cs: d853ef44aabfccb80e0b7c076b61770b -> f7d7a1bdecea0875c31215b468d1ea3c
  custom:SearchIndexIgnoredProperties: e643bd26f0fe6173181afceb89e7c659 -> 
  custom:scripting/monoscript/fileName/UnityEngine_ColorWrap.cs: bd8e985ef59408a673873236ce871e73 -> a2199b901d8d68ac06d36f834d48f0de
  custom:AudioImporter_EditorPlatform: d09bf68614088b80899f8185d706f6e7 -> 
  custom:scripting/monoscript/fileName/GenericMethodExample.cs: 71308a9675c9d31b6584afd047da40d6 -> c3c4960d5a8b500e2f93697b37d06ae2
  custom:scripting/monoscript/fileName/TypeExtensions.cs: 68c704b8c6c4fa976b931eabe81ac9ee -> 6ecc1d6c2137d4648cc597a57d0741c7
  custom:scripting/monoscript/fileName/Tutorial_BaseClassWrap.cs: 0cb2af1d083b0b2c5e8cb36d24bfb39c -> 82bd31d966804ddf94755f42eec25c75
  custom:scripting/monoscript/fileName/UnityEngine_Ray2DWrap.cs: 0739f12fd5151febac857f4bf1dfbf4b -> 3948513cbdb210ff5fa49a4b2880e106
  custom:scripting/monoscript/fileName/UnityEngine_ComponentWrap.cs: e27295da2190ed2ebf55b5ac632d7f35 -> 3c3e0b9fedb2878f9f3fac771839136b
  custom:scripting/monoscript/fileName/CustomLoader.cs: 612387837da882e343b6793882f715b4 -> 3c04d951376acd618234995a34635baf
  custom:scripting/monoscript/fileName/BuildFromCLI.cs: a3c0f780c3b3a6e3a59fd5c2a4761ee3 -> ef1665cfd7adbd546e15cd58c9f7c486
  custom:scripting/monoscript/fileName/System_ObjectWrap.cs: c4f7132fadbd7f5f459fdffb106ce8ad -> 9fb5e5ed9e38c23dad1e0232edf0373b
  custom:scripting/monoscript/fileName/XLuaTest_Foo1ParentWrap.cs: 4d06c6c313846bbd2659cf013bd8c081 -> bc3faaa30d66f1a9334279476c37b2a8
  custom:scripting/monoscript/fileName/StatefullTest.cs: ac9082cda8d79beb987af6f68f5d30cd -> 5d22c8326914d95b29e418e9d014cf15
  custom:scripting/monoscript/fileName/InternalGlobals.cs: c7a0f72bef146ff41c15b3b535d6bdf9 -> 009e626d008ed11807341f4cf6fb3a9c
  custom:scripting/monoscript/fileName/XLuaTest_FooExtensionWrap.cs: 0cf66dd4ab170a1f2008f8b97f4f2106 -> 778d9d5cc8332e1d0739618b88aa2bb9
  custom:scripting/monoscript/fileName/DelegateBridge.cs: 59e13ad21dfacf0ee52e76776a9542b7 -> 4daef522f87298a8262553f6fd5bf8f2
  custom:scripting/monoscript/fileName/Foo.cs: b60484b40971b80860ed72eb65234dc1 -> f1cbde57f1c636c66a444cf720c99995
  custom:scripting/monoscript/fileName/UnityEngine_QuaternionWrap.cs: d7776a0aea79cbcec5ba2c36565a1173 -> 2be38f3d0f8715c9babd38533b7cc2f6
  custom:scripting/monoscript/fileName/ExampleGenConfig.cs: 402439a475ab0614d6514789dc967063 -> 2d21554d83bd53efca28765b954d65c7
  custom:scripting/monoscript/fileName/TemplateRef.cs: 894e64faa8518e7345655e4a3a343abf -> e57f72b6ec3c4672428b8339ce53c07a
  custom:scripting/monoscript/fileName/ByString.cs: 83f4bb3773b202a1550c80bc6c09d1a8 -> 71ac2dce49068f904e2150c45e200cdb
  custom:scripting/monoscript/fileName/UnityEngine_AnimationCurveWrap.cs: f2332648b2113d579022f7ac44ddf1a2 -> a1b4a7dab75f49fff03082ff025e4e5e
  custom:scripting/monoscript/fileName/XLuaTest_IExchangerBridge.cs: dbb2be54f36a2496a4425e7ceb90b9b9 -> a1b04ba231b7210d75c48779fb061387
  custom:scripting/monoscript/fileName/LuaBase.cs: fd57dc59c72dd7c1f0204d91abf1345d -> f0e74d4e175e23617aebee3a1fbf3735
  custom:scripting/monoscript/fileName/UnityEngine_LightWrap.cs: d3e76313bbab2d6f78618d0a96177993 -> afdccdb78964e15816bd84ff574e1d72
  custom:scripting/monoscript/fileName/System_Collections_IEnumeratorBridge.cs: e58d0dcf0aa39125fd572da9408c5a63 -> a6b8b2b6997973169c6bebc4e00197c3
  custom:scripting/monoscript/fileName/GenericDelegateBridge.cs: 14979ecd91d982a7d4b63ce8b241a2cb -> 9b33d1c344798966a03eb7d32474259e
  custom:video-encoder-webm-vp8: eb34c28f22e8b96e1ab97ce403110664 -> 
  custom:scripting/monoscript/fileName/LuaCallCs.cs: d69c2b3b74160f3f6c507a63e395d1b8 -> 80d51efbfa90ec9a93bf6c4f217fae70
  custom:scripting/monoscript/fileName/XLuaTest_Foo2ParentWrap.cs: 3cfc8bf6cad7ab5669e86f82da9efffc -> e55fdaf088679107b1602d0f4f018827
  custom:scripting/monoscript/fileName/Tutorial_CSCallLua_ItfDBridge.cs: d05148e45525d393370f3ca919d4cdc0 -> 4e0a8d0795850c18cf92cbc673dc6199
  custom:scripting/monoscript/fileName/UnityEngine_Vector2Wrap.cs: dfd1be4a9f736e54a226859ba85dbc30 -> d8bd11c5df83747314d76d2e1152a25a
  custom:audio-decoder-ogg-vorbis: bf7c407c2cedff20999df2af8eb42d56 -> 
  custom:scripting/monoscript/fileName/UnityEngine_GameObjectWrap.cs: c4cddad80b77cae4a3f64483d25e1457 -> 499beb086fe32ba82bd6b30d04f108ea
  custom:scripting/monoscript/fileName/XLuaTest_NoGcWrap.cs: 7c2153fc9ca9cd0a3cc8b2d8a5de2fcd -> b8ab725f3034c7583c772afc97e73cfe
  custom:scripting/monoscript/fileName/UnityEngine_DebugWrap.cs: a14c41c7fbd7dec62bec687de4c6fe27 -> 2a23054f13a8c643d838dbc57d787e1a
  custom:scripting/monoscript/fileName/TemplateEngine.cs: d4247539e36868281066dc2ffa847cbd -> 196c6eecd2e70276dab2c9a7b0cf2d59
  custom:scripting/monoscript/fileName/UnityEngine_SkinnedMeshRendererWrap.cs: 9ad169117eb1ff375ebe298216e6901c -> e6c3bb62aa80867a3afe5dcbb6224761
  custom:scripting/monoscript/fileName/CopyByValue.cs: 7bf1a1e4b9a6d19c982a86f574107fe4 -> 273cbe68a303e04c83210a0d1b0dbfc8
  custom:scripting/monoscript/fileName/Generator.cs: 5c2a3602a0cfb4641043518ccc18ad89 -> e11eefc36c86800da100cf1a4789c73c
  custom:scripting/monoscript/fileName/SignatureLoaderTest.cs: 37ed863ad0370c096ad98942100ce390 -> 8c9bdabb3430d1beabc1824b7aff6019
  custom:scripting/monoscript/fileName/HotfixTestCfg.cs: 7d41c7a61129380f568a08461036f7c3 -> a7321a5cbaeb2b6b22c71e624ff03625
  custom:scripting/monoscript/fileName/MessageBox.cs: 17d47f136e1a2eb08b8ca17667071821 -> febd8bda4c1c594acb6f720026ed3aee
  custom:scripting/monoscript/fileName/UnityEngine_TextAssetWrap.cs: a895654ec821ef871bab45f0bf4ab1bf -> 96eae3d139831963806db363328bfefe
  custom:scripting/monoscript/fileName/XLuaUnityDefaultConfig.cs: 847f92567dd164ad0f0a1c4536b7e6e7 -> 12ee8270b5ca2ec2875a29a6c838143c
  custom:scripting/monoscript/fileName/UnityEngine_TransformWrap.cs: 1ec7fdf0df78c54383c54d4890267885 -> 50d916bbc9cc3aa204547c1dbcf1b841
  custom:scripting/monoscript/fileName/UnityEngine_RendererWrap.cs: f2bb488dcafa31d4d1829db70de7e3de -> e28d66316639c5d4634a4f4176885c0f
  custom:scripting/monoscript/fileName/LuaFunction.cs: 6bea6a53e0ef7f4c19887edd95529fba -> 9f9e88fec2de37a51bb5cc9b6b08d6b9
  custom:audio-encoder-webm-vorbis: bf7c407c2cedff20999df2af8eb42d56 -> 
  custom:scripting/monoscript/fileName/XLuaTest_LuaBehaviourWrap.cs: eb21b90bdd58645712610184d1a6b02e -> 8a24807dde2ec4b5434d8876b84591df
  custom:scripting/monoscript/fileName/UnityEngine_Vector4Wrap.cs: 4736b1d9605ba5be814644e3bcc9e928 -> e876ed87f63c3dc401e686c851325f69
  custom:scripting/precompiled-assembly-types:Assembly-CSharp-Editor: 8329d2703a1fb80f61cc70ee984418c3 -> f3104d4e56e8a73f04df252396e09d4f
  custom:scripting/monoscript/fileName/XLuaTest_MyStructWrap.cs: 55519c14d8f95433c1b6e262daa1d322 -> bcfe0251bd793e1e64a466467ef9f39d
  custom:scripting/monoscript/fileName/StaticLuaCallbacks.cs: 806d4721af6e97ac563013320c7b3d7a -> 9d25aed2b0bb83738cfec7ef5ea55802
  custom:scripting/monoscript/fileName/UnityEngine_ObjectWrap.cs: acbfc6ebce3660b3cec600cb246312ee -> d239f04268fb712161f840d533347443
  custom:scripting/monoscript/fileName/RawObjectTest.cs: c3d9c6b1a141374366b8d8ccf99991a4 -> af9e06db1e13155c5410c0aa29232eac
  custom:scripting/monoscript/fileName/MethodWarpsCache.cs: a0fd87c86e3eda41e7890d27658be598 -> 182591812fc1e7cc805d3eb126c7629a
  custom:scripting/precompiled-assembly-types:Assembly-CSharp: cfa94845adbe4abbe3ad7874ae813a74 -> 6d2cbbca728bbcc514a1a97e862a8e21
  custom:scripting/monoscript/fileName/Tutorial_ICalcWrap.cs: 9802804745e09aa6d92fbca1a46de55a -> 03d02c9cf202af74271e6b9339f2aa97
========================================================================
Received Prepare
Caller must complete domain reload
Begin MonoManager ReloadAssembly
- Loaded All Assemblies, in  0.608 seconds
Native extension for WindowsStandalone target not found
Mono: successfully reloaded assembly
- Finished resetting the current domain, in  1.146 seconds
Domain Reload Profiling: 1750ms
	BeginReloadAssembly (204ms)
		ExecutionOrderSort (0ms)
		DisableScriptedObjects (6ms)
		BackupInstance (0ms)
		ReleaseScriptingObjects (0ms)
		CreateAndSetChildDomain (38ms)
	RebuildCommonClasses (44ms)
	RebuildNativeTypeToScriptingClass (11ms)
	initialDomainReloadingComplete (32ms)
	LoadAllAssembliesAndSetupDomain (313ms)
		LoadAssemblies (394ms)
		RebuildTransferFunctionScriptingTraits (0ms)
		AnalyzeDomain (43ms)
			TypeCache.Refresh (19ms)
				TypeCache.ScanAssembly (3ms)
			ScanForSourceGeneratedMonoScriptInfo (14ms)
			ResolveRequiredComponents (8ms)
	FinalizeReload (1147ms)
		ReleaseScriptCaches (0ms)
		RebuildScriptCaches (0ms)
		SetupLoadedEditorAssemblies (483ms)
			LogAssemblyErrors (0ms)
			InitializePlatformSupportModulesInManaged (5ms)
			SetLoadedEditorAssemblies (3ms)
			RefreshPlugins (0ms)
			BeforeProcessingInitializeOnLoad (67ms)
			ProcessInitializeOnLoadAttributes (329ms)
			ProcessInitializeOnLoadMethodAttributes (67ms)
			AfterProcessingInitializeOnLoad (11ms)
			EditorAssembliesLoaded (0ms)
		ExecutionOrderSort2 (0ms)
		AwakeInstancesAfterBackupRestoration (8ms)
Refreshing native plugins compatible for Editor in 9.28 ms, found 4 plugins.
Preloading 0 native plugins for Editor in 0.00 ms.
Unloading 4364 Unused Serialized files (Serialized files now loaded: 0)
Unloading 17 unused Assets / (331.8 KB). Loaded Objects now: 4951.
Memory consumption went from 151.5 MB to 151.2 MB.
Total: 3.265500 ms (FindLiveObjects: 0.438100 ms CreateObjectMapping: 0.425700 ms MarkObjects: 2.283600 ms  DeleteObjects: 0.116700 ms)

Prepare: number of updated asset objects reloaded= 0
AssetImportParameters requested are different than current active one (requested -> active):
  custom:scripting/monoscript/fileName/AsyncTest.cs: ba7b296f91a53eb12a2f973e4bfe6187 -> 76ce712e1c4d409aac5fa695d71d244a
  custom:scripting/monoscript/fileName/XLuaTest_InvokeLua_ICalcBridge.cs: 30fde9c3feb0b30e098352b4dfeb9cae -> 39dbaec3aa6ccdef5b8e133e5c8d912d
  custom:scripting/monoscript/fileName/UnityEngine_BehaviourWrap.cs: 50be6300a89da29ca17ad67a2589a5ca -> 07f04650a03b829841e9fab9d7740454
  custom:scripting/monoscript/fileName/CoroutineTest.cs: 8ff63a150c08cc9bc1500a6e3305dabe -> b55b07dbd7b0751be4b88111c51a8597
  custom:scripting/monoscript/fileName/UnityEngine_WaitForSecondsWrap.cs: 14ce79597090ca49f32e5242d176e3e0 -> f924ebf1733d94f4d65590a1a94e6531
  custom:scripting/monoscript/fileName/XLuaTest_PeddingWrap.cs: 904ed3ab876976c36018836c17a5f7cd -> 87db0d803af8b6af633a98194cb11698
  custom:scripting/monoscript/fileName/LuaBehaviour.cs: c26b3945b1b2533a373318992b28370d -> 8501f2955baa2ae1e4b9dc9f246b814a
  custom:container-demuxer-ogg: 62fdf1f143b41e24485cea50d1cbac27 -> 
  custom:scripting/monoscript/fileName/ObjectTranslatorPool.cs: 0fcc88f1a2575820f34ed99efa865239 -> c088e49ccc65541c1471becee0155ecc
  custom:scripting/monoscript/fileName/ByFile.cs: 4175f9d405491cf5cd12d69fd7ad338b -> 6f3dfbef5ea17c4620534958e4e26f3b
  custom:scripting/monoscript/fileName/ObjectCasters.cs: 2e05dcad88217340e3469b49cb484a5e -> 0c1ed1f1cf3d518e5e522f4d874c21c2
  custom:scripting/monoscript/fileName/UnityEngine_Vector3Wrap.cs: ce0a23addf1a2b20f8676787382fe6da -> 63f465b9380555daafea25b4176adba5
  custom:scripting/monoscript/fileName/ReImplementInLua.cs: 95b77c9b6059158d95dc9a7ae2d1cdb1 -> ccd60d267132159582621b9635d9b5d9
  custom:scripting/monoscript/fileName/UnityEngine_RayWrap.cs: 1b2ced459e0f7fe10c0b5b9489be6f35 -> 0b84fbe6cabdb1173feb41e835ef3a40
  custom:scripting/monoscript/fileName/HotfixTest.cs: 1c02fcc866280314c2a4f14c6d154faa -> 3960e9f9315d94bf0223f379bfbd4a4a
  custom:scripting/monoscript/fileName/WrapPusher.cs: 3b3bd77f226a0f893aad8e7367a0f06b -> a7d84f614ae4cd3b956f9b8556cfd18e
  custom:scripting/monoscript/fileName/RawObject.cs: b7277126f2de8ab75c184e0ffceaa264 -> e4d66a2fce5b764d8103d4567ed38606
  custom:scripting/monoscript/fileName/Tutorial_DerivedClassWrap.cs: a9f1f1a33e70d4aca6ed43632ef080bc -> 1a8da11bcfc26039296e071510ba3246
  custom:video-decoder-ogg-theora: a1e56fd34408186e4bbccfd4996cb3dc -> 
  custom:scripting/monoscript/fileName/LuaTable.cs: 831d394b03ebb276485eae65adc1ccd5 -> afc244f7b5f5d0300b37ddf3297901ec
  custom:scripting/monoscript/fileName/XLuaTest_Foo2ChildWrap.cs: f25917eb49d7296a35740a2c6a4d40ec -> 30fab5c82eb5f5ffb38a0a6d668c1895
  custom:framework-win-MediaFoundation: 216162199b28c13a410421893ffa2e32 -> 
  custom:scripting/monoscript/fileName/UnityEngine_TimeWrap.cs: 582bbe1acbebc99abd038879d2ce291a -> 5e744018ad83dc4e6b5341356b280ff7
  custom:scripting/monoscript/fileName/ObjectTranslator.cs: 3684f948a56ed5cf93b0514e484d3f48 -> dd3d0b582d45a9b753aab5e6237efeb3
  custom:scripting/monoscript/fileName/UnityEngine_AnimationClipWrap.cs: 35e9dbce44e2400ca249a1b04e238032 -> 77a92debc688d37d0c76ed29e7849dc6
  custom:scripting/monoscript/fileName/UnityEngine_MonoBehaviourWrap.cs: ab88a4de07d1ed4d6902d46f78a9c2a5 -> 04d351bf9d6db68acd2847f2651b2d6b
  custom:scripting/monoscript/fileName/UnityEngine_MathfWrap.cs: b8423f29ae782d824fe5861eb133fe99 -> 333033f071a58c53b030860e1dc36f4e
  custom:scripting/monoscript/fileName/Helloworld.cs: 0111736be64650c2c199ab4f2d2240c1 -> 5df6067a12a0276271ef7e4b2f46b98d
  custom:scripting/monoscript/fileName/HotfixTest2.cs: 8e85738438913476ef9e5c92cd26daad -> e6fb5855d637d49dacea7216888e03f7
  custom:scripting/monoscript/fileName/LinkXmlGen.cs: 91d69328c4b5d0ada19c3766b1b6ad15 -> f26ca07c1d6ecd8bde6b48a50ed6d393
  custom:scripting/monoscript/fileName/XLuaTest_Foo1ChildWrap.cs: 4e50b7c1fc1d91200bd6d308925718b7 -> 1c5e3d8cdf39c119ce22e5be32eae9dd
  custom:scripting/monoscript/fileName/LuaDLL.cs: a461d359c0f868ea297a4d0e0fa0810d -> 61e98a188b5f49dbf1a755838a97959a
  custom:scripting/monoscript/fileName/GenAttributes.cs: eecd24d8570c09b2ce8b7a7a7f2d3d12 -> d46b0cff88dfb044f17f4aed96768af1
  custom:scripting/monoscript/fileName/UnityEngine_ResourcesWrap.cs: 7881eec03c10cac6aed4968059672b77 -> 698ab99237a4262ce7f88356cded464a
  custom:scripting/monoscript/fileName/ExampleConfig.cs: 01010b4aed93329e34ab2c68a0d8c398 -> 96766ead2b0a0269b4571117ad9e65bc
  custom:scripting/monoscript/fileName/CSCallLua.cs: e37f012e62a4c619428574814b983ced -> 9d2ef4b275968bd22a483233fb8b554e
  custom:scripting/monoscript/fileName/Utils.cs: cf685c01caf3a4f894711b47bbf947e6 -> 55f902a32cb309b7a62f1e16aa1d617d
  custom:CustomObjectIndexerAttribute: 9a22284fe3817be447336de3de66b15e -> 
  custom:scripting/monoscript/fileName/LuaEnv.cs: 39b0b6f887cfc0f9d8b8bab4d9210e8f -> 89231863be1481a3b9e862fc4fbe0062
  custom:scripting/monoscript/fileName/EnumWrap.cs: e1678317fb40b1504377930932a65f00 -> 71aaf938165cbdbb0ac6c90ffee86023
  custom:container-demuxer-webm: 4f35f7cbe854078d1ac9338744f61a02 -> 
  custom:scripting/monoscript/fileName/UnityEngine_ParticleSystemWrap.cs: ea70451eecfa9db0287288ead2570a87 -> eee33c4ac5a2b762ef5a90683fe90f0f
  custom:scripting/monoscript/fileName/LuaException.cs: 1ddffcc2e8b89810add964c77207e13b -> c33171da8599ff6293dbea39eed5f2df
  custom:scripting/monoscript/fileName/InvokeLua.cs: 8d1030f275cd4c779c8aadb220460431 -> 7479efa8aadd7aed0020601aa4374477
  custom:scripting/monoscript/fileName/XLuaTest_BaseTestWrap.cs: 07e45de8fa2ee7650261714b0c2efcd8 -> 4f21680da7e23ca573808ca54815d505
  custom:scripting/monoscript/fileName/UnityEngine_BoundsWrap.cs: 0ac99f7c45b4a0aef916e0e5b49238c9 -> 3dd26eeb95bac2de8ce2da585d995261
  custom:scripting/monoscript/fileName/PackUnpack.cs: 7bf1a1e4b9a6d19c982a86f574107fe4 -> 273cbe68a303e04c83210a0d1b0dbfc8
  custom:scripting/monoscript/fileName/UnityEngine_KeyframeWrap.cs: 198c4d7f205e316a3726e83558840a1d -> f022c20884bfebd1cdba5d0a32b69287
  custom:scripting/monoscript/fileName/DelegatesGensBridge.cs: 14979ecd91d982a7d4b63ce8b241a2cb -> 9b33d1c344798966a03eb7d32474259e
  custom:scripting/monoscript/fileName/SignatureLoader.cs: f9b5b4f501bbc4033b1d26e1c53bc27d -> 2543099e1b7f94e78f488961484e5e52
  custom:scripting/monoscript/fileName/Coroutine_Runner.cs: 931214e1a723b03a7a230109c4225361 -> 690ad48fe9500ae79da028936c127982
  custom:container-muxer-webm: aa71ff27fc2769a1b78a27578f13a17b -> 
  custom:scripting/monoscript/fileName/NoGc.cs: 93f5576a58657b60a9c431df8280450e -> 468686911b292518222c0fc5fca7afd3
  custom:scripting/monoscript/fileName/ObjectPool.cs: bd4befac00d17d6ebf9e5f1d7d75cb4c -> 41af867cc123c070dfe6b15d45bb5402
  custom:video-decoder-webm-vp8: 9c59270c3fd7afecdb556c50c9e8de78 -> 
  custom:scripting/monoscript/fileName/XLuaTest_FooWrap.cs: 94d50054e40ab48511cae7fb0b602c9b -> abbeeb9782209030752aecf7c8307085
  custom:scripting/monoscript/fileName/Report.cs: 3c6fcdd086fb055c4c3456a5e0e35198 -> e51741919754948773e5898850c9f663
  custom:scripting/monoscript/fileName/Tutorial_DerivedClassExtensionsWrap.cs: 8d3a8d18ccf52ef11958b45f9012fc25 -> e71c7199b289862c70f81cc97fad9cd1
  custom:scripting/monoscript/fileName/System_Collections_Generic_List_1_System_Int32_Wrap.cs: 17851e7c00326059ae0787338228160b -> 0d81f6d3ce2afe6f735fa61fb6f44318
  custom:scripting/monoscript/fileName/XLuaGenAutoRegister.cs: d853ef44aabfccb80e0b7c076b61770b -> f7d7a1bdecea0875c31215b468d1ea3c
  custom:SearchIndexIgnoredProperties: e643bd26f0fe6173181afceb89e7c659 -> 
  custom:scripting/monoscript/fileName/UnityEngine_ColorWrap.cs: bd8e985ef59408a673873236ce871e73 -> a2199b901d8d68ac06d36f834d48f0de
  custom:AudioImporter_EditorPlatform: d09bf68614088b80899f8185d706f6e7 -> 
  custom:scripting/monoscript/fileName/GenericMethodExample.cs: 71308a9675c9d31b6584afd047da40d6 -> c3c4960d5a8b500e2f93697b37d06ae2
  custom:scripting/monoscript/fileName/TypeExtensions.cs: 68c704b8c6c4fa976b931eabe81ac9ee -> 6ecc1d6c2137d4648cc597a57d0741c7
  custom:scripting/monoscript/fileName/Tutorial_BaseClassWrap.cs: 0cb2af1d083b0b2c5e8cb36d24bfb39c -> 82bd31d966804ddf94755f42eec25c75
  custom:scripting/monoscript/fileName/UnityEngine_Ray2DWrap.cs: 0739f12fd5151febac857f4bf1dfbf4b -> 3948513cbdb210ff5fa49a4b2880e106
  custom:scripting/monoscript/fileName/UnityEngine_ComponentWrap.cs: e27295da2190ed2ebf55b5ac632d7f35 -> 3c3e0b9fedb2878f9f3fac771839136b
  custom:scripting/monoscript/fileName/CustomLoader.cs: 612387837da882e343b6793882f715b4 -> 3c04d951376acd618234995a34635baf
  custom:scripting/monoscript/fileName/BuildFromCLI.cs: a3c0f780c3b3a6e3a59fd5c2a4761ee3 -> ef1665cfd7adbd546e15cd58c9f7c486
  custom:scripting/monoscript/fileName/System_ObjectWrap.cs: c4f7132fadbd7f5f459fdffb106ce8ad -> 9fb5e5ed9e38c23dad1e0232edf0373b
  custom:scripting/monoscript/fileName/XLuaTest_Foo1ParentWrap.cs: 4d06c6c313846bbd2659cf013bd8c081 -> bc3faaa30d66f1a9334279476c37b2a8
  custom:scripting/monoscript/fileName/StatefullTest.cs: ac9082cda8d79beb987af6f68f5d30cd -> 5d22c8326914d95b29e418e9d014cf15
  custom:scripting/monoscript/fileName/InternalGlobals.cs: c7a0f72bef146ff41c15b3b535d6bdf9 -> 009e626d008ed11807341f4cf6fb3a9c
  custom:scripting/monoscript/fileName/XLuaTest_FooExtensionWrap.cs: 0cf66dd4ab170a1f2008f8b97f4f2106 -> 778d9d5cc8332e1d0739618b88aa2bb9
  custom:scripting/monoscript/fileName/DelegateBridge.cs: 59e13ad21dfacf0ee52e76776a9542b7 -> 4daef522f87298a8262553f6fd5bf8f2
  custom:scripting/monoscript/fileName/Foo.cs: b60484b40971b80860ed72eb65234dc1 -> f1cbde57f1c636c66a444cf720c99995
  custom:scripting/monoscript/fileName/UnityEngine_QuaternionWrap.cs: d7776a0aea79cbcec5ba2c36565a1173 -> 2be38f3d0f8715c9babd38533b7cc2f6
  custom:scripting/monoscript/fileName/ExampleGenConfig.cs: 402439a475ab0614d6514789dc967063 -> 2d21554d83bd53efca28765b954d65c7
  custom:scripting/monoscript/fileName/TemplateRef.cs: 894e64faa8518e7345655e4a3a343abf -> e57f72b6ec3c4672428b8339ce53c07a
  custom:scripting/monoscript/fileName/ByString.cs: 83f4bb3773b202a1550c80bc6c09d1a8 -> 71ac2dce49068f904e2150c45e200cdb
  custom:scripting/monoscript/fileName/UnityEngine_AnimationCurveWrap.cs: f2332648b2113d579022f7ac44ddf1a2 -> a1b4a7dab75f49fff03082ff025e4e5e
  custom:scripting/monoscript/fileName/XLuaTest_IExchangerBridge.cs: dbb2be54f36a2496a4425e7ceb90b9b9 -> a1b04ba231b7210d75c48779fb061387
  custom:scripting/monoscript/fileName/LuaBase.cs: fd57dc59c72dd7c1f0204d91abf1345d -> f0e74d4e175e23617aebee3a1fbf3735
  custom:scripting/monoscript/fileName/UnityEngine_LightWrap.cs: d3e76313bbab2d6f78618d0a96177993 -> afdccdb78964e15816bd84ff574e1d72
  custom:scripting/monoscript/fileName/System_Collections_IEnumeratorBridge.cs: e58d0dcf0aa39125fd572da9408c5a63 -> a6b8b2b6997973169c6bebc4e00197c3
  custom:scripting/monoscript/fileName/GenericDelegateBridge.cs: 14979ecd91d982a7d4b63ce8b241a2cb -> 9b33d1c344798966a03eb7d32474259e
  custom:video-encoder-webm-vp8: eb34c28f22e8b96e1ab97ce403110664 -> 
  custom:scripting/monoscript/fileName/LuaCallCs.cs: d69c2b3b74160f3f6c507a63e395d1b8 -> 80d51efbfa90ec9a93bf6c4f217fae70
  custom:scripting/monoscript/fileName/XLuaTest_Foo2ParentWrap.cs: 3cfc8bf6cad7ab5669e86f82da9efffc -> e55fdaf088679107b1602d0f4f018827
  custom:scripting/monoscript/fileName/Tutorial_CSCallLua_ItfDBridge.cs: d05148e45525d393370f3ca919d4cdc0 -> 4e0a8d0795850c18cf92cbc673dc6199
  custom:scripting/monoscript/fileName/UnityEngine_Vector2Wrap.cs: dfd1be4a9f736e54a226859ba85dbc30 -> d8bd11c5df83747314d76d2e1152a25a
  custom:audio-decoder-ogg-vorbis: bf7c407c2cedff20999df2af8eb42d56 -> 
  custom:scripting/monoscript/fileName/UnityEngine_GameObjectWrap.cs: c4cddad80b77cae4a3f64483d25e1457 -> 499beb086fe32ba82bd6b30d04f108ea
  custom:scripting/monoscript/fileName/XLuaTest_NoGcWrap.cs: 7c2153fc9ca9cd0a3cc8b2d8a5de2fcd -> b8ab725f3034c7583c772afc97e73cfe
  custom:scripting/monoscript/fileName/UnityEngine_DebugWrap.cs: a14c41c7fbd7dec62bec687de4c6fe27 -> 2a23054f13a8c643d838dbc57d787e1a
  custom:scripting/monoscript/fileName/TemplateEngine.cs: d4247539e36868281066dc2ffa847cbd -> 196c6eecd2e70276dab2c9a7b0cf2d59
  custom:scripting/monoscript/fileName/UnityEngine_SkinnedMeshRendererWrap.cs: 9ad169117eb1ff375ebe298216e6901c -> e6c3bb62aa80867a3afe5dcbb6224761
  custom:scripting/monoscript/fileName/CopyByValue.cs: 7bf1a1e4b9a6d19c982a86f574107fe4 -> 273cbe68a303e04c83210a0d1b0dbfc8
  custom:scripting/monoscript/fileName/Generator.cs: 5c2a3602a0cfb4641043518ccc18ad89 -> e11eefc36c86800da100cf1a4789c73c
  custom:scripting/monoscript/fileName/SignatureLoaderTest.cs: 37ed863ad0370c096ad98942100ce390 -> 8c9bdabb3430d1beabc1824b7aff6019
  custom:scripting/monoscript/fileName/HotfixTestCfg.cs: 7d41c7a61129380f568a08461036f7c3 -> a7321a5cbaeb2b6b22c71e624ff03625
  custom:scripting/monoscript/fileName/MessageBox.cs: 17d47f136e1a2eb08b8ca17667071821 -> febd8bda4c1c594acb6f720026ed3aee
  custom:scripting/monoscript/fileName/UnityEngine_TextAssetWrap.cs: a895654ec821ef871bab45f0bf4ab1bf -> 96eae3d139831963806db363328bfefe
  custom:scripting/monoscript/fileName/XLuaUnityDefaultConfig.cs: 847f92567dd164ad0f0a1c4536b7e6e7 -> 12ee8270b5ca2ec2875a29a6c838143c
  custom:scripting/monoscript/fileName/UnityEngine_TransformWrap.cs: 1ec7fdf0df78c54383c54d4890267885 -> 50d916bbc9cc3aa204547c1dbcf1b841
  custom:scripting/monoscript/fileName/UnityEngine_RendererWrap.cs: f2bb488dcafa31d4d1829db70de7e3de -> e28d66316639c5d4634a4f4176885c0f
  custom:scripting/monoscript/fileName/LuaFunction.cs: 6bea6a53e0ef7f4c19887edd95529fba -> 9f9e88fec2de37a51bb5cc9b6b08d6b9
  custom:audio-encoder-webm-vorbis: bf7c407c2cedff20999df2af8eb42d56 -> 
  custom:scripting/monoscript/fileName/XLuaTest_LuaBehaviourWrap.cs: eb21b90bdd58645712610184d1a6b02e -> 8a24807dde2ec4b5434d8876b84591df
  custom:scripting/monoscript/fileName/UnityEngine_Vector4Wrap.cs: 4736b1d9605ba5be814644e3bcc9e928 -> e876ed87f63c3dc401e686c851325f69
  custom:scripting/precompiled-assembly-types:Assembly-CSharp-Editor: 8329d2703a1fb80f61cc70ee984418c3 -> f3104d4e56e8a73f04df252396e09d4f
  custom:scripting/monoscript/fileName/XLuaTest_MyStructWrap.cs: 55519c14d8f95433c1b6e262daa1d322 -> bcfe0251bd793e1e64a466467ef9f39d
  custom:scripting/monoscript/fileName/StaticLuaCallbacks.cs: 806d4721af6e97ac563013320c7b3d7a -> 9d25aed2b0bb83738cfec7ef5ea55802
  custom:scripting/monoscript/fileName/UnityEngine_ObjectWrap.cs: acbfc6ebce3660b3cec600cb246312ee -> d239f04268fb712161f840d533347443
  custom:scripting/monoscript/fileName/RawObjectTest.cs: c3d9c6b1a141374366b8d8ccf99991a4 -> af9e06db1e13155c5410c0aa29232eac
  custom:scripting/monoscript/fileName/MethodWarpsCache.cs: a0fd87c86e3eda41e7890d27658be598 -> 182591812fc1e7cc805d3eb126c7629a
  custom:scripting/precompiled-assembly-types:Assembly-CSharp: 99b328417248fea24142d71679fac050 -> 6d2cbbca728bbcc514a1a97e862a8e21
  custom:scripting/monoscript/fileName/Tutorial_ICalcWrap.cs: 9802804745e09aa6d92fbca1a46de55a -> 03d02c9cf202af74271e6b9339f2aa97
========================================================================
Received Prepare
Refreshing native plugins compatible for Editor in 9.12 ms, found 4 plugins.
Preloading 0 native plugins for Editor in 0.00 ms.
Unloading 4 Unused Serialized files (Serialized files now loaded: 0)
Unloading 4 unused Assets / (312.4 KB). Loaded Objects now: 4951.
Memory consumption went from 84.0 MB to 83.7 MB.
Total: 4.336600 ms (FindLiveObjects: 0.752200 ms CreateObjectMapping: 0.660300 ms MarkObjects: 2.804800 ms  DeleteObjects: 0.117700 ms)

Prepare: number of updated asset objects reloaded= 0
AssetImportParameters requested are different than current active one (requested -> active):
  custom:scripting/monoscript/fileName/AsyncTest.cs: ba7b296f91a53eb12a2f973e4bfe6187 -> 76ce712e1c4d409aac5fa695d71d244a
  custom:scripting/monoscript/fileName/XLuaTest_InvokeLua_ICalcBridge.cs: 30fde9c3feb0b30e098352b4dfeb9cae -> 39dbaec3aa6ccdef5b8e133e5c8d912d
  custom:scripting/monoscript/fileName/UnityEngine_BehaviourWrap.cs: 50be6300a89da29ca17ad67a2589a5ca -> 07f04650a03b829841e9fab9d7740454
  custom:scripting/monoscript/fileName/CoroutineTest.cs: 8ff63a150c08cc9bc1500a6e3305dabe -> b55b07dbd7b0751be4b88111c51a8597
  custom:scripting/monoscript/fileName/UnityEngine_WaitForSecondsWrap.cs: 14ce79597090ca49f32e5242d176e3e0 -> f924ebf1733d94f4d65590a1a94e6531
  custom:scripting/monoscript/fileName/XLuaTest_PeddingWrap.cs: 904ed3ab876976c36018836c17a5f7cd -> 87db0d803af8b6af633a98194cb11698
  custom:scripting/monoscript/fileName/LuaBehaviour.cs: c26b3945b1b2533a373318992b28370d -> 8501f2955baa2ae1e4b9dc9f246b814a
  custom:container-demuxer-ogg: 62fdf1f143b41e24485cea50d1cbac27 -> 
  custom:scripting/monoscript/fileName/ObjectTranslatorPool.cs: 0fcc88f1a2575820f34ed99efa865239 -> c088e49ccc65541c1471becee0155ecc
  custom:scripting/monoscript/fileName/ByFile.cs: 4175f9d405491cf5cd12d69fd7ad338b -> 6f3dfbef5ea17c4620534958e4e26f3b
  custom:scripting/monoscript/fileName/ObjectCasters.cs: 2e05dcad88217340e3469b49cb484a5e -> 0c1ed1f1cf3d518e5e522f4d874c21c2
  custom:scripting/monoscript/fileName/UnityEngine_Vector3Wrap.cs: ce0a23addf1a2b20f8676787382fe6da -> 63f465b9380555daafea25b4176adba5
  custom:scripting/monoscript/fileName/ReImplementInLua.cs: 95b77c9b6059158d95dc9a7ae2d1cdb1 -> ccd60d267132159582621b9635d9b5d9
  custom:scripting/monoscript/fileName/UnityEngine_RayWrap.cs: 1b2ced459e0f7fe10c0b5b9489be6f35 -> 0b84fbe6cabdb1173feb41e835ef3a40
  custom:scripting/monoscript/fileName/HotfixTest.cs: 1c02fcc866280314c2a4f14c6d154faa -> 3960e9f9315d94bf0223f379bfbd4a4a
  custom:scripting/monoscript/fileName/WrapPusher.cs: 3b3bd77f226a0f893aad8e7367a0f06b -> a7d84f614ae4cd3b956f9b8556cfd18e
  custom:scripting/monoscript/fileName/RawObject.cs: b7277126f2de8ab75c184e0ffceaa264 -> e4d66a2fce5b764d8103d4567ed38606
  custom:scripting/monoscript/fileName/Tutorial_DerivedClassWrap.cs: a9f1f1a33e70d4aca6ed43632ef080bc -> 1a8da11bcfc26039296e071510ba3246
  custom:video-decoder-ogg-theora: a1e56fd34408186e4bbccfd4996cb3dc -> 
  custom:scripting/monoscript/fileName/LuaTable.cs: 831d394b03ebb276485eae65adc1ccd5 -> afc244f7b5f5d0300b37ddf3297901ec
  custom:scripting/monoscript/fileName/XLuaTest_Foo2ChildWrap.cs: f25917eb49d7296a35740a2c6a4d40ec -> 30fab5c82eb5f5ffb38a0a6d668c1895
  custom:framework-win-MediaFoundation: 216162199b28c13a410421893ffa2e32 -> 
  custom:scripting/monoscript/fileName/UnityEngine_TimeWrap.cs: 582bbe1acbebc99abd038879d2ce291a -> 5e744018ad83dc4e6b5341356b280ff7
  custom:scripting/monoscript/fileName/ObjectTranslator.cs: 3684f948a56ed5cf93b0514e484d3f48 -> dd3d0b582d45a9b753aab5e6237efeb3
  custom:scripting/monoscript/fileName/UnityEngine_AnimationClipWrap.cs: 35e9dbce44e2400ca249a1b04e238032 -> 77a92debc688d37d0c76ed29e7849dc6
  custom:scripting/monoscript/fileName/UnityEngine_MonoBehaviourWrap.cs: ab88a4de07d1ed4d6902d46f78a9c2a5 -> 04d351bf9d6db68acd2847f2651b2d6b
  custom:scripting/monoscript/fileName/UnityEngine_MathfWrap.cs: b8423f29ae782d824fe5861eb133fe99 -> 333033f071a58c53b030860e1dc36f4e
  custom:scripting/monoscript/fileName/Helloworld.cs: 0111736be64650c2c199ab4f2d2240c1 -> 5df6067a12a0276271ef7e4b2f46b98d
  custom:scripting/monoscript/fileName/HotfixTest2.cs: 8e85738438913476ef9e5c92cd26daad -> e6fb5855d637d49dacea7216888e03f7
  custom:scripting/monoscript/fileName/LinkXmlGen.cs: 91d69328c4b5d0ada19c3766b1b6ad15 -> f26ca07c1d6ecd8bde6b48a50ed6d393
  custom:scripting/monoscript/fileName/XLuaTest_Foo1ChildWrap.cs: 4e50b7c1fc1d91200bd6d308925718b7 -> 1c5e3d8cdf39c119ce22e5be32eae9dd
  custom:scripting/monoscript/fileName/LuaDLL.cs: a461d359c0f868ea297a4d0e0fa0810d -> 61e98a188b5f49dbf1a755838a97959a
  custom:scripting/monoscript/fileName/GenAttributes.cs: eecd24d8570c09b2ce8b7a7a7f2d3d12 -> d46b0cff88dfb044f17f4aed96768af1
  custom:scripting/monoscript/fileName/UnityEngine_ResourcesWrap.cs: 7881eec03c10cac6aed4968059672b77 -> 698ab99237a4262ce7f88356cded464a
  custom:scripting/monoscript/fileName/ExampleConfig.cs: 01010b4aed93329e34ab2c68a0d8c398 -> 96766ead2b0a0269b4571117ad9e65bc
  custom:scripting/monoscript/fileName/CSCallLua.cs: e37f012e62a4c619428574814b983ced -> 9d2ef4b275968bd22a483233fb8b554e
  custom:scripting/monoscript/fileName/Utils.cs: cf685c01caf3a4f894711b47bbf947e6 -> 55f902a32cb309b7a62f1e16aa1d617d
  custom:CustomObjectIndexerAttribute: 9a22284fe3817be447336de3de66b15e -> 
  custom:scripting/monoscript/fileName/LuaEnv.cs: 39b0b6f887cfc0f9d8b8bab4d9210e8f -> 89231863be1481a3b9e862fc4fbe0062
  custom:scripting/monoscript/fileName/EnumWrap.cs: e1678317fb40b1504377930932a65f00 -> 71aaf938165cbdbb0ac6c90ffee86023
  custom:container-demuxer-webm: 4f35f7cbe854078d1ac9338744f61a02 -> 
  custom:scripting/monoscript/fileName/UnityEngine_ParticleSystemWrap.cs: ea70451eecfa9db0287288ead2570a87 -> eee33c4ac5a2b762ef5a90683fe90f0f
  custom:scripting/monoscript/fileName/LuaException.cs: 1ddffcc2e8b89810add964c77207e13b -> c33171da8599ff6293dbea39eed5f2df
  custom:scripting/monoscript/fileName/InvokeLua.cs: 8d1030f275cd4c779c8aadb220460431 -> 7479efa8aadd7aed0020601aa4374477
  custom:scripting/monoscript/fileName/XLuaTest_BaseTestWrap.cs: 07e45de8fa2ee7650261714b0c2efcd8 -> 4f21680da7e23ca573808ca54815d505
  custom:scripting/monoscript/fileName/UnityEngine_BoundsWrap.cs: 0ac99f7c45b4a0aef916e0e5b49238c9 -> 3dd26eeb95bac2de8ce2da585d995261
  custom:scripting/monoscript/fileName/PackUnpack.cs: 7bf1a1e4b9a6d19c982a86f574107fe4 -> 273cbe68a303e04c83210a0d1b0dbfc8
  custom:scripting/monoscript/fileName/UnityEngine_KeyframeWrap.cs: 198c4d7f205e316a3726e83558840a1d -> f022c20884bfebd1cdba5d0a32b69287
  custom:scripting/monoscript/fileName/DelegatesGensBridge.cs: 14979ecd91d982a7d4b63ce8b241a2cb -> 9b33d1c344798966a03eb7d32474259e
  custom:scripting/monoscript/fileName/SignatureLoader.cs: f9b5b4f501bbc4033b1d26e1c53bc27d -> 2543099e1b7f94e78f488961484e5e52
  custom:scripting/monoscript/fileName/Coroutine_Runner.cs: 931214e1a723b03a7a230109c4225361 -> 690ad48fe9500ae79da028936c127982
  custom:container-muxer-webm: aa71ff27fc2769a1b78a27578f13a17b -> 
  custom:scripting/monoscript/fileName/NoGc.cs: 93f5576a58657b60a9c431df8280450e -> 468686911b292518222c0fc5fca7afd3
  custom:scripting/monoscript/fileName/ObjectPool.cs: bd4befac00d17d6ebf9e5f1d7d75cb4c -> 41af867cc123c070dfe6b15d45bb5402
  custom:video-decoder-webm-vp8: 9c59270c3fd7afecdb556c50c9e8de78 -> 
  custom:scripting/monoscript/fileName/XLuaTest_FooWrap.cs: 94d50054e40ab48511cae7fb0b602c9b -> abbeeb9782209030752aecf7c8307085
  custom:scripting/monoscript/fileName/Report.cs: 3c6fcdd086fb055c4c3456a5e0e35198 -> e51741919754948773e5898850c9f663
  custom:scripting/monoscript/fileName/Tutorial_DerivedClassExtensionsWrap.cs: 8d3a8d18ccf52ef11958b45f9012fc25 -> e71c7199b289862c70f81cc97fad9cd1
  custom:scripting/monoscript/fileName/System_Collections_Generic_List_1_System_Int32_Wrap.cs: 17851e7c00326059ae0787338228160b -> 0d81f6d3ce2afe6f735fa61fb6f44318
  custom:scripting/monoscript/fileName/XLuaGenAutoRegister.cs: d853ef44aabfccb80e0b7c076b61770b -> f7d7a1bdecea0875c31215b468d1ea3c
  custom:SearchIndexIgnoredProperties: e643bd26f0fe6173181afceb89e7c659 -> 
  custom:scripting/monoscript/fileName/UnityEngine_ColorWrap.cs: bd8e985ef59408a673873236ce871e73 -> a2199b901d8d68ac06d36f834d48f0de
  custom:AudioImporter_EditorPlatform: d09bf68614088b80899f8185d706f6e7 -> 
  custom:scripting/monoscript/fileName/GenericMethodExample.cs: 71308a9675c9d31b6584afd047da40d6 -> c3c4960d5a8b500e2f93697b37d06ae2
  custom:scripting/monoscript/fileName/TypeExtensions.cs: 68c704b8c6c4fa976b931eabe81ac9ee -> 6ecc1d6c2137d4648cc597a57d0741c7
  custom:scripting/monoscript/fileName/Tutorial_BaseClassWrap.cs: 0cb2af1d083b0b2c5e8cb36d24bfb39c -> 82bd31d966804ddf94755f42eec25c75
  custom:scripting/monoscript/fileName/UnityEngine_Ray2DWrap.cs: 0739f12fd5151febac857f4bf1dfbf4b -> 3948513cbdb210ff5fa49a4b2880e106
  custom:scripting/monoscript/fileName/UnityEngine_ComponentWrap.cs: e27295da2190ed2ebf55b5ac632d7f35 -> 3c3e0b9fedb2878f9f3fac771839136b
  custom:scripting/monoscript/fileName/CustomLoader.cs: 612387837da882e343b6793882f715b4 -> 3c04d951376acd618234995a34635baf
  custom:scripting/monoscript/fileName/BuildFromCLI.cs: a3c0f780c3b3a6e3a59fd5c2a4761ee3 -> ef1665cfd7adbd546e15cd58c9f7c486
  custom:scripting/monoscript/fileName/System_ObjectWrap.cs: c4f7132fadbd7f5f459fdffb106ce8ad -> 9fb5e5ed9e38c23dad1e0232edf0373b
  custom:scripting/monoscript/fileName/XLuaTest_Foo1ParentWrap.cs: 4d06c6c313846bbd2659cf013bd8c081 -> bc3faaa30d66f1a9334279476c37b2a8
  custom:scripting/monoscript/fileName/StatefullTest.cs: ac9082cda8d79beb987af6f68f5d30cd -> 5d22c8326914d95b29e418e9d014cf15
  custom:scripting/monoscript/fileName/InternalGlobals.cs: c7a0f72bef146ff41c15b3b535d6bdf9 -> 009e626d008ed11807341f4cf6fb3a9c
  custom:scripting/monoscript/fileName/XLuaTest_FooExtensionWrap.cs: 0cf66dd4ab170a1f2008f8b97f4f2106 -> 778d9d5cc8332e1d0739618b88aa2bb9
  custom:scripting/monoscript/fileName/DelegateBridge.cs: 59e13ad21dfacf0ee52e76776a9542b7 -> 4daef522f87298a8262553f6fd5bf8f2
  custom:scripting/monoscript/fileName/Foo.cs: b60484b40971b80860ed72eb65234dc1 -> f1cbde57f1c636c66a444cf720c99995
  custom:scripting/monoscript/fileName/UnityEngine_QuaternionWrap.cs: d7776a0aea79cbcec5ba2c36565a1173 -> 2be38f3d0f8715c9babd38533b7cc2f6
  custom:scripting/monoscript/fileName/ExampleGenConfig.cs: 402439a475ab0614d6514789dc967063 -> 2d21554d83bd53efca28765b954d65c7
  custom:scripting/monoscript/fileName/TemplateRef.cs: 894e64faa8518e7345655e4a3a343abf -> e57f72b6ec3c4672428b8339ce53c07a
  custom:scripting/monoscript/fileName/ByString.cs: 83f4bb3773b202a1550c80bc6c09d1a8 -> 71ac2dce49068f904e2150c45e200cdb
  custom:scripting/monoscript/fileName/UnityEngine_AnimationCurveWrap.cs: f2332648b2113d579022f7ac44ddf1a2 -> a1b4a7dab75f49fff03082ff025e4e5e
  custom:scripting/monoscript/fileName/XLuaTest_IExchangerBridge.cs: dbb2be54f36a2496a4425e7ceb90b9b9 -> a1b04ba231b7210d75c48779fb061387
  custom:scripting/monoscript/fileName/LuaBase.cs: fd57dc59c72dd7c1f0204d91abf1345d -> f0e74d4e175e23617aebee3a1fbf3735
  custom:scripting/monoscript/fileName/UnityEngine_LightWrap.cs: d3e76313bbab2d6f78618d0a96177993 -> afdccdb78964e15816bd84ff574e1d72
  custom:scripting/monoscript/fileName/System_Collections_IEnumeratorBridge.cs: e58d0dcf0aa39125fd572da9408c5a63 -> a6b8b2b6997973169c6bebc4e00197c3
  custom:scripting/monoscript/fileName/GenericDelegateBridge.cs: 14979ecd91d982a7d4b63ce8b241a2cb -> 9b33d1c344798966a03eb7d32474259e
  custom:video-encoder-webm-vp8: eb34c28f22e8b96e1ab97ce403110664 -> 
  custom:scripting/monoscript/fileName/LuaCallCs.cs: d69c2b3b74160f3f6c507a63e395d1b8 -> 80d51efbfa90ec9a93bf6c4f217fae70
  custom:scripting/monoscript/fileName/XLuaTest_Foo2ParentWrap.cs: 3cfc8bf6cad7ab5669e86f82da9efffc -> e55fdaf088679107b1602d0f4f018827
  custom:scripting/monoscript/fileName/Tutorial_CSCallLua_ItfDBridge.cs: d05148e45525d393370f3ca919d4cdc0 -> 4e0a8d0795850c18cf92cbc673dc6199
  custom:scripting/monoscript/fileName/UnityEngine_Vector2Wrap.cs: dfd1be4a9f736e54a226859ba85dbc30 -> d8bd11c5df83747314d76d2e1152a25a
  custom:audio-decoder-ogg-vorbis: bf7c407c2cedff20999df2af8eb42d56 -> 
  custom:scripting/monoscript/fileName/UnityEngine_GameObjectWrap.cs: c4cddad80b77cae4a3f64483d25e1457 -> 499beb086fe32ba82bd6b30d04f108ea
  custom:scripting/monoscript/fileName/XLuaTest_NoGcWrap.cs: 7c2153fc9ca9cd0a3cc8b2d8a5de2fcd -> b8ab725f3034c7583c772afc97e73cfe
  custom:scripting/monoscript/fileName/UnityEngine_DebugWrap.cs: a14c41c7fbd7dec62bec687de4c6fe27 -> 2a23054f13a8c643d838dbc57d787e1a
  custom:scripting/monoscript/fileName/TemplateEngine.cs: d4247539e36868281066dc2ffa847cbd -> 196c6eecd2e70276dab2c9a7b0cf2d59
  custom:scripting/monoscript/fileName/UnityEngine_SkinnedMeshRendererWrap.cs: 9ad169117eb1ff375ebe298216e6901c -> e6c3bb62aa80867a3afe5dcbb6224761
  custom:scripting/monoscript/fileName/CopyByValue.cs: 7bf1a1e4b9a6d19c982a86f574107fe4 -> 273cbe68a303e04c83210a0d1b0dbfc8
  custom:scripting/monoscript/fileName/Generator.cs: 5c2a3602a0cfb4641043518ccc18ad89 -> e11eefc36c86800da100cf1a4789c73c
  custom:scripting/monoscript/fileName/SignatureLoaderTest.cs: 37ed863ad0370c096ad98942100ce390 -> 8c9bdabb3430d1beabc1824b7aff6019
  custom:scripting/monoscript/fileName/HotfixTestCfg.cs: 7d41c7a61129380f568a08461036f7c3 -> a7321a5cbaeb2b6b22c71e624ff03625
  custom:scripting/monoscript/fileName/MessageBox.cs: 17d47f136e1a2eb08b8ca17667071821 -> febd8bda4c1c594acb6f720026ed3aee
  custom:scripting/monoscript/fileName/UnityEngine_TextAssetWrap.cs: a895654ec821ef871bab45f0bf4ab1bf -> 96eae3d139831963806db363328bfefe
  custom:scripting/monoscript/fileName/XLuaUnityDefaultConfig.cs: 847f92567dd164ad0f0a1c4536b7e6e7 -> 12ee8270b5ca2ec2875a29a6c838143c
  custom:scripting/monoscript/fileName/UnityEngine_TransformWrap.cs: 1ec7fdf0df78c54383c54d4890267885 -> 50d916bbc9cc3aa204547c1dbcf1b841
  custom:scripting/monoscript/fileName/UnityEngine_RendererWrap.cs: f2bb488dcafa31d4d1829db70de7e3de -> e28d66316639c5d4634a4f4176885c0f
  custom:scripting/monoscript/fileName/LuaFunction.cs: 6bea6a53e0ef7f4c19887edd95529fba -> 9f9e88fec2de37a51bb5cc9b6b08d6b9
  custom:audio-encoder-webm-vorbis: bf7c407c2cedff20999df2af8eb42d56 -> 
  custom:scripting/monoscript/fileName/XLuaTest_LuaBehaviourWrap.cs: eb21b90bdd58645712610184d1a6b02e -> 8a24807dde2ec4b5434d8876b84591df
  custom:scripting/monoscript/fileName/UnityEngine_Vector4Wrap.cs: 4736b1d9605ba5be814644e3bcc9e928 -> e876ed87f63c3dc401e686c851325f69
  custom:scripting/precompiled-assembly-types:Assembly-CSharp-Editor: 8329d2703a1fb80f61cc70ee984418c3 -> f3104d4e56e8a73f04df252396e09d4f
  custom:scripting/monoscript/fileName/XLuaTest_MyStructWrap.cs: 55519c14d8f95433c1b6e262daa1d322 -> bcfe0251bd793e1e64a466467ef9f39d
  custom:scripting/monoscript/fileName/StaticLuaCallbacks.cs: 806d4721af6e97ac563013320c7b3d7a -> 9d25aed2b0bb83738cfec7ef5ea55802
  custom:scripting/monoscript/fileName/UnityEngine_ObjectWrap.cs: acbfc6ebce3660b3cec600cb246312ee -> d239f04268fb712161f840d533347443
  custom:scripting/monoscript/fileName/RawObjectTest.cs: c3d9c6b1a141374366b8d8ccf99991a4 -> af9e06db1e13155c5410c0aa29232eac
  custom:scripting/monoscript/fileName/MethodWarpsCache.cs: a0fd87c86e3eda41e7890d27658be598 -> 182591812fc1e7cc805d3eb126c7629a
  custom:scripting/precompiled-assembly-types:Assembly-CSharp: 99b328417248fea24142d71679fac050 -> 6d2cbbca728bbcc514a1a97e862a8e21
  custom:scripting/monoscript/fileName/Tutorial_ICalcWrap.cs: 9802804745e09aa6d92fbca1a46de55a -> 03d02c9cf202af74271e6b9339f2aa97
========================================================================
Received Prepare
Caller must complete domain reload
Begin MonoManager ReloadAssembly
- Loaded All Assemblies, in  0.592 seconds
Native extension for WindowsStandalone target not found
Mono: successfully reloaded assembly
- Finished resetting the current domain, in  1.314 seconds
Domain Reload Profiling: 1902ms
	BeginReloadAssembly (194ms)
		ExecutionOrderSort (0ms)
		DisableScriptedObjects (4ms)
		BackupInstance (0ms)
		ReleaseScriptingObjects (0ms)
		CreateAndSetChildDomain (47ms)
	RebuildCommonClasses (38ms)
	RebuildNativeTypeToScriptingClass (10ms)
	initialDomainReloadingComplete (31ms)
	LoadAllAssembliesAndSetupDomain (315ms)
		LoadAssemblies (389ms)
		RebuildTransferFunctionScriptingTraits (0ms)
		AnalyzeDomain (32ms)
			TypeCache.Refresh (16ms)
				TypeCache.ScanAssembly (0ms)
			ScanForSourceGeneratedMonoScriptInfo (0ms)
			ResolveRequiredComponents (13ms)
	FinalizeReload (1314ms)
		ReleaseScriptCaches (0ms)
		RebuildScriptCaches (0ms)
		SetupLoadedEditorAssemblies (606ms)
			LogAssemblyErrors (0ms)
			InitializePlatformSupportModulesInManaged (6ms)
			SetLoadedEditorAssemblies (3ms)
			RefreshPlugins (0ms)
			BeforeProcessingInitializeOnLoad (80ms)
			ProcessInitializeOnLoadAttributes (433ms)
			ProcessInitializeOnLoadMethodAttributes (73ms)
			AfterProcessingInitializeOnLoad (9ms)
			EditorAssembliesLoaded (0ms)
		ExecutionOrderSort2 (0ms)
		AwakeInstancesAfterBackupRestoration (7ms)
Refreshing native plugins compatible for Editor in 11.10 ms, found 4 plugins.
Preloading 0 native plugins for Editor in 0.00 ms.
Unloading 4364 Unused Serialized files (Serialized files now loaded: 0)
Unloading 17 unused Assets / (331.3 KB). Loaded Objects now: 4954.
Memory consumption went from 151.5 MB to 151.2 MB.
Total: 3.446100 ms (FindLiveObjects: 0.405500 ms CreateObjectMapping: 0.372600 ms MarkObjects: 2.445700 ms  DeleteObjects: 0.221300 ms)

Prepare: number of updated asset objects reloaded= 0
AssetImportParameters requested are different than current active one (requested -> active):
  custom:scripting/monoscript/fileName/AsyncTest.cs: ba7b296f91a53eb12a2f973e4bfe6187 -> 76ce712e1c4d409aac5fa695d71d244a
  custom:scripting/monoscript/fileName/XLuaTest_InvokeLua_ICalcBridge.cs: 30fde9c3feb0b30e098352b4dfeb9cae -> 39dbaec3aa6ccdef5b8e133e5c8d912d
  custom:scripting/monoscript/fileName/UnityEngine_BehaviourWrap.cs: 50be6300a89da29ca17ad67a2589a5ca -> 07f04650a03b829841e9fab9d7740454
  custom:scripting/monoscript/fileName/CoroutineTest.cs: 8ff63a150c08cc9bc1500a6e3305dabe -> b55b07dbd7b0751be4b88111c51a8597
  custom:scripting/monoscript/fileName/UnityEngine_WaitForSecondsWrap.cs: 14ce79597090ca49f32e5242d176e3e0 -> f924ebf1733d94f4d65590a1a94e6531
  custom:scripting/monoscript/fileName/XLuaTest_PeddingWrap.cs: 904ed3ab876976c36018836c17a5f7cd -> 87db0d803af8b6af633a98194cb11698
  custom:scripting/monoscript/fileName/LuaBehaviour.cs: c26b3945b1b2533a373318992b28370d -> 8501f2955baa2ae1e4b9dc9f246b814a
  custom:container-demuxer-ogg: 62fdf1f143b41e24485cea50d1cbac27 -> 
  custom:scripting/monoscript/fileName/ObjectTranslatorPool.cs: 0fcc88f1a2575820f34ed99efa865239 -> c088e49ccc65541c1471becee0155ecc
  custom:scripting/monoscript/fileName/ByFile.cs: 4175f9d405491cf5cd12d69fd7ad338b -> 6f3dfbef5ea17c4620534958e4e26f3b
  custom:scripting/monoscript/fileName/ObjectCasters.cs: 2e05dcad88217340e3469b49cb484a5e -> 0c1ed1f1cf3d518e5e522f4d874c21c2
  custom:scripting/monoscript/fileName/UnityEngine_Vector3Wrap.cs: ce0a23addf1a2b20f8676787382fe6da -> 63f465b9380555daafea25b4176adba5
  custom:scripting/monoscript/fileName/ReImplementInLua.cs: 95b77c9b6059158d95dc9a7ae2d1cdb1 -> ccd60d267132159582621b9635d9b5d9
  custom:scripting/monoscript/fileName/UnityEngine_RayWrap.cs: 1b2ced459e0f7fe10c0b5b9489be6f35 -> 0b84fbe6cabdb1173feb41e835ef3a40
  custom:scripting/monoscript/fileName/HotfixTest.cs: 1c02fcc866280314c2a4f14c6d154faa -> 3960e9f9315d94bf0223f379bfbd4a4a
  custom:scripting/monoscript/fileName/WrapPusher.cs: 3b3bd77f226a0f893aad8e7367a0f06b -> a7d84f614ae4cd3b956f9b8556cfd18e
  custom:scripting/monoscript/fileName/RawObject.cs: b7277126f2de8ab75c184e0ffceaa264 -> e4d66a2fce5b764d8103d4567ed38606
  custom:scripting/monoscript/fileName/Tutorial_DerivedClassWrap.cs: a9f1f1a33e70d4aca6ed43632ef080bc -> 1a8da11bcfc26039296e071510ba3246
  custom:video-decoder-ogg-theora: a1e56fd34408186e4bbccfd4996cb3dc -> 
  custom:scripting/monoscript/fileName/LuaTable.cs: 831d394b03ebb276485eae65adc1ccd5 -> afc244f7b5f5d0300b37ddf3297901ec
  custom:scripting/monoscript/fileName/XLuaTest_Foo2ChildWrap.cs: f25917eb49d7296a35740a2c6a4d40ec -> 30fab5c82eb5f5ffb38a0a6d668c1895
  custom:framework-win-MediaFoundation: 216162199b28c13a410421893ffa2e32 -> 
  custom:scripting/monoscript/fileName/UnityEngine_TimeWrap.cs: 582bbe1acbebc99abd038879d2ce291a -> 5e744018ad83dc4e6b5341356b280ff7
  custom:scripting/monoscript/fileName/ObjectTranslator.cs: 3684f948a56ed5cf93b0514e484d3f48 -> dd3d0b582d45a9b753aab5e6237efeb3
  custom:scripting/monoscript/fileName/UnityEngine_AnimationClipWrap.cs: 35e9dbce44e2400ca249a1b04e238032 -> 77a92debc688d37d0c76ed29e7849dc6
  custom:scripting/monoscript/fileName/UnityEngine_MonoBehaviourWrap.cs: ab88a4de07d1ed4d6902d46f78a9c2a5 -> 04d351bf9d6db68acd2847f2651b2d6b
  custom:scripting/monoscript/fileName/UnityEngine_MathfWrap.cs: b8423f29ae782d824fe5861eb133fe99 -> 333033f071a58c53b030860e1dc36f4e
  custom:scripting/monoscript/fileName/Helloworld.cs: 0111736be64650c2c199ab4f2d2240c1 -> 5df6067a12a0276271ef7e4b2f46b98d
  custom:scripting/monoscript/fileName/HotfixTest2.cs: 8e85738438913476ef9e5c92cd26daad -> e6fb5855d637d49dacea7216888e03f7
  custom:scripting/monoscript/fileName/LinkXmlGen.cs: 91d69328c4b5d0ada19c3766b1b6ad15 -> f26ca07c1d6ecd8bde6b48a50ed6d393
  custom:scripting/monoscript/fileName/XLuaTest_Foo1ChildWrap.cs: 4e50b7c1fc1d91200bd6d308925718b7 -> 1c5e3d8cdf39c119ce22e5be32eae9dd
  custom:scripting/monoscript/fileName/LuaDLL.cs: a461d359c0f868ea297a4d0e0fa0810d -> 61e98a188b5f49dbf1a755838a97959a
  custom:scripting/monoscript/fileName/GenAttributes.cs: eecd24d8570c09b2ce8b7a7a7f2d3d12 -> d46b0cff88dfb044f17f4aed96768af1
  custom:scripting/monoscript/fileName/UnityEngine_ResourcesWrap.cs: 7881eec03c10cac6aed4968059672b77 -> 698ab99237a4262ce7f88356cded464a
  custom:scripting/monoscript/fileName/ExampleConfig.cs: 01010b4aed93329e34ab2c68a0d8c398 -> 96766ead2b0a0269b4571117ad9e65bc
  custom:scripting/monoscript/fileName/CSCallLua.cs: e37f012e62a4c619428574814b983ced -> 9d2ef4b275968bd22a483233fb8b554e
  custom:scripting/monoscript/fileName/Utils.cs: cf685c01caf3a4f894711b47bbf947e6 -> 55f902a32cb309b7a62f1e16aa1d617d
  custom:CustomObjectIndexerAttribute: 9a22284fe3817be447336de3de66b15e -> 
  custom:scripting/monoscript/fileName/LuaEnv.cs: 39b0b6f887cfc0f9d8b8bab4d9210e8f -> 89231863be1481a3b9e862fc4fbe0062
  custom:scripting/monoscript/fileName/EnumWrap.cs: e1678317fb40b1504377930932a65f00 -> 71aaf938165cbdbb0ac6c90ffee86023
  custom:container-demuxer-webm: 4f35f7cbe854078d1ac9338744f61a02 -> 
  custom:scripting/monoscript/fileName/UnityEngine_ParticleSystemWrap.cs: ea70451eecfa9db0287288ead2570a87 -> eee33c4ac5a2b762ef5a90683fe90f0f
  custom:scripting/monoscript/fileName/LuaException.cs: 1ddffcc2e8b89810add964c77207e13b -> c33171da8599ff6293dbea39eed5f2df
  custom:scripting/monoscript/fileName/InvokeLua.cs: 8d1030f275cd4c779c8aadb220460431 -> 7479efa8aadd7aed0020601aa4374477
  custom:scripting/monoscript/fileName/XLuaTest_BaseTestWrap.cs: 07e45de8fa2ee7650261714b0c2efcd8 -> 4f21680da7e23ca573808ca54815d505
  custom:scripting/monoscript/fileName/UnityEngine_BoundsWrap.cs: 0ac99f7c45b4a0aef916e0e5b49238c9 -> 3dd26eeb95bac2de8ce2da585d995261
  custom:scripting/monoscript/fileName/PackUnpack.cs: 7bf1a1e4b9a6d19c982a86f574107fe4 -> 273cbe68a303e04c83210a0d1b0dbfc8
  custom:scripting/monoscript/fileName/UnityEngine_KeyframeWrap.cs: 198c4d7f205e316a3726e83558840a1d -> f022c20884bfebd1cdba5d0a32b69287
  custom:scripting/monoscript/fileName/DelegatesGensBridge.cs: 14979ecd91d982a7d4b63ce8b241a2cb -> 9b33d1c344798966a03eb7d32474259e
  custom:scripting/monoscript/fileName/SignatureLoader.cs: f9b5b4f501bbc4033b1d26e1c53bc27d -> 2543099e1b7f94e78f488961484e5e52
  custom:scripting/monoscript/fileName/Coroutine_Runner.cs: 931214e1a723b03a7a230109c4225361 -> 690ad48fe9500ae79da028936c127982
  custom:container-muxer-webm: aa71ff27fc2769a1b78a27578f13a17b -> 
  custom:scripting/monoscript/fileName/NoGc.cs: 93f5576a58657b60a9c431df8280450e -> 468686911b292518222c0fc5fca7afd3
  custom:scripting/monoscript/fileName/ObjectPool.cs: bd4befac00d17d6ebf9e5f1d7d75cb4c -> 41af867cc123c070dfe6b15d45bb5402
  custom:video-decoder-webm-vp8: 9c59270c3fd7afecdb556c50c9e8de78 -> 
  custom:scripting/monoscript/fileName/XLuaTest_FooWrap.cs: 94d50054e40ab48511cae7fb0b602c9b -> abbeeb9782209030752aecf7c8307085
  custom:scripting/monoscript/fileName/Report.cs: 3c6fcdd086fb055c4c3456a5e0e35198 -> e51741919754948773e5898850c9f663
  custom:scripting/monoscript/fileName/Tutorial_DerivedClassExtensionsWrap.cs: 8d3a8d18ccf52ef11958b45f9012fc25 -> e71c7199b289862c70f81cc97fad9cd1
  custom:scripting/monoscript/fileName/System_Collections_Generic_List_1_System_Int32_Wrap.cs: 17851e7c00326059ae0787338228160b -> 0d81f6d3ce2afe6f735fa61fb6f44318
  custom:scripting/monoscript/fileName/XLuaGenAutoRegister.cs: d853ef44aabfccb80e0b7c076b61770b -> f7d7a1bdecea0875c31215b468d1ea3c
  custom:SearchIndexIgnoredProperties: e643bd26f0fe6173181afceb89e7c659 -> 
  custom:scripting/monoscript/fileName/UnityEngine_ColorWrap.cs: bd8e985ef59408a673873236ce871e73 -> a2199b901d8d68ac06d36f834d48f0de
  custom:AudioImporter_EditorPlatform: d09bf68614088b80899f8185d706f6e7 -> 
  custom:scripting/monoscript/fileName/GenericMethodExample.cs: 71308a9675c9d31b6584afd047da40d6 -> c3c4960d5a8b500e2f93697b37d06ae2
  custom:scripting/monoscript/fileName/TypeExtensions.cs: 68c704b8c6c4fa976b931eabe81ac9ee -> 6ecc1d6c2137d4648cc597a57d0741c7
  custom:scripting/monoscript/fileName/Tutorial_BaseClassWrap.cs: 0cb2af1d083b0b2c5e8cb36d24bfb39c -> 82bd31d966804ddf94755f42eec25c75
  custom:scripting/monoscript/fileName/UnityEngine_Ray2DWrap.cs: 0739f12fd5151febac857f4bf1dfbf4b -> 3948513cbdb210ff5fa49a4b2880e106
  custom:scripting/monoscript/fileName/UnityEngine_ComponentWrap.cs: e27295da2190ed2ebf55b5ac632d7f35 -> 3c3e0b9fedb2878f9f3fac771839136b
  custom:scripting/monoscript/fileName/CustomLoader.cs: 612387837da882e343b6793882f715b4 -> 3c04d951376acd618234995a34635baf
  custom:scripting/monoscript/fileName/BuildFromCLI.cs: a3c0f780c3b3a6e3a59fd5c2a4761ee3 -> ef1665cfd7adbd546e15cd58c9f7c486
  custom:scripting/monoscript/fileName/System_ObjectWrap.cs: c4f7132fadbd7f5f459fdffb106ce8ad -> 9fb5e5ed9e38c23dad1e0232edf0373b
  custom:scripting/monoscript/fileName/XLuaTest_Foo1ParentWrap.cs: 4d06c6c313846bbd2659cf013bd8c081 -> bc3faaa30d66f1a9334279476c37b2a8
  custom:scripting/monoscript/fileName/StatefullTest.cs: ac9082cda8d79beb987af6f68f5d30cd -> 5d22c8326914d95b29e418e9d014cf15
  custom:scripting/monoscript/fileName/InternalGlobals.cs: c7a0f72bef146ff41c15b3b535d6bdf9 -> 009e626d008ed11807341f4cf6fb3a9c
  custom:scripting/monoscript/fileName/XLuaTest_FooExtensionWrap.cs: 0cf66dd4ab170a1f2008f8b97f4f2106 -> 778d9d5cc8332e1d0739618b88aa2bb9
  custom:scripting/monoscript/fileName/DelegateBridge.cs: 59e13ad21dfacf0ee52e76776a9542b7 -> 4daef522f87298a8262553f6fd5bf8f2
  custom:scripting/monoscript/fileName/Foo.cs: b60484b40971b80860ed72eb65234dc1 -> f1cbde57f1c636c66a444cf720c99995
  custom:scripting/monoscript/fileName/UnityEngine_QuaternionWrap.cs: d7776a0aea79cbcec5ba2c36565a1173 -> 2be38f3d0f8715c9babd38533b7cc2f6
  custom:scripting/monoscript/fileName/ExampleGenConfig.cs: 402439a475ab0614d6514789dc967063 -> 2d21554d83bd53efca28765b954d65c7
  custom:scripting/monoscript/fileName/TemplateRef.cs: 894e64faa8518e7345655e4a3a343abf -> e57f72b6ec3c4672428b8339ce53c07a
  custom:scripting/monoscript/fileName/ByString.cs: 83f4bb3773b202a1550c80bc6c09d1a8 -> 71ac2dce49068f904e2150c45e200cdb
  custom:scripting/monoscript/fileName/UnityEngine_AnimationCurveWrap.cs: f2332648b2113d579022f7ac44ddf1a2 -> a1b4a7dab75f49fff03082ff025e4e5e
  custom:scripting/monoscript/fileName/XLuaTest_IExchangerBridge.cs: dbb2be54f36a2496a4425e7ceb90b9b9 -> a1b04ba231b7210d75c48779fb061387
  custom:scripting/monoscript/fileName/LuaBase.cs: fd57dc59c72dd7c1f0204d91abf1345d -> f0e74d4e175e23617aebee3a1fbf3735
  custom:scripting/monoscript/fileName/UnityEngine_LightWrap.cs: d3e76313bbab2d6f78618d0a96177993 -> afdccdb78964e15816bd84ff574e1d72
  custom:scripting/monoscript/fileName/System_Collections_IEnumeratorBridge.cs: e58d0dcf0aa39125fd572da9408c5a63 -> a6b8b2b6997973169c6bebc4e00197c3
  custom:scripting/monoscript/fileName/GenericDelegateBridge.cs: 14979ecd91d982a7d4b63ce8b241a2cb -> 9b33d1c344798966a03eb7d32474259e
  custom:video-encoder-webm-vp8: eb34c28f22e8b96e1ab97ce403110664 -> 
  custom:scripting/monoscript/fileName/LuaCallCs.cs: d69c2b3b74160f3f6c507a63e395d1b8 -> 80d51efbfa90ec9a93bf6c4f217fae70
  custom:scripting/monoscript/fileName/XLuaTest_Foo2ParentWrap.cs: 3cfc8bf6cad7ab5669e86f82da9efffc -> e55fdaf088679107b1602d0f4f018827
  custom:scripting/monoscript/fileName/Tutorial_CSCallLua_ItfDBridge.cs: d05148e45525d393370f3ca919d4cdc0 -> 4e0a8d0795850c18cf92cbc673dc6199
  custom:scripting/monoscript/fileName/UnityEngine_Vector2Wrap.cs: dfd1be4a9f736e54a226859ba85dbc30 -> d8bd11c5df83747314d76d2e1152a25a
  custom:audio-decoder-ogg-vorbis: bf7c407c2cedff20999df2af8eb42d56 -> 
  custom:scripting/monoscript/fileName/UnityEngine_GameObjectWrap.cs: c4cddad80b77cae4a3f64483d25e1457 -> 499beb086fe32ba82bd6b30d04f108ea
  custom:scripting/monoscript/fileName/XLuaTest_NoGcWrap.cs: 7c2153fc9ca9cd0a3cc8b2d8a5de2fcd -> b8ab725f3034c7583c772afc97e73cfe
  custom:scripting/monoscript/fileName/UnityEngine_DebugWrap.cs: a14c41c7fbd7dec62bec687de4c6fe27 -> 2a23054f13a8c643d838dbc57d787e1a
  custom:scripting/monoscript/fileName/TemplateEngine.cs: d4247539e36868281066dc2ffa847cbd -> 196c6eecd2e70276dab2c9a7b0cf2d59
  custom:scripting/monoscript/fileName/UnityEngine_SkinnedMeshRendererWrap.cs: 9ad169117eb1ff375ebe298216e6901c -> e6c3bb62aa80867a3afe5dcbb6224761
  custom:scripting/monoscript/fileName/CopyByValue.cs: 7bf1a1e4b9a6d19c982a86f574107fe4 -> 273cbe68a303e04c83210a0d1b0dbfc8
  custom:scripting/monoscript/fileName/Generator.cs: 5c2a3602a0cfb4641043518ccc18ad89 -> e11eefc36c86800da100cf1a4789c73c
  custom:scripting/monoscript/fileName/SignatureLoaderTest.cs: 37ed863ad0370c096ad98942100ce390 -> 8c9bdabb3430d1beabc1824b7aff6019
  custom:scripting/monoscript/fileName/HotfixTestCfg.cs: 7d41c7a61129380f568a08461036f7c3 -> a7321a5cbaeb2b6b22c71e624ff03625
  custom:scripting/monoscript/fileName/MessageBox.cs: 17d47f136e1a2eb08b8ca17667071821 -> febd8bda4c1c594acb6f720026ed3aee
  custom:scripting/monoscript/fileName/UnityEngine_TextAssetWrap.cs: a895654ec821ef871bab45f0bf4ab1bf -> 96eae3d139831963806db363328bfefe
  custom:scripting/monoscript/fileName/XLuaUnityDefaultConfig.cs: 847f92567dd164ad0f0a1c4536b7e6e7 -> 12ee8270b5ca2ec2875a29a6c838143c
  custom:scripting/monoscript/fileName/UnityEngine_TransformWrap.cs: 1ec7fdf0df78c54383c54d4890267885 -> 50d916bbc9cc3aa204547c1dbcf1b841
  custom:scripting/monoscript/fileName/UnityEngine_RendererWrap.cs: f2bb488dcafa31d4d1829db70de7e3de -> e28d66316639c5d4634a4f4176885c0f
  custom:scripting/monoscript/fileName/LuaFunction.cs: 6bea6a53e0ef7f4c19887edd95529fba -> 9f9e88fec2de37a51bb5cc9b6b08d6b9
  custom:audio-encoder-webm-vorbis: bf7c407c2cedff20999df2af8eb42d56 -> 
  custom:scripting/monoscript/fileName/XLuaTest_LuaBehaviourWrap.cs: eb21b90bdd58645712610184d1a6b02e -> 8a24807dde2ec4b5434d8876b84591df
  custom:scripting/monoscript/fileName/UnityEngine_Vector4Wrap.cs: 4736b1d9605ba5be814644e3bcc9e928 -> e876ed87f63c3dc401e686c851325f69
  custom:scripting/precompiled-assembly-types:Assembly-CSharp-Editor: 8329d2703a1fb80f61cc70ee984418c3 -> f3104d4e56e8a73f04df252396e09d4f
  custom:scripting/monoscript/fileName/XLuaTest_MyStructWrap.cs: 55519c14d8f95433c1b6e262daa1d322 -> bcfe0251bd793e1e64a466467ef9f39d
  custom:scripting/monoscript/fileName/StaticLuaCallbacks.cs: 806d4721af6e97ac563013320c7b3d7a -> 9d25aed2b0bb83738cfec7ef5ea55802
  custom:scripting/monoscript/fileName/UnityEngine_ObjectWrap.cs: acbfc6ebce3660b3cec600cb246312ee -> d239f04268fb712161f840d533347443
  custom:scripting/monoscript/fileName/RawObjectTest.cs: c3d9c6b1a141374366b8d8ccf99991a4 -> af9e06db1e13155c5410c0aa29232eac
  custom:scripting/monoscript/fileName/MethodWarpsCache.cs: a0fd87c86e3eda41e7890d27658be598 -> 182591812fc1e7cc805d3eb126c7629a
  custom:scripting/precompiled-assembly-types:Assembly-CSharp: 99b328417248fea24142d71679fac050 -> 6d2cbbca728bbcc514a1a97e862a8e21
  custom:scripting/monoscript/fileName/Tutorial_ICalcWrap.cs: 9802804745e09aa6d92fbca1a46de55a -> 03d02c9cf202af74271e6b9339f2aa97
========================================================================
Received Prepare
Caller must complete domain reload
Begin MonoManager ReloadAssembly
- Loaded All Assemblies, in  0.568 seconds
Native extension for WindowsStandalone target not found
Mono: successfully reloaded assembly
- Finished resetting the current domain, in  1.369 seconds
Domain Reload Profiling: 1934ms
	BeginReloadAssembly (184ms)
		ExecutionOrderSort (0ms)
		DisableScriptedObjects (4ms)
		BackupInstance (0ms)
		ReleaseScriptingObjects (0ms)
		CreateAndSetChildDomain (40ms)
	RebuildCommonClasses (42ms)
	RebuildNativeTypeToScriptingClass (13ms)
	initialDomainReloadingComplete (36ms)
	LoadAllAssembliesAndSetupDomain (291ms)
		LoadAssemblies (362ms)
		RebuildTransferFunctionScriptingTraits (0ms)
		AnalyzeDomain (31ms)
			TypeCache.Refresh (18ms)
				TypeCache.ScanAssembly (0ms)
			ScanForSourceGeneratedMonoScriptInfo (0ms)
			ResolveRequiredComponents (8ms)
	FinalizeReload (1369ms)
		ReleaseScriptCaches (0ms)
		RebuildScriptCaches (0ms)
		SetupLoadedEditorAssemblies (629ms)
			LogAssemblyErrors (0ms)
			InitializePlatformSupportModulesInManaged (7ms)
			SetLoadedEditorAssemblies (5ms)
			RefreshPlugins (0ms)
			BeforeProcessingInitializeOnLoad (93ms)
			ProcessInitializeOnLoadAttributes (431ms)
			ProcessInitializeOnLoadMethodAttributes (82ms)
			AfterProcessingInitializeOnLoad (11ms)
			EditorAssembliesLoaded (1ms)
		ExecutionOrderSort2 (0ms)
		AwakeInstancesAfterBackupRestoration (9ms)
Refreshing native plugins compatible for Editor in 12.31 ms, found 4 plugins.
Preloading 0 native plugins for Editor in 0.00 ms.
Unloading 4364 Unused Serialized files (Serialized files now loaded: 0)
Unloading 17 unused Assets / (331.7 KB). Loaded Objects now: 4957.
Memory consumption went from 151.5 MB to 151.2 MB.
Total: 3.884700 ms (FindLiveObjects: 0.438200 ms CreateObjectMapping: 0.338000 ms MarkObjects: 2.937100 ms  DeleteObjects: 0.170400 ms)

Prepare: number of updated asset objects reloaded= 0
AssetImportParameters requested are different than current active one (requested -> active):
  custom:scripting/monoscript/fileName/AsyncTest.cs: ba7b296f91a53eb12a2f973e4bfe6187 -> 76ce712e1c4d409aac5fa695d71d244a
  custom:scripting/monoscript/fileName/XLuaTest_InvokeLua_ICalcBridge.cs: 30fde9c3feb0b30e098352b4dfeb9cae -> 39dbaec3aa6ccdef5b8e133e5c8d912d
  custom:scripting/monoscript/fileName/UnityEngine_BehaviourWrap.cs: 50be6300a89da29ca17ad67a2589a5ca -> 07f04650a03b829841e9fab9d7740454
  custom:scripting/monoscript/fileName/CoroutineTest.cs: 8ff63a150c08cc9bc1500a6e3305dabe -> b55b07dbd7b0751be4b88111c51a8597
  custom:scripting/monoscript/fileName/UnityEngine_WaitForSecondsWrap.cs: 14ce79597090ca49f32e5242d176e3e0 -> f924ebf1733d94f4d65590a1a94e6531
  custom:scripting/monoscript/fileName/XLuaTest_PeddingWrap.cs: 904ed3ab876976c36018836c17a5f7cd -> 87db0d803af8b6af633a98194cb11698
  custom:scripting/monoscript/fileName/LuaBehaviour.cs: c26b3945b1b2533a373318992b28370d -> 8501f2955baa2ae1e4b9dc9f246b814a
  custom:container-demuxer-ogg: 62fdf1f143b41e24485cea50d1cbac27 -> 
  custom:scripting/monoscript/fileName/ObjectTranslatorPool.cs: 0fcc88f1a2575820f34ed99efa865239 -> c088e49ccc65541c1471becee0155ecc
  custom:scripting/monoscript/fileName/ByFile.cs: 4175f9d405491cf5cd12d69fd7ad338b -> 6f3dfbef5ea17c4620534958e4e26f3b
  custom:scripting/monoscript/fileName/ObjectCasters.cs: 2e05dcad88217340e3469b49cb484a5e -> 0c1ed1f1cf3d518e5e522f4d874c21c2
  custom:scripting/monoscript/fileName/UnityEngine_Vector3Wrap.cs: ce0a23addf1a2b20f8676787382fe6da -> 63f465b9380555daafea25b4176adba5
  custom:scripting/monoscript/fileName/ReImplementInLua.cs: 95b77c9b6059158d95dc9a7ae2d1cdb1 -> ccd60d267132159582621b9635d9b5d9
  custom:scripting/monoscript/fileName/UnityEngine_RayWrap.cs: 1b2ced459e0f7fe10c0b5b9489be6f35 -> 0b84fbe6cabdb1173feb41e835ef3a40
  custom:scripting/monoscript/fileName/HotfixTest.cs: 1c02fcc866280314c2a4f14c6d154faa -> 3960e9f9315d94bf0223f379bfbd4a4a
  custom:scripting/monoscript/fileName/WrapPusher.cs: 3b3bd77f226a0f893aad8e7367a0f06b -> a7d84f614ae4cd3b956f9b8556cfd18e
  custom:scripting/monoscript/fileName/RawObject.cs: b7277126f2de8ab75c184e0ffceaa264 -> e4d66a2fce5b764d8103d4567ed38606
  custom:scripting/monoscript/fileName/Tutorial_DerivedClassWrap.cs: a9f1f1a33e70d4aca6ed43632ef080bc -> 1a8da11bcfc26039296e071510ba3246
  custom:video-decoder-ogg-theora: a1e56fd34408186e4bbccfd4996cb3dc -> 
  custom:scripting/monoscript/fileName/LuaTable.cs: 831d394b03ebb276485eae65adc1ccd5 -> afc244f7b5f5d0300b37ddf3297901ec
  custom:scripting/monoscript/fileName/XLuaTest_Foo2ChildWrap.cs: f25917eb49d7296a35740a2c6a4d40ec -> 30fab5c82eb5f5ffb38a0a6d668c1895
  custom:framework-win-MediaFoundation: 216162199b28c13a410421893ffa2e32 -> 
  custom:scripting/monoscript/fileName/UnityEngine_TimeWrap.cs: 582bbe1acbebc99abd038879d2ce291a -> 5e744018ad83dc4e6b5341356b280ff7
  custom:scripting/monoscript/fileName/ObjectTranslator.cs: 3684f948a56ed5cf93b0514e484d3f48 -> dd3d0b582d45a9b753aab5e6237efeb3
  custom:scripting/monoscript/fileName/UnityEngine_AnimationClipWrap.cs: 35e9dbce44e2400ca249a1b04e238032 -> 77a92debc688d37d0c76ed29e7849dc6
  custom:scripting/monoscript/fileName/UnityEngine_MonoBehaviourWrap.cs: ab88a4de07d1ed4d6902d46f78a9c2a5 -> 04d351bf9d6db68acd2847f2651b2d6b
  custom:scripting/monoscript/fileName/UnityEngine_MathfWrap.cs: b8423f29ae782d824fe5861eb133fe99 -> 333033f071a58c53b030860e1dc36f4e
  custom:scripting/monoscript/fileName/Helloworld.cs: 0111736be64650c2c199ab4f2d2240c1 -> 5df6067a12a0276271ef7e4b2f46b98d
  custom:scripting/monoscript/fileName/HotfixTest2.cs: 8e85738438913476ef9e5c92cd26daad -> e6fb5855d637d49dacea7216888e03f7
  custom:scripting/monoscript/fileName/LinkXmlGen.cs: 91d69328c4b5d0ada19c3766b1b6ad15 -> f26ca07c1d6ecd8bde6b48a50ed6d393
  custom:scripting/monoscript/fileName/XLuaTest_Foo1ChildWrap.cs: 4e50b7c1fc1d91200bd6d308925718b7 -> 1c5e3d8cdf39c119ce22e5be32eae9dd
  custom:scripting/monoscript/fileName/LuaDLL.cs: a461d359c0f868ea297a4d0e0fa0810d -> 61e98a188b5f49dbf1a755838a97959a
  custom:scripting/monoscript/fileName/GenAttributes.cs: eecd24d8570c09b2ce8b7a7a7f2d3d12 -> d46b0cff88dfb044f17f4aed96768af1
  custom:scripting/monoscript/fileName/UnityEngine_ResourcesWrap.cs: 7881eec03c10cac6aed4968059672b77 -> 698ab99237a4262ce7f88356cded464a
  custom:scripting/monoscript/fileName/ExampleConfig.cs: 01010b4aed93329e34ab2c68a0d8c398 -> 96766ead2b0a0269b4571117ad9e65bc
  custom:scripting/monoscript/fileName/CSCallLua.cs: e37f012e62a4c619428574814b983ced -> 9d2ef4b275968bd22a483233fb8b554e
  custom:scripting/monoscript/fileName/Utils.cs: cf685c01caf3a4f894711b47bbf947e6 -> 55f902a32cb309b7a62f1e16aa1d617d
  custom:CustomObjectIndexerAttribute: 9a22284fe3817be447336de3de66b15e -> 
  custom:scripting/monoscript/fileName/LuaEnv.cs: 39b0b6f887cfc0f9d8b8bab4d9210e8f -> 89231863be1481a3b9e862fc4fbe0062
  custom:scripting/monoscript/fileName/EnumWrap.cs: e1678317fb40b1504377930932a65f00 -> 71aaf938165cbdbb0ac6c90ffee86023
  custom:container-demuxer-webm: 4f35f7cbe854078d1ac9338744f61a02 -> 
  custom:scripting/monoscript/fileName/UnityEngine_ParticleSystemWrap.cs: ea70451eecfa9db0287288ead2570a87 -> eee33c4ac5a2b762ef5a90683fe90f0f
  custom:scripting/monoscript/fileName/LuaException.cs: 1ddffcc2e8b89810add964c77207e13b -> c33171da8599ff6293dbea39eed5f2df
  custom:scripting/monoscript/fileName/InvokeLua.cs: 8d1030f275cd4c779c8aadb220460431 -> 7479efa8aadd7aed0020601aa4374477
  custom:scripting/monoscript/fileName/XLuaTest_BaseTestWrap.cs: 07e45de8fa2ee7650261714b0c2efcd8 -> 4f21680da7e23ca573808ca54815d505
  custom:scripting/monoscript/fileName/UnityEngine_BoundsWrap.cs: 0ac99f7c45b4a0aef916e0e5b49238c9 -> 3dd26eeb95bac2de8ce2da585d995261
  custom:scripting/monoscript/fileName/PackUnpack.cs: 7bf1a1e4b9a6d19c982a86f574107fe4 -> 273cbe68a303e04c83210a0d1b0dbfc8
  custom:scripting/monoscript/fileName/UnityEngine_KeyframeWrap.cs: 198c4d7f205e316a3726e83558840a1d -> f022c20884bfebd1cdba5d0a32b69287
  custom:scripting/monoscript/fileName/DelegatesGensBridge.cs: 14979ecd91d982a7d4b63ce8b241a2cb -> 9b33d1c344798966a03eb7d32474259e
  custom:scripting/monoscript/fileName/SignatureLoader.cs: f9b5b4f501bbc4033b1d26e1c53bc27d -> 2543099e1b7f94e78f488961484e5e52
  custom:scripting/monoscript/fileName/Coroutine_Runner.cs: 931214e1a723b03a7a230109c4225361 -> 690ad48fe9500ae79da028936c127982
  custom:container-muxer-webm: aa71ff27fc2769a1b78a27578f13a17b -> 
  custom:scripting/monoscript/fileName/NoGc.cs: 93f5576a58657b60a9c431df8280450e -> 468686911b292518222c0fc5fca7afd3
  custom:scripting/monoscript/fileName/ObjectPool.cs: bd4befac00d17d6ebf9e5f1d7d75cb4c -> 41af867cc123c070dfe6b15d45bb5402
  custom:video-decoder-webm-vp8: 9c59270c3fd7afecdb556c50c9e8de78 -> 
  custom:scripting/monoscript/fileName/XLuaTest_FooWrap.cs: 94d50054e40ab48511cae7fb0b602c9b -> abbeeb9782209030752aecf7c8307085
  custom:scripting/monoscript/fileName/Report.cs: 3c6fcdd086fb055c4c3456a5e0e35198 -> e51741919754948773e5898850c9f663
  custom:scripting/monoscript/fileName/Tutorial_DerivedClassExtensionsWrap.cs: 8d3a8d18ccf52ef11958b45f9012fc25 -> e71c7199b289862c70f81cc97fad9cd1
  custom:scripting/monoscript/fileName/System_Collections_Generic_List_1_System_Int32_Wrap.cs: 17851e7c00326059ae0787338228160b -> 0d81f6d3ce2afe6f735fa61fb6f44318
  custom:scripting/monoscript/fileName/XLuaGenAutoRegister.cs: d853ef44aabfccb80e0b7c076b61770b -> f7d7a1bdecea0875c31215b468d1ea3c
  custom:SearchIndexIgnoredProperties: e643bd26f0fe6173181afceb89e7c659 -> 
  custom:scripting/monoscript/fileName/UnityEngine_ColorWrap.cs: bd8e985ef59408a673873236ce871e73 -> a2199b901d8d68ac06d36f834d48f0de
  custom:AudioImporter_EditorPlatform: d09bf68614088b80899f8185d706f6e7 -> 
  custom:scripting/monoscript/fileName/GenericMethodExample.cs: 71308a9675c9d31b6584afd047da40d6 -> c3c4960d5a8b500e2f93697b37d06ae2
  custom:scripting/monoscript/fileName/TypeExtensions.cs: 68c704b8c6c4fa976b931eabe81ac9ee -> 6ecc1d6c2137d4648cc597a57d0741c7
  custom:scripting/monoscript/fileName/Tutorial_BaseClassWrap.cs: 0cb2af1d083b0b2c5e8cb36d24bfb39c -> 82bd31d966804ddf94755f42eec25c75
  custom:scripting/monoscript/fileName/UnityEngine_Ray2DWrap.cs: 0739f12fd5151febac857f4bf1dfbf4b -> 3948513cbdb210ff5fa49a4b2880e106
  custom:scripting/monoscript/fileName/UnityEngine_ComponentWrap.cs: e27295da2190ed2ebf55b5ac632d7f35 -> 3c3e0b9fedb2878f9f3fac771839136b
  custom:scripting/monoscript/fileName/CustomLoader.cs: 612387837da882e343b6793882f715b4 -> 3c04d951376acd618234995a34635baf
  custom:scripting/monoscript/fileName/BuildFromCLI.cs: a3c0f780c3b3a6e3a59fd5c2a4761ee3 -> ef1665cfd7adbd546e15cd58c9f7c486
  custom:scripting/monoscript/fileName/System_ObjectWrap.cs: c4f7132fadbd7f5f459fdffb106ce8ad -> 9fb5e5ed9e38c23dad1e0232edf0373b
  custom:scripting/monoscript/fileName/XLuaTest_Foo1ParentWrap.cs: 4d06c6c313846bbd2659cf013bd8c081 -> bc3faaa30d66f1a9334279476c37b2a8
  custom:scripting/monoscript/fileName/StatefullTest.cs: ac9082cda8d79beb987af6f68f5d30cd -> 5d22c8326914d95b29e418e9d014cf15
  custom:scripting/monoscript/fileName/InternalGlobals.cs: c7a0f72bef146ff41c15b3b535d6bdf9 -> 009e626d008ed11807341f4cf6fb3a9c
  custom:scripting/monoscript/fileName/XLuaTest_FooExtensionWrap.cs: 0cf66dd4ab170a1f2008f8b97f4f2106 -> 778d9d5cc8332e1d0739618b88aa2bb9
  custom:scripting/monoscript/fileName/DelegateBridge.cs: 59e13ad21dfacf0ee52e76776a9542b7 -> 4daef522f87298a8262553f6fd5bf8f2
  custom:scripting/monoscript/fileName/Foo.cs: b60484b40971b80860ed72eb65234dc1 -> f1cbde57f1c636c66a444cf720c99995
  custom:scripting/monoscript/fileName/UnityEngine_QuaternionWrap.cs: d7776a0aea79cbcec5ba2c36565a1173 -> 2be38f3d0f8715c9babd38533b7cc2f6
  custom:scripting/monoscript/fileName/ExampleGenConfig.cs: 402439a475ab0614d6514789dc967063 -> 2d21554d83bd53efca28765b954d65c7
  custom:scripting/monoscript/fileName/TemplateRef.cs: 894e64faa8518e7345655e4a3a343abf -> e57f72b6ec3c4672428b8339ce53c07a
  custom:scripting/monoscript/fileName/ByString.cs: 83f4bb3773b202a1550c80bc6c09d1a8 -> 71ac2dce49068f904e2150c45e200cdb
  custom:scripting/monoscript/fileName/UnityEngine_AnimationCurveWrap.cs: f2332648b2113d579022f7ac44ddf1a2 -> a1b4a7dab75f49fff03082ff025e4e5e
  custom:scripting/monoscript/fileName/XLuaTest_IExchangerBridge.cs: dbb2be54f36a2496a4425e7ceb90b9b9 -> a1b04ba231b7210d75c48779fb061387
  custom:scripting/monoscript/fileName/LuaBase.cs: fd57dc59c72dd7c1f0204d91abf1345d -> f0e74d4e175e23617aebee3a1fbf3735
  custom:scripting/monoscript/fileName/UnityEngine_LightWrap.cs: d3e76313bbab2d6f78618d0a96177993 -> afdccdb78964e15816bd84ff574e1d72
  custom:scripting/monoscript/fileName/System_Collections_IEnumeratorBridge.cs: e58d0dcf0aa39125fd572da9408c5a63 -> a6b8b2b6997973169c6bebc4e00197c3
  custom:scripting/monoscript/fileName/GenericDelegateBridge.cs: 14979ecd91d982a7d4b63ce8b241a2cb -> 9b33d1c344798966a03eb7d32474259e
  custom:video-encoder-webm-vp8: eb34c28f22e8b96e1ab97ce403110664 -> 
  custom:scripting/monoscript/fileName/LuaCallCs.cs: d69c2b3b74160f3f6c507a63e395d1b8 -> 80d51efbfa90ec9a93bf6c4f217fae70
  custom:scripting/monoscript/fileName/XLuaTest_Foo2ParentWrap.cs: 3cfc8bf6cad7ab5669e86f82da9efffc -> e55fdaf088679107b1602d0f4f018827
  custom:scripting/monoscript/fileName/Tutorial_CSCallLua_ItfDBridge.cs: d05148e45525d393370f3ca919d4cdc0 -> 4e0a8d0795850c18cf92cbc673dc6199
  custom:scripting/monoscript/fileName/UnityEngine_Vector2Wrap.cs: dfd1be4a9f736e54a226859ba85dbc30 -> d8bd11c5df83747314d76d2e1152a25a
  custom:audio-decoder-ogg-vorbis: bf7c407c2cedff20999df2af8eb42d56 -> 
  custom:scripting/monoscript/fileName/UnityEngine_GameObjectWrap.cs: c4cddad80b77cae4a3f64483d25e1457 -> 499beb086fe32ba82bd6b30d04f108ea
  custom:scripting/monoscript/fileName/XLuaTest_NoGcWrap.cs: 7c2153fc9ca9cd0a3cc8b2d8a5de2fcd -> b8ab725f3034c7583c772afc97e73cfe
  custom:scripting/monoscript/fileName/UnityEngine_DebugWrap.cs: a14c41c7fbd7dec62bec687de4c6fe27 -> 2a23054f13a8c643d838dbc57d787e1a
  custom:scripting/monoscript/fileName/TemplateEngine.cs: d4247539e36868281066dc2ffa847cbd -> 196c6eecd2e70276dab2c9a7b0cf2d59
  custom:scripting/monoscript/fileName/UnityEngine_SkinnedMeshRendererWrap.cs: 9ad169117eb1ff375ebe298216e6901c -> e6c3bb62aa80867a3afe5dcbb6224761
  custom:scripting/monoscript/fileName/CopyByValue.cs: 7bf1a1e4b9a6d19c982a86f574107fe4 -> 273cbe68a303e04c83210a0d1b0dbfc8
  custom:scripting/monoscript/fileName/Generator.cs: 5c2a3602a0cfb4641043518ccc18ad89 -> e11eefc36c86800da100cf1a4789c73c
  custom:scripting/monoscript/fileName/SignatureLoaderTest.cs: 37ed863ad0370c096ad98942100ce390 -> 8c9bdabb3430d1beabc1824b7aff6019
  custom:scripting/monoscript/fileName/HotfixTestCfg.cs: 7d41c7a61129380f568a08461036f7c3 -> a7321a5cbaeb2b6b22c71e624ff03625
  custom:scripting/monoscript/fileName/MessageBox.cs: 17d47f136e1a2eb08b8ca17667071821 -> febd8bda4c1c594acb6f720026ed3aee
  custom:scripting/monoscript/fileName/UnityEngine_TextAssetWrap.cs: a895654ec821ef871bab45f0bf4ab1bf -> 96eae3d139831963806db363328bfefe
  custom:scripting/monoscript/fileName/XLuaUnityDefaultConfig.cs: 847f92567dd164ad0f0a1c4536b7e6e7 -> 12ee8270b5ca2ec2875a29a6c838143c
  custom:scripting/monoscript/fileName/UnityEngine_TransformWrap.cs: 1ec7fdf0df78c54383c54d4890267885 -> 50d916bbc9cc3aa204547c1dbcf1b841
  custom:scripting/monoscript/fileName/UnityEngine_RendererWrap.cs: f2bb488dcafa31d4d1829db70de7e3de -> e28d66316639c5d4634a4f4176885c0f
  custom:scripting/monoscript/fileName/LuaFunction.cs: 6bea6a53e0ef7f4c19887edd95529fba -> 9f9e88fec2de37a51bb5cc9b6b08d6b9
  custom:audio-encoder-webm-vorbis: bf7c407c2cedff20999df2af8eb42d56 -> 
  custom:scripting/monoscript/fileName/XLuaTest_LuaBehaviourWrap.cs: eb21b90bdd58645712610184d1a6b02e -> 8a24807dde2ec4b5434d8876b84591df
  custom:scripting/monoscript/fileName/UnityEngine_Vector4Wrap.cs: 4736b1d9605ba5be814644e3bcc9e928 -> e876ed87f63c3dc401e686c851325f69
  custom:scripting/precompiled-assembly-types:Assembly-CSharp-Editor: 8329d2703a1fb80f61cc70ee984418c3 -> f3104d4e56e8a73f04df252396e09d4f
  custom:scripting/monoscript/fileName/XLuaTest_MyStructWrap.cs: 55519c14d8f95433c1b6e262daa1d322 -> bcfe0251bd793e1e64a466467ef9f39d
  custom:scripting/monoscript/fileName/StaticLuaCallbacks.cs: 806d4721af6e97ac563013320c7b3d7a -> 9d25aed2b0bb83738cfec7ef5ea55802
  custom:scripting/monoscript/fileName/UnityEngine_ObjectWrap.cs: acbfc6ebce3660b3cec600cb246312ee -> d239f04268fb712161f840d533347443
  custom:scripting/monoscript/fileName/RawObjectTest.cs: c3d9c6b1a141374366b8d8ccf99991a4 -> af9e06db1e13155c5410c0aa29232eac
  custom:scripting/monoscript/fileName/MethodWarpsCache.cs: a0fd87c86e3eda41e7890d27658be598 -> 182591812fc1e7cc805d3eb126c7629a
  custom:scripting/precompiled-assembly-types:Assembly-CSharp: 99b328417248fea24142d71679fac050 -> 6d2cbbca728bbcc514a1a97e862a8e21
  custom:scripting/monoscript/fileName/Tutorial_ICalcWrap.cs: 9802804745e09aa6d92fbca1a46de55a -> 03d02c9cf202af74271e6b9339f2aa97
