Using pre-set license
Built from '2022.3/china_unity/release' branch; Version is '2022.3.51f1c1 (e9648b0586b8) revision 15295627'; Using compiler version '192829333'; Build Type 'Release'
OS: 'Windows 10  (10.0.19045) 64bit Professional' Language: 'zh' Physical Memory: 16304 MB
BatchMode: 1, IsHumanControllingUs: 0, StartBugReporterOnCrash: 0, Is64bit: 1, IsPro: 1

COMMAND LINE ARGUMENTS:
D:\Program Files\Unity\Hub\editor\2022.3.51f1c1\Editor\Unity.exe
-adb2
-batchMode
-noUpm
-name
AssetImportWorker1
-projectPath
D:/unity project/My project
-logFile
Logs/AssetImportWorker1.log
-srvPort
56514
Successfully changed project path to: D:/unity project/My project
D:/unity project/My project
[UnityMemory] Configuration Parameters - Can be set up in boot.config
    "memorysetup-bucket-allocator-granularity=16"
    "memorysetup-bucket-allocator-bucket-count=8"
    "memorysetup-bucket-allocator-block-size=33554432"
    "memorysetup-bucket-allocator-block-count=8"
    "memorysetup-main-allocator-block-size=16777216"
    "memorysetup-thread-allocator-block-size=16777216"
    "memorysetup-gfx-main-allocator-block-size=16777216"
    "memorysetup-gfx-thread-allocator-block-size=16777216"
    "memorysetup-cache-allocator-block-size=4194304"
    "memorysetup-typetree-allocator-block-size=2097152"
    "memorysetup-profiler-bucket-allocator-granularity=16"
    "memorysetup-profiler-bucket-allocator-bucket-count=8"
    "memorysetup-profiler-bucket-allocator-block-size=33554432"
    "memorysetup-profiler-bucket-allocator-block-count=8"
    "memorysetup-profiler-allocator-block-size=16777216"
    "memorysetup-profiler-editor-allocator-block-size=1048576"
    "memorysetup-temp-allocator-size-main=16777216"
    "memorysetup-job-temp-allocator-block-size=2097152"
    "memorysetup-job-temp-allocator-block-size-background=1048576"
    "memorysetup-job-temp-allocator-reduction-small-platforms=262144"
    "memorysetup-allocator-temp-initial-block-size-main=262144"
    "memorysetup-allocator-temp-initial-block-size-worker=262144"
    "memorysetup-temp-allocator-size-background-worker=32768"
    "memorysetup-temp-allocator-size-job-worker=262144"
    "memorysetup-temp-allocator-size-preload-manager=33554432"
    "memorysetup-temp-allocator-size-nav-mesh-worker=65536"
    "memorysetup-temp-allocator-size-audio-worker=65536"
    "memorysetup-temp-allocator-size-cloud-worker=32768"
    "memorysetup-temp-allocator-size-gi-baking-worker=262144"
    "memorysetup-temp-allocator-size-gfx=262144"
Player connection [28648]  Target information:

Player connection [28648]  * "[IP] 10.10.12.208 [Port] 0 [Flags] 2 [Guid] 3599015649 [EditorId] 3599015649 [Version] 1048832 [Id] WindowsEditor(7,DESKTOP-9TU8STH) [Debug] 1 [PackageName] WindowsEditor [ProjectName] Editor" 

Player connection [28648] Host joined multi-casting on [225.0.0.222:54997]...
Player connection [28648] Host joined alternative multi-casting on [225.0.0.222:34997]...
[PhysX] Initialized MultithreadedTaskDispatcher with 16 workers.
Refreshing native plugins compatible for Editor in 24.00 ms, found 4 plugins.
Preloading 0 native plugins for Editor in 0.00 ms.
Initialize engine version: 2022.3.51f1c1 (e9648b0586b8)
[Subsystems] Discovering subsystems at path D:/Program Files/Unity/Hub/editor/2022.3.51f1c1/Editor/Data/Resources/UnitySubsystems
[Subsystems] Discovering subsystems at path D:/unity project/My project/Assets
GfxDevice: creating device client; threaded=0; jobified=0
Direct3D:
    Version:  Direct3D 11.0 [level 11.1]
    Renderer: NVIDIA GeForce RTX 2070 SUPER (ID=0x1e84)
    Vendor:   NVIDIA
    VRAM:     8003 MB
    Driver:   31.0.15.3713
Initialize mono
Mono path[0] = 'D:/Program Files/Unity/Hub/editor/2022.3.51f1c1/Editor/Data/Managed'
Mono path[1] = 'D:/Program Files/Unity/Hub/editor/2022.3.51f1c1/Editor/Data/MonoBleedingEdge/lib/mono/unityjit-win32'
Mono config path = 'D:/Program Files/Unity/Hub/editor/2022.3.51f1c1/Editor/Data/MonoBleedingEdge/etc'
Using monoOptions --debugger-agent=transport=dt_socket,embedding=1,server=y,suspend=n,address=127.0.0.1:56044
Begin MonoManager ReloadAssembly
Registering precompiled unity dll's ...
Register platform support module: D:/Program Files/Unity/Hub/editor/2022.3.51f1c1/Editor/Data/PlaybackEngines/WindowsStandaloneSupport/UnityEditor.WindowsStandalone.Extensions.dll
Registered in 0.009312 seconds.
- Loaded All Assemblies, in  0.632 seconds
Native extension for WindowsStandalone target not found
Mono: successfully reloaded assembly
- Finished resetting the current domain, in  0.299 seconds
Domain Reload Profiling: 928ms
	BeginReloadAssembly (132ms)
		ExecutionOrderSort (0ms)
		DisableScriptedObjects (0ms)
		BackupInstance (0ms)
		ReleaseScriptingObjects (0ms)
		CreateAndSetChildDomain (1ms)
	RebuildCommonClasses (37ms)
	RebuildNativeTypeToScriptingClass (13ms)
	initialDomainReloadingComplete (90ms)
	LoadAllAssembliesAndSetupDomain (356ms)
		LoadAssemblies (130ms)
		RebuildTransferFunctionScriptingTraits (0ms)
		AnalyzeDomain (352ms)
			TypeCache.Refresh (346ms)
				TypeCache.ScanAssembly (314ms)
			ScanForSourceGeneratedMonoScriptInfo (2ms)
			ResolveRequiredComponents (2ms)
	FinalizeReload (300ms)
		ReleaseScriptCaches (0ms)
		RebuildScriptCaches (0ms)
		SetupLoadedEditorAssemblies (228ms)
			LogAssemblyErrors (0ms)
			InitializePlatformSupportModulesInManaged (11ms)
			SetLoadedEditorAssemblies (7ms)
			RefreshPlugins (0ms)
			BeforeProcessingInitializeOnLoad (4ms)
			ProcessInitializeOnLoadAttributes (157ms)
			ProcessInitializeOnLoadMethodAttributes (48ms)
			AfterProcessingInitializeOnLoad (0ms)
			EditorAssembliesLoaded (0ms)
		ExecutionOrderSort2 (0ms)
		AwakeInstancesAfterBackupRestoration (0ms)
========================================================================
Worker process is ready to serve import requests
Caller must complete domain reload
Begin MonoManager ReloadAssembly
- Loaded All Assemblies, in  0.679 seconds
Native extension for WindowsStandalone target not found
Mono: successfully reloaded assembly
- Finished resetting the current domain, in  0.688 seconds
Domain Reload Profiling: 1363ms
	BeginReloadAssembly (152ms)
		ExecutionOrderSort (0ms)
		DisableScriptedObjects (7ms)
		BackupInstance (0ms)
		ReleaseScriptingObjects (0ms)
		CreateAndSetChildDomain (21ms)
	RebuildCommonClasses (32ms)
	RebuildNativeTypeToScriptingClass (11ms)
	initialDomainReloadingComplete (43ms)
	LoadAllAssembliesAndSetupDomain (437ms)
		LoadAssemblies (314ms)
		RebuildTransferFunctionScriptingTraits (0ms)
		AnalyzeDomain (213ms)
			TypeCache.Refresh (184ms)
				TypeCache.ScanAssembly (166ms)
			ScanForSourceGeneratedMonoScriptInfo (20ms)
			ResolveRequiredComponents (7ms)
	FinalizeReload (689ms)
		ReleaseScriptCaches (0ms)
		RebuildScriptCaches (0ms)
		SetupLoadedEditorAssemblies (542ms)
			LogAssemblyErrors (0ms)
			InitializePlatformSupportModulesInManaged (6ms)
			SetLoadedEditorAssemblies (4ms)
			RefreshPlugins (0ms)
			BeforeProcessingInitializeOnLoad (66ms)
			ProcessInitializeOnLoadAttributes (389ms)
			ProcessInitializeOnLoadMethodAttributes (67ms)
			AfterProcessingInitializeOnLoad (8ms)
			EditorAssembliesLoaded (0ms)
		ExecutionOrderSort2 (0ms)
		AwakeInstancesAfterBackupRestoration (7ms)
Launched and connected shader compiler UnityShaderCompiler.exe after 0.08 seconds
Refreshing native plugins compatible for Editor in 7.15 ms, found 4 plugins.
Preloading 0 native plugins for Editor in 0.00 ms.
Unloading 4400 Unused Serialized files (Serialized files now loaded: 0)
Unloading 22 unused Assets / (359.9 KB). Loaded Objects now: 4866.
Memory consumption went from 160.3 MB to 159.9 MB.
Total: 2.988500 ms (FindLiveObjects: 0.338500 ms CreateObjectMapping: 0.316500 ms MarkObjects: 2.190600 ms  DeleteObjects: 0.141900 ms)

AssetImportParameters requested are different than current active one (requested -> active):
  custom:container-demuxer-ogg: 62fdf1f143b41e24485cea50d1cbac27 -> 
  custom:video-decoder-ogg-theora: a1e56fd34408186e4bbccfd4996cb3dc -> 
  custom:framework-win-MediaFoundation: 216162199b28c13a410421893ffa2e32 -> 
  custom:CustomObjectIndexerAttribute: 9a22284fe3817be447336de3de66b15e -> 
  custom:container-demuxer-webm: 4f35f7cbe854078d1ac9338744f61a02 -> 
  custom:container-muxer-webm: aa71ff27fc2769a1b78a27578f13a17b -> 
  custom:video-decoder-webm-vp8: 9c59270c3fd7afecdb556c50c9e8de78 -> 
  custom:SearchIndexIgnoredProperties: e643bd26f0fe6173181afceb89e7c659 -> 
  custom:AudioImporter_EditorPlatform: d09bf68614088b80899f8185d706f6e7 -> 
  custom:video-encoder-webm-vp8: eb34c28f22e8b96e1ab97ce403110664 -> 
  custom:audio-decoder-ogg-vorbis: bf7c407c2cedff20999df2af8eb42d56 -> 
  custom:audio-encoder-webm-vorbis: bf7c407c2cedff20999df2af8eb42d56 -> 
========================================================================
Received Prepare
Refreshing native plugins compatible for Editor in 8.62 ms, found 4 plugins.
Preloading 0 native plugins for Editor in 0.00 ms.
Unloading 4 Unused Serialized files (Serialized files now loaded: 0)
Unloading 21 unused Assets / (336.6 KB). Loaded Objects now: 4849.
Memory consumption went from 84.8 MB to 84.4 MB.
Total: 3.394100 ms (FindLiveObjects: 0.401400 ms CreateObjectMapping: 0.380400 ms MarkObjects: 2.450300 ms  DeleteObjects: 0.161400 ms)

Prepare: number of updated asset objects reloaded= 0
AssetImportParameters requested are different than current active one (requested -> active):
  custom:container-demuxer-ogg: 62fdf1f143b41e24485cea50d1cbac27 -> 
  custom:video-decoder-ogg-theora: a1e56fd34408186e4bbccfd4996cb3dc -> 
  custom:framework-win-MediaFoundation: 216162199b28c13a410421893ffa2e32 -> 
  custom:CustomObjectIndexerAttribute: 9a22284fe3817be447336de3de66b15e -> 
  custom:container-demuxer-webm: 4f35f7cbe854078d1ac9338744f61a02 -> 
  custom:container-muxer-webm: aa71ff27fc2769a1b78a27578f13a17b -> 
  custom:video-decoder-webm-vp8: 9c59270c3fd7afecdb556c50c9e8de78 -> 
  custom:SearchIndexIgnoredProperties: e643bd26f0fe6173181afceb89e7c659 -> 
  custom:AudioImporter_EditorPlatform: d09bf68614088b80899f8185d706f6e7 -> 
  custom:video-encoder-webm-vp8: eb34c28f22e8b96e1ab97ce403110664 -> 
  custom:audio-decoder-ogg-vorbis: bf7c407c2cedff20999df2af8eb42d56 -> 
  custom:audio-encoder-webm-vorbis: bf7c407c2cedff20999df2af8eb42d56 -> 
========================================================================
Received Prepare
Refreshing native plugins compatible for Editor in 6.25 ms, found 4 plugins.
Preloading 0 native plugins for Editor in 0.00 ms.
Unloading 4 Unused Serialized files (Serialized files now loaded: 0)
Unloading 4 unused Assets / (313.1 KB). Loaded Objects now: 4849.
Memory consumption went from 84.4 MB to 84.1 MB.
Total: 9.566400 ms (FindLiveObjects: 1.244900 ms CreateObjectMapping: 2.019600 ms MarkObjects: 6.101100 ms  DeleteObjects: 0.198900 ms)

Prepare: number of updated asset objects reloaded= 0
AssetImportParameters requested are different than current active one (requested -> active):
  custom:container-demuxer-ogg: 62fdf1f143b41e24485cea50d1cbac27 -> 
  custom:video-decoder-ogg-theora: a1e56fd34408186e4bbccfd4996cb3dc -> 
  custom:framework-win-MediaFoundation: 216162199b28c13a410421893ffa2e32 -> 
  custom:CustomObjectIndexerAttribute: 9a22284fe3817be447336de3de66b15e -> 
  custom:container-demuxer-webm: 4f35f7cbe854078d1ac9338744f61a02 -> 
  custom:container-muxer-webm: aa71ff27fc2769a1b78a27578f13a17b -> 
  custom:video-decoder-webm-vp8: 9c59270c3fd7afecdb556c50c9e8de78 -> 
  custom:SearchIndexIgnoredProperties: e643bd26f0fe6173181afceb89e7c659 -> 
  custom:AudioImporter_EditorPlatform: d09bf68614088b80899f8185d706f6e7 -> 
  custom:video-encoder-webm-vp8: eb34c28f22e8b96e1ab97ce403110664 -> 
  custom:audio-decoder-ogg-vorbis: bf7c407c2cedff20999df2af8eb42d56 -> 
  custom:audio-encoder-webm-vorbis: bf7c407c2cedff20999df2af8eb42d56 -> 
========================================================================
Received Prepare
Caller must complete domain reload
Begin MonoManager ReloadAssembly
- Loaded All Assemblies, in  3.472 seconds
Native extension for WindowsStandalone target not found
Mono: successfully reloaded assembly
- Finished resetting the current domain, in 66.476 seconds
Domain Reload Profiling: 69946ms
	BeginReloadAssembly (191ms)
		ExecutionOrderSort (0ms)
		DisableScriptedObjects (4ms)
		BackupInstance (0ms)
		ReleaseScriptingObjects (0ms)
		CreateAndSetChildDomain (52ms)
	RebuildCommonClasses (34ms)
	RebuildNativeTypeToScriptingClass (11ms)
	initialDomainReloadingComplete (42ms)
	LoadAllAssembliesAndSetupDomain (3191ms)
		LoadAssemblies (3251ms)
		RebuildTransferFunctionScriptingTraits (0ms)
		AnalyzeDomain (38ms)
			TypeCache.Refresh (24ms)
				TypeCache.ScanAssembly (0ms)
			ScanForSourceGeneratedMonoScriptInfo (0ms)
			ResolveRequiredComponents (12ms)
	FinalizeReload (66477ms)
		ReleaseScriptCaches (0ms)
		RebuildScriptCaches (0ms)
		SetupLoadedEditorAssemblies (509ms)
			LogAssemblyErrors (0ms)
			InitializePlatformSupportModulesInManaged (5ms)
			SetLoadedEditorAssemblies (3ms)
			RefreshPlugins (0ms)
			BeforeProcessingInitializeOnLoad (69ms)
			ProcessInitializeOnLoadAttributes (361ms)
			ProcessInitializeOnLoadMethodAttributes (62ms)
			AfterProcessingInitializeOnLoad (8ms)
			EditorAssembliesLoaded (0ms)
		ExecutionOrderSort2 (0ms)
		AwakeInstancesAfterBackupRestoration (8ms)
Refreshing native plugins compatible for Editor in 9.24 ms, found 4 plugins.
Preloading 0 native plugins for Editor in 0.00 ms.
Unloading 4364 Unused Serialized files (Serialized files now loaded: 0)
Unloading 17 unused Assets / (331.9 KB). Loaded Objects now: 4869.
Memory consumption went from 152.3 MB to 152.0 MB.
Total: 3.371200 ms (FindLiveObjects: 0.428400 ms CreateObjectMapping: 0.412900 ms MarkObjects: 2.394300 ms  DeleteObjects: 0.134800 ms)

Prepare: number of updated asset objects reloaded= 2
AssetImportParameters requested are different than current active one (requested -> active):
  custom:container-demuxer-ogg: 62fdf1f143b41e24485cea50d1cbac27 -> 
  custom:video-decoder-ogg-theora: a1e56fd34408186e4bbccfd4996cb3dc -> 
  custom:framework-win-MediaFoundation: 216162199b28c13a410421893ffa2e32 -> 
  custom:CustomObjectIndexerAttribute: 9a22284fe3817be447336de3de66b15e -> 
  custom:container-demuxer-webm: 4f35f7cbe854078d1ac9338744f61a02 -> 
  custom:container-muxer-webm: aa71ff27fc2769a1b78a27578f13a17b -> 
  custom:video-decoder-webm-vp8: 9c59270c3fd7afecdb556c50c9e8de78 -> 
  custom:SearchIndexIgnoredProperties: e643bd26f0fe6173181afceb89e7c659 -> 
  custom:AudioImporter_EditorPlatform: d09bf68614088b80899f8185d706f6e7 -> 
  custom:video-encoder-webm-vp8: eb34c28f22e8b96e1ab97ce403110664 -> 
  custom:audio-decoder-ogg-vorbis: bf7c407c2cedff20999df2af8eb42d56 -> 
  custom:audio-encoder-webm-vorbis: bf7c407c2cedff20999df2af8eb42d56 -> 
========================================================================
Received Prepare
Caller must complete domain reload
Begin MonoManager ReloadAssembly
- Loaded All Assemblies, in  3.118 seconds
Native extension for WindowsStandalone target not found
Mono: successfully reloaded assembly
- Finished resetting the current domain, in  1.195 seconds
Domain Reload Profiling: 4310ms
	BeginReloadAssembly (248ms)
		ExecutionOrderSort (0ms)
		DisableScriptedObjects (4ms)
		BackupInstance (0ms)
		ReleaseScriptingObjects (0ms)
		CreateAndSetChildDomain (52ms)
	RebuildCommonClasses (41ms)
	RebuildNativeTypeToScriptingClass (16ms)
	initialDomainReloadingComplete (32ms)
	LoadAllAssembliesAndSetupDomain (2777ms)
		LoadAssemblies (2908ms)
		RebuildTransferFunctionScriptingTraits (0ms)
		AnalyzeDomain (19ms)
			TypeCache.Refresh (10ms)
				TypeCache.ScanAssembly (0ms)
			ScanForSourceGeneratedMonoScriptInfo (0ms)
			ResolveRequiredComponents (7ms)
	FinalizeReload (1195ms)
		ReleaseScriptCaches (0ms)
		RebuildScriptCaches (0ms)
		SetupLoadedEditorAssemblies (525ms)
			LogAssemblyErrors (0ms)
			InitializePlatformSupportModulesInManaged (8ms)
			SetLoadedEditorAssemblies (3ms)
			RefreshPlugins (0ms)
			BeforeProcessingInitializeOnLoad (80ms)
			ProcessInitializeOnLoadAttributes (357ms)
			ProcessInitializeOnLoadMethodAttributes (69ms)
			AfterProcessingInitializeOnLoad (8ms)
			EditorAssembliesLoaded (0ms)
		ExecutionOrderSort2 (0ms)
		AwakeInstancesAfterBackupRestoration (7ms)
Refreshing native plugins compatible for Editor in 8.08 ms, found 4 plugins.
Preloading 0 native plugins for Editor in 0.00 ms.
Unloading 4364 Unused Serialized files (Serialized files now loaded: 0)
Unloading 17 unused Assets / (331.9 KB). Loaded Objects now: 4872.
Memory consumption went from 152.3 MB to 152.0 MB.
Total: 2.940900 ms (FindLiveObjects: 0.323100 ms CreateObjectMapping: 0.307500 ms MarkObjects: 2.208500 ms  DeleteObjects: 0.101100 ms)

Prepare: number of updated asset objects reloaded= 0
AssetImportParameters requested are different than current active one (requested -> active):
  custom:container-demuxer-ogg: 62fdf1f143b41e24485cea50d1cbac27 -> 
  custom:video-decoder-ogg-theora: a1e56fd34408186e4bbccfd4996cb3dc -> 
  custom:framework-win-MediaFoundation: 216162199b28c13a410421893ffa2e32 -> 
  custom:CustomObjectIndexerAttribute: 9a22284fe3817be447336de3de66b15e -> 
  custom:container-demuxer-webm: 4f35f7cbe854078d1ac9338744f61a02 -> 
  custom:container-muxer-webm: aa71ff27fc2769a1b78a27578f13a17b -> 
  custom:video-decoder-webm-vp8: 9c59270c3fd7afecdb556c50c9e8de78 -> 
  custom:SearchIndexIgnoredProperties: e643bd26f0fe6173181afceb89e7c659 -> 
  custom:AudioImporter_EditorPlatform: d09bf68614088b80899f8185d706f6e7 -> 
  custom:video-encoder-webm-vp8: eb34c28f22e8b96e1ab97ce403110664 -> 
  custom:audio-decoder-ogg-vorbis: bf7c407c2cedff20999df2af8eb42d56 -> 
  custom:audio-encoder-webm-vorbis: bf7c407c2cedff20999df2af8eb42d56 -> 
========================================================================
Received Prepare
Refreshing native plugins compatible for Editor in 5.76 ms, found 4 plugins.
Preloading 0 native plugins for Editor in 0.00 ms.
Unloading 4 Unused Serialized files (Serialized files now loaded: 0)
Unloading 4 unused Assets / (313.1 KB). Loaded Objects now: 4872.
Memory consumption went from 84.8 MB to 84.5 MB.
Total: 3.388400 ms (FindLiveObjects: 0.325600 ms CreateObjectMapping: 0.267700 ms MarkObjects: 2.180700 ms  DeleteObjects: 0.613700 ms)

Prepare: number of updated asset objects reloaded= 0
AssetImportParameters requested are different than current active one (requested -> active):
  custom:container-demuxer-ogg: 62fdf1f143b41e24485cea50d1cbac27 -> 
  custom:video-decoder-ogg-theora: a1e56fd34408186e4bbccfd4996cb3dc -> 
  custom:framework-win-MediaFoundation: 216162199b28c13a410421893ffa2e32 -> 
  custom:CustomObjectIndexerAttribute: 9a22284fe3817be447336de3de66b15e -> 
  custom:container-demuxer-webm: 4f35f7cbe854078d1ac9338744f61a02 -> 
  custom:container-muxer-webm: aa71ff27fc2769a1b78a27578f13a17b -> 
  custom:video-decoder-webm-vp8: 9c59270c3fd7afecdb556c50c9e8de78 -> 
  custom:SearchIndexIgnoredProperties: e643bd26f0fe6173181afceb89e7c659 -> 
  custom:AudioImporter_EditorPlatform: d09bf68614088b80899f8185d706f6e7 -> 
  custom:video-encoder-webm-vp8: eb34c28f22e8b96e1ab97ce403110664 -> 
  custom:audio-decoder-ogg-vorbis: bf7c407c2cedff20999df2af8eb42d56 -> 
  custom:audio-encoder-webm-vorbis: bf7c407c2cedff20999df2af8eb42d56 -> 
========================================================================
Received Prepare
Caller must complete domain reload
Begin MonoManager ReloadAssembly
- Loaded All Assemblies, in  1.328 seconds
Native extension for WindowsStandalone target not found
Mono: successfully reloaded assembly
- Finished resetting the current domain, in  1.115 seconds
Domain Reload Profiling: 2439ms
	BeginReloadAssembly (219ms)
		ExecutionOrderSort (0ms)
		DisableScriptedObjects (4ms)
		BackupInstance (0ms)
		ReleaseScriptingObjects (0ms)
		CreateAndSetChildDomain (45ms)
	RebuildCommonClasses (39ms)
	RebuildNativeTypeToScriptingClass (11ms)
	initialDomainReloadingComplete (34ms)
	LoadAllAssembliesAndSetupDomain (1020ms)
		LoadAssemblies (1138ms)
		RebuildTransferFunctionScriptingTraits (0ms)
		AnalyzeDomain (20ms)
			TypeCache.Refresh (12ms)
				TypeCache.ScanAssembly (0ms)
			ScanForSourceGeneratedMonoScriptInfo (0ms)
			ResolveRequiredComponents (7ms)
	FinalizeReload (1115ms)
		ReleaseScriptCaches (0ms)
		RebuildScriptCaches (0ms)
		SetupLoadedEditorAssemblies (514ms)
			LogAssemblyErrors (0ms)
			InitializePlatformSupportModulesInManaged (5ms)
			SetLoadedEditorAssemblies (3ms)
			RefreshPlugins (0ms)
			BeforeProcessingInitializeOnLoad (85ms)
			ProcessInitializeOnLoadAttributes (350ms)
			ProcessInitializeOnLoadMethodAttributes (63ms)
			AfterProcessingInitializeOnLoad (8ms)
			EditorAssembliesLoaded (1ms)
		ExecutionOrderSort2 (0ms)
		AwakeInstancesAfterBackupRestoration (11ms)
Refreshing native plugins compatible for Editor in 6.77 ms, found 4 plugins.
Preloading 0 native plugins for Editor in 0.00 ms.
Unloading 4364 Unused Serialized files (Serialized files now loaded: 0)
Unloading 17 unused Assets / (331.9 KB). Loaded Objects now: 4875.
Memory consumption went from 152.3 MB to 152.0 MB.
Total: 2.912200 ms (FindLiveObjects: 0.419000 ms CreateObjectMapping: 0.316600 ms MarkObjects: 2.047000 ms  DeleteObjects: 0.128200 ms)

Prepare: number of updated asset objects reloaded= 0
AssetImportParameters requested are different than current active one (requested -> active):
  custom:container-demuxer-ogg: 62fdf1f143b41e24485cea50d1cbac27 -> 
  custom:video-decoder-ogg-theora: a1e56fd34408186e4bbccfd4996cb3dc -> 
  custom:framework-win-MediaFoundation: 216162199b28c13a410421893ffa2e32 -> 
  custom:CustomObjectIndexerAttribute: 9a22284fe3817be447336de3de66b15e -> 
  custom:container-demuxer-webm: 4f35f7cbe854078d1ac9338744f61a02 -> 
  custom:container-muxer-webm: aa71ff27fc2769a1b78a27578f13a17b -> 
  custom:video-decoder-webm-vp8: 9c59270c3fd7afecdb556c50c9e8de78 -> 
  custom:SearchIndexIgnoredProperties: e643bd26f0fe6173181afceb89e7c659 -> 
  custom:AudioImporter_EditorPlatform: d09bf68614088b80899f8185d706f6e7 -> 
  custom:video-encoder-webm-vp8: eb34c28f22e8b96e1ab97ce403110664 -> 
  custom:audio-decoder-ogg-vorbis: bf7c407c2cedff20999df2af8eb42d56 -> 
  custom:audio-encoder-webm-vorbis: bf7c407c2cedff20999df2af8eb42d56 -> 
========================================================================
Received Prepare
Refreshing native plugins compatible for Editor in 7.68 ms, found 4 plugins.
Preloading 0 native plugins for Editor in 0.00 ms.
Unloading 4 Unused Serialized files (Serialized files now loaded: 0)
Unloading 5 unused Assets / (313.4 KB). Loaded Objects now: 4874.
Memory consumption went from 84.8 MB to 84.5 MB.
Total: 3.058000 ms (FindLiveObjects: 0.426200 ms CreateObjectMapping: 0.355600 ms MarkObjects: 2.179300 ms  DeleteObjects: 0.096200 ms)

Prepare: number of updated asset objects reloaded= 0
AssetImportParameters requested are different than current active one (requested -> active):
  custom:container-demuxer-ogg: 62fdf1f143b41e24485cea50d1cbac27 -> 
  custom:video-decoder-ogg-theora: a1e56fd34408186e4bbccfd4996cb3dc -> 
  custom:framework-win-MediaFoundation: 216162199b28c13a410421893ffa2e32 -> 
  custom:CustomObjectIndexerAttribute: 9a22284fe3817be447336de3de66b15e -> 
  custom:container-demuxer-webm: 4f35f7cbe854078d1ac9338744f61a02 -> 
  custom:container-muxer-webm: aa71ff27fc2769a1b78a27578f13a17b -> 
  custom:video-decoder-webm-vp8: 9c59270c3fd7afecdb556c50c9e8de78 -> 
  custom:SearchIndexIgnoredProperties: e643bd26f0fe6173181afceb89e7c659 -> 
  custom:AudioImporter_EditorPlatform: d09bf68614088b80899f8185d706f6e7 -> 
  custom:video-encoder-webm-vp8: eb34c28f22e8b96e1ab97ce403110664 -> 
  custom:audio-decoder-ogg-vorbis: bf7c407c2cedff20999df2af8eb42d56 -> 
  custom:audio-encoder-webm-vorbis: bf7c407c2cedff20999df2af8eb42d56 -> 
========================================================================
Received Prepare
Caller must complete domain reload
Begin MonoManager ReloadAssembly
- Loaded All Assemblies, in  0.649 seconds
Native extension for WindowsStandalone target not found
Mono: successfully reloaded assembly
- Finished resetting the current domain, in  1.241 seconds
Domain Reload Profiling: 1888ms
	BeginReloadAssembly (195ms)
		ExecutionOrderSort (0ms)
		DisableScriptedObjects (4ms)
		BackupInstance (0ms)
		ReleaseScriptingObjects (0ms)
		CreateAndSetChildDomain (43ms)
	RebuildCommonClasses (41ms)
	RebuildNativeTypeToScriptingClass (12ms)
	initialDomainReloadingComplete (34ms)
	LoadAllAssembliesAndSetupDomain (364ms)
		LoadAssemblies (423ms)
		RebuildTransferFunctionScriptingTraits (0ms)
		AnalyzeDomain (47ms)
			TypeCache.Refresh (22ms)
				TypeCache.ScanAssembly (3ms)
			ScanForSourceGeneratedMonoScriptInfo (14ms)
			ResolveRequiredComponents (9ms)
	FinalizeReload (1243ms)
		ReleaseScriptCaches (0ms)
		RebuildScriptCaches (0ms)
		SetupLoadedEditorAssemblies (514ms)
			LogAssemblyErrors (0ms)
			InitializePlatformSupportModulesInManaged (6ms)
			SetLoadedEditorAssemblies (6ms)
			RefreshPlugins (0ms)
			BeforeProcessingInitializeOnLoad (67ms)
			ProcessInitializeOnLoadAttributes (364ms)
			ProcessInitializeOnLoadMethodAttributes (61ms)
			AfterProcessingInitializeOnLoad (9ms)
			EditorAssembliesLoaded (0ms)
		ExecutionOrderSort2 (0ms)
		AwakeInstancesAfterBackupRestoration (6ms)
Refreshing native plugins compatible for Editor in 6.06 ms, found 4 plugins.
Preloading 0 native plugins for Editor in 0.00 ms.
Unloading 4364 Unused Serialized files (Serialized files now loaded: 0)
Unloading 69 unused Assets / (371.3 KB). Loaded Objects now: 4878.
Memory consumption went from 152.4 MB to 152.0 MB.
Total: 8.611700 ms (FindLiveObjects: 0.465600 ms CreateObjectMapping: 1.546600 ms MarkObjects: 6.224700 ms  DeleteObjects: 0.372800 ms)

Prepare: number of updated asset objects reloaded= 0
AssetImportParameters requested are different than current active one (requested -> active):
  custom:scripting/monoscript/fileName/XLuaTest_InvokeLua_ICalcBridge.cs: 30fde9c3feb0b30e098352b4dfeb9cae -> 39dbaec3aa6ccdef5b8e133e5c8d912d
  custom:scripting/monoscript/fileName/UnityEngine_BehaviourWrap.cs: 50be6300a89da29ca17ad67a2589a5ca -> 07f04650a03b829841e9fab9d7740454
  custom:scripting/monoscript/fileName/UnityEngine_WaitForSecondsWrap.cs: 14ce79597090ca49f32e5242d176e3e0 -> f924ebf1733d94f4d65590a1a94e6531
  custom:scripting/monoscript/fileName/XLuaTest_PeddingWrap.cs: 904ed3ab876976c36018836c17a5f7cd -> 87db0d803af8b6af633a98194cb11698
  custom:container-demuxer-ogg: 62fdf1f143b41e24485cea50d1cbac27 -> 
  custom:scripting/monoscript/fileName/UnityEngine_Vector3Wrap.cs: ce0a23addf1a2b20f8676787382fe6da -> 63f465b9380555daafea25b4176adba5
  custom:scripting/monoscript/fileName/UnityEngine_RayWrap.cs: 1b2ced459e0f7fe10c0b5b9489be6f35 -> 0b84fbe6cabdb1173feb41e835ef3a40
  custom:scripting/monoscript/fileName/WrapPusher.cs: 3b3bd77f226a0f893aad8e7367a0f06b -> a7d84f614ae4cd3b956f9b8556cfd18e
  custom:scripting/monoscript/fileName/Tutorial_DerivedClassWrap.cs: a9f1f1a33e70d4aca6ed43632ef080bc -> 1a8da11bcfc26039296e071510ba3246
  custom:video-decoder-ogg-theora: a1e56fd34408186e4bbccfd4996cb3dc -> 
  custom:scripting/monoscript/fileName/XLuaTest_Foo2ChildWrap.cs: f25917eb49d7296a35740a2c6a4d40ec -> 30fab5c82eb5f5ffb38a0a6d668c1895
  custom:framework-win-MediaFoundation: 216162199b28c13a410421893ffa2e32 -> 
  custom:scripting/monoscript/fileName/UnityEngine_TimeWrap.cs: 582bbe1acbebc99abd038879d2ce291a -> 5e744018ad83dc4e6b5341356b280ff7
  custom:scripting/monoscript/fileName/UnityEngine_AnimationClipWrap.cs: 35e9dbce44e2400ca249a1b04e238032 -> 77a92debc688d37d0c76ed29e7849dc6
  custom:scripting/monoscript/fileName/UnityEngine_MonoBehaviourWrap.cs: ab88a4de07d1ed4d6902d46f78a9c2a5 -> 04d351bf9d6db68acd2847f2651b2d6b
  custom:scripting/monoscript/fileName/UnityEngine_MathfWrap.cs: b8423f29ae782d824fe5861eb133fe99 -> 333033f071a58c53b030860e1dc36f4e
  custom:scripting/monoscript/fileName/XLuaTest_Foo1ChildWrap.cs: 4e50b7c1fc1d91200bd6d308925718b7 -> 1c5e3d8cdf39c119ce22e5be32eae9dd
  custom:scripting/monoscript/fileName/UnityEngine_ResourcesWrap.cs: 7881eec03c10cac6aed4968059672b77 -> 698ab99237a4262ce7f88356cded464a
  custom:CustomObjectIndexerAttribute: 9a22284fe3817be447336de3de66b15e -> 
  custom:scripting/monoscript/fileName/EnumWrap.cs: e1678317fb40b1504377930932a65f00 -> 71aaf938165cbdbb0ac6c90ffee86023
  custom:container-demuxer-webm: 4f35f7cbe854078d1ac9338744f61a02 -> 
  custom:scripting/monoscript/fileName/UnityEngine_ParticleSystemWrap.cs: ea70451eecfa9db0287288ead2570a87 -> eee33c4ac5a2b762ef5a90683fe90f0f
  custom:scripting/monoscript/fileName/XLuaTest_BaseTestWrap.cs: 07e45de8fa2ee7650261714b0c2efcd8 -> 4f21680da7e23ca573808ca54815d505
  custom:scripting/monoscript/fileName/UnityEngine_BoundsWrap.cs: 0ac99f7c45b4a0aef916e0e5b49238c9 -> 3dd26eeb95bac2de8ce2da585d995261
  custom:scripting/monoscript/fileName/PackUnpack.cs: 7bf1a1e4b9a6d19c982a86f574107fe4 -> 273cbe68a303e04c83210a0d1b0dbfc8
  custom:scripting/monoscript/fileName/UnityEngine_KeyframeWrap.cs: 198c4d7f205e316a3726e83558840a1d -> f022c20884bfebd1cdba5d0a32b69287
  custom:scripting/monoscript/fileName/DelegatesGensBridge.cs: 14979ecd91d982a7d4b63ce8b241a2cb -> 9b33d1c344798966a03eb7d32474259e
  custom:container-muxer-webm: aa71ff27fc2769a1b78a27578f13a17b -> 
  custom:video-decoder-webm-vp8: 9c59270c3fd7afecdb556c50c9e8de78 -> 
  custom:scripting/monoscript/fileName/XLuaTest_FooWrap.cs: 94d50054e40ab48511cae7fb0b602c9b -> abbeeb9782209030752aecf7c8307085
  custom:scripting/monoscript/fileName/Tutorial_DerivedClassExtensionsWrap.cs: 8d3a8d18ccf52ef11958b45f9012fc25 -> e71c7199b289862c70f81cc97fad9cd1
  custom:scripting/monoscript/fileName/System_Collections_Generic_List_1_System_Int32_Wrap.cs: 17851e7c00326059ae0787338228160b -> 0d81f6d3ce2afe6f735fa61fb6f44318
  custom:scripting/monoscript/fileName/XLuaGenAutoRegister.cs: d853ef44aabfccb80e0b7c076b61770b -> f7d7a1bdecea0875c31215b468d1ea3c
  custom:SearchIndexIgnoredProperties: e643bd26f0fe6173181afceb89e7c659 -> 
  custom:scripting/monoscript/fileName/UnityEngine_ColorWrap.cs: bd8e985ef59408a673873236ce871e73 -> a2199b901d8d68ac06d36f834d48f0de
  custom:AudioImporter_EditorPlatform: d09bf68614088b80899f8185d706f6e7 -> 
  custom:scripting/monoscript/fileName/Tutorial_BaseClassWrap.cs: 0cb2af1d083b0b2c5e8cb36d24bfb39c -> 82bd31d966804ddf94755f42eec25c75
  custom:scripting/monoscript/fileName/UnityEngine_Ray2DWrap.cs: 0739f12fd5151febac857f4bf1dfbf4b -> 3948513cbdb210ff5fa49a4b2880e106
  custom:scripting/monoscript/fileName/UnityEngine_ComponentWrap.cs: e27295da2190ed2ebf55b5ac632d7f35 -> 3c3e0b9fedb2878f9f3fac771839136b
  custom:scripting/monoscript/fileName/System_ObjectWrap.cs: c4f7132fadbd7f5f459fdffb106ce8ad -> 9fb5e5ed9e38c23dad1e0232edf0373b
  custom:scripting/monoscript/fileName/XLuaTest_Foo1ParentWrap.cs: 4d06c6c313846bbd2659cf013bd8c081 -> bc3faaa30d66f1a9334279476c37b2a8
  custom:scripting/monoscript/fileName/XLuaTest_FooExtensionWrap.cs: 0cf66dd4ab170a1f2008f8b97f4f2106 -> 778d9d5cc8332e1d0739618b88aa2bb9
  custom:scripting/monoscript/fileName/UnityEngine_QuaternionWrap.cs: d7776a0aea79cbcec5ba2c36565a1173 -> 2be38f3d0f8715c9babd38533b7cc2f6
  custom:scripting/monoscript/fileName/UnityEngine_AnimationCurveWrap.cs: f2332648b2113d579022f7ac44ddf1a2 -> a1b4a7dab75f49fff03082ff025e4e5e
  custom:scripting/monoscript/fileName/XLuaTest_IExchangerBridge.cs: dbb2be54f36a2496a4425e7ceb90b9b9 -> a1b04ba231b7210d75c48779fb061387
  custom:scripting/monoscript/fileName/UnityEngine_LightWrap.cs: d3e76313bbab2d6f78618d0a96177993 -> afdccdb78964e15816bd84ff574e1d72
  custom:scripting/monoscript/fileName/System_Collections_IEnumeratorBridge.cs: e58d0dcf0aa39125fd572da9408c5a63 -> a6b8b2b6997973169c6bebc4e00197c3
  custom:video-encoder-webm-vp8: eb34c28f22e8b96e1ab97ce403110664 -> 
  custom:scripting/monoscript/fileName/XLuaTest_Foo2ParentWrap.cs: 3cfc8bf6cad7ab5669e86f82da9efffc -> e55fdaf088679107b1602d0f4f018827
  custom:scripting/monoscript/fileName/Tutorial_CSCallLua_ItfDBridge.cs: d05148e45525d393370f3ca919d4cdc0 -> 4e0a8d0795850c18cf92cbc673dc6199
  custom:scripting/monoscript/fileName/UnityEngine_Vector2Wrap.cs: dfd1be4a9f736e54a226859ba85dbc30 -> d8bd11c5df83747314d76d2e1152a25a
  custom:audio-decoder-ogg-vorbis: bf7c407c2cedff20999df2af8eb42d56 -> 
  custom:scripting/monoscript/fileName/UnityEngine_GameObjectWrap.cs: c4cddad80b77cae4a3f64483d25e1457 -> 499beb086fe32ba82bd6b30d04f108ea
  custom:scripting/monoscript/fileName/XLuaTest_NoGcWrap.cs: 7c2153fc9ca9cd0a3cc8b2d8a5de2fcd -> b8ab725f3034c7583c772afc97e73cfe
  custom:scripting/monoscript/fileName/UnityEngine_DebugWrap.cs: a14c41c7fbd7dec62bec687de4c6fe27 -> 2a23054f13a8c643d838dbc57d787e1a
  custom:scripting/monoscript/fileName/UnityEngine_SkinnedMeshRendererWrap.cs: 9ad169117eb1ff375ebe298216e6901c -> e6c3bb62aa80867a3afe5dcbb6224761
  custom:scripting/monoscript/fileName/UnityEngine_TextAssetWrap.cs: a895654ec821ef871bab45f0bf4ab1bf -> 96eae3d139831963806db363328bfefe
  custom:scripting/monoscript/fileName/UnityEngine_TransformWrap.cs: 1ec7fdf0df78c54383c54d4890267885 -> 50d916bbc9cc3aa204547c1dbcf1b841
  custom:scripting/monoscript/fileName/UnityEngine_RendererWrap.cs: f2bb488dcafa31d4d1829db70de7e3de -> e28d66316639c5d4634a4f4176885c0f
  custom:audio-encoder-webm-vorbis: bf7c407c2cedff20999df2af8eb42d56 -> 
  custom:scripting/monoscript/fileName/XLuaTest_LuaBehaviourWrap.cs: eb21b90bdd58645712610184d1a6b02e -> 8a24807dde2ec4b5434d8876b84591df
  custom:scripting/monoscript/fileName/UnityEngine_Vector4Wrap.cs: 4736b1d9605ba5be814644e3bcc9e928 -> e876ed87f63c3dc401e686c851325f69
  custom:scripting/monoscript/fileName/XLuaTest_MyStructWrap.cs: 55519c14d8f95433c1b6e262daa1d322 -> bcfe0251bd793e1e64a466467ef9f39d
  custom:scripting/monoscript/fileName/UnityEngine_ObjectWrap.cs: acbfc6ebce3660b3cec600cb246312ee -> d239f04268fb712161f840d533347443
  custom:scripting/precompiled-assembly-types:Assembly-CSharp: c80cbc873a113ccd39c9ed2554ddb117 -> 6d2cbbca728bbcc514a1a97e862a8e21
  custom:scripting/monoscript/fileName/Tutorial_ICalcWrap.cs: 9802804745e09aa6d92fbca1a46de55a -> 03d02c9cf202af74271e6b9339f2aa97
========================================================================
Received Prepare
Caller must complete domain reload
Begin MonoManager ReloadAssembly
- Loaded All Assemblies, in  0.610 seconds
Native extension for WindowsStandalone target not found
Mono: successfully reloaded assembly
- Finished resetting the current domain, in  1.130 seconds
Domain Reload Profiling: 1736ms
	BeginReloadAssembly (178ms)
		ExecutionOrderSort (0ms)
		DisableScriptedObjects (4ms)
		BackupInstance (0ms)
		ReleaseScriptingObjects (0ms)
		CreateAndSetChildDomain (36ms)
	RebuildCommonClasses (40ms)
	RebuildNativeTypeToScriptingClass (12ms)
	initialDomainReloadingComplete (40ms)
	LoadAllAssembliesAndSetupDomain (336ms)
		LoadAssemblies (390ms)
		RebuildTransferFunctionScriptingTraits (0ms)
		AnalyzeDomain (45ms)
			TypeCache.Refresh (18ms)
				TypeCache.ScanAssembly (4ms)
			ScanForSourceGeneratedMonoScriptInfo (14ms)
			ResolveRequiredComponents (11ms)
	FinalizeReload (1130ms)
		ReleaseScriptCaches (0ms)
		RebuildScriptCaches (0ms)
		SetupLoadedEditorAssemblies (497ms)
			LogAssemblyErrors (0ms)
			InitializePlatformSupportModulesInManaged (7ms)
			SetLoadedEditorAssemblies (3ms)
			RefreshPlugins (0ms)
			BeforeProcessingInitializeOnLoad (71ms)
			ProcessInitializeOnLoadAttributes (346ms)
			ProcessInitializeOnLoadMethodAttributes (63ms)
			AfterProcessingInitializeOnLoad (8ms)
			EditorAssembliesLoaded (0ms)
		ExecutionOrderSort2 (0ms)
		AwakeInstancesAfterBackupRestoration (7ms)
Refreshing native plugins compatible for Editor in 5.93 ms, found 4 plugins.
Preloading 0 native plugins for Editor in 0.00 ms.
Unloading 4311 Unused Serialized files (Serialized files now loaded: 0)
Unloading 70 unused Assets / (359.9 KB). Loaded Objects now: 4828.
Memory consumption went from 151.5 MB to 151.1 MB.
Total: 2.885400 ms (FindLiveObjects: 0.323200 ms CreateObjectMapping: 0.277000 ms MarkObjects: 2.136500 ms  DeleteObjects: 0.147800 ms)

Prepare: number of updated asset objects reloaded= 0
AssetImportParameters requested are different than current active one (requested -> active):
  custom:scripting/monoscript/fileName/XLuaTest_InvokeLua_ICalcBridge.cs: 30fde9c3feb0b30e098352b4dfeb9cae -> 39dbaec3aa6ccdef5b8e133e5c8d912d
  custom:scripting/monoscript/fileName/UnityEngine_BehaviourWrap.cs: 50be6300a89da29ca17ad67a2589a5ca -> 07f04650a03b829841e9fab9d7740454
  custom:scripting/monoscript/fileName/UnityEngine_WaitForSecondsWrap.cs: 14ce79597090ca49f32e5242d176e3e0 -> f924ebf1733d94f4d65590a1a94e6531
  custom:scripting/monoscript/fileName/XLuaTest_PeddingWrap.cs: 904ed3ab876976c36018836c17a5f7cd -> 87db0d803af8b6af633a98194cb11698
  custom:container-demuxer-ogg: 62fdf1f143b41e24485cea50d1cbac27 -> 
  custom:scripting/monoscript/fileName/UnityEngine_Vector3Wrap.cs: ce0a23addf1a2b20f8676787382fe6da -> 63f465b9380555daafea25b4176adba5
  custom:scripting/monoscript/fileName/UnityEngine_RayWrap.cs: 1b2ced459e0f7fe10c0b5b9489be6f35 -> 0b84fbe6cabdb1173feb41e835ef3a40
  custom:scripting/monoscript/fileName/WrapPusher.cs: 3b3bd77f226a0f893aad8e7367a0f06b -> a7d84f614ae4cd3b956f9b8556cfd18e
  custom:scripting/monoscript/fileName/Tutorial_DerivedClassWrap.cs: a9f1f1a33e70d4aca6ed43632ef080bc -> 1a8da11bcfc26039296e071510ba3246
  custom:video-decoder-ogg-theora: a1e56fd34408186e4bbccfd4996cb3dc -> 
  custom:scripting/monoscript/fileName/XLuaTest_Foo2ChildWrap.cs: f25917eb49d7296a35740a2c6a4d40ec -> 30fab5c82eb5f5ffb38a0a6d668c1895
  custom:framework-win-MediaFoundation: 216162199b28c13a410421893ffa2e32 -> 
  custom:scripting/monoscript/fileName/UnityEngine_TimeWrap.cs: 582bbe1acbebc99abd038879d2ce291a -> 5e744018ad83dc4e6b5341356b280ff7
  custom:scripting/monoscript/fileName/UnityEngine_AnimationClipWrap.cs: 35e9dbce44e2400ca249a1b04e238032 -> 77a92debc688d37d0c76ed29e7849dc6
  custom:scripting/monoscript/fileName/UnityEngine_MonoBehaviourWrap.cs: ab88a4de07d1ed4d6902d46f78a9c2a5 -> 04d351bf9d6db68acd2847f2651b2d6b
  custom:scripting/monoscript/fileName/UnityEngine_MathfWrap.cs: b8423f29ae782d824fe5861eb133fe99 -> 333033f071a58c53b030860e1dc36f4e
  custom:scripting/monoscript/fileName/XLuaTest_Foo1ChildWrap.cs: 4e50b7c1fc1d91200bd6d308925718b7 -> 1c5e3d8cdf39c119ce22e5be32eae9dd
  custom:scripting/monoscript/fileName/UnityEngine_ResourcesWrap.cs: 7881eec03c10cac6aed4968059672b77 -> 698ab99237a4262ce7f88356cded464a
  custom:CustomObjectIndexerAttribute: 9a22284fe3817be447336de3de66b15e -> 
  custom:scripting/monoscript/fileName/EnumWrap.cs: e1678317fb40b1504377930932a65f00 -> 71aaf938165cbdbb0ac6c90ffee86023
  custom:container-demuxer-webm: 4f35f7cbe854078d1ac9338744f61a02 -> 
  custom:scripting/monoscript/fileName/UnityEngine_ParticleSystemWrap.cs: ea70451eecfa9db0287288ead2570a87 -> eee33c4ac5a2b762ef5a90683fe90f0f
  custom:scripting/monoscript/fileName/XLuaTest_BaseTestWrap.cs: 07e45de8fa2ee7650261714b0c2efcd8 -> 4f21680da7e23ca573808ca54815d505
  custom:scripting/monoscript/fileName/UnityEngine_BoundsWrap.cs: 0ac99f7c45b4a0aef916e0e5b49238c9 -> 3dd26eeb95bac2de8ce2da585d995261
  custom:scripting/monoscript/fileName/PackUnpack.cs: 7bf1a1e4b9a6d19c982a86f574107fe4 -> 273cbe68a303e04c83210a0d1b0dbfc8
  custom:scripting/monoscript/fileName/UnityEngine_KeyframeWrap.cs: 198c4d7f205e316a3726e83558840a1d -> f022c20884bfebd1cdba5d0a32b69287
  custom:scripting/monoscript/fileName/DelegatesGensBridge.cs: 14979ecd91d982a7d4b63ce8b241a2cb -> 9b33d1c344798966a03eb7d32474259e
  custom:container-muxer-webm: aa71ff27fc2769a1b78a27578f13a17b -> 
  custom:video-decoder-webm-vp8: 9c59270c3fd7afecdb556c50c9e8de78 -> 
  custom:scripting/monoscript/fileName/XLuaTest_FooWrap.cs: 94d50054e40ab48511cae7fb0b602c9b -> abbeeb9782209030752aecf7c8307085
  custom:scripting/monoscript/fileName/Tutorial_DerivedClassExtensionsWrap.cs: 8d3a8d18ccf52ef11958b45f9012fc25 -> e71c7199b289862c70f81cc97fad9cd1
  custom:scripting/monoscript/fileName/System_Collections_Generic_List_1_System_Int32_Wrap.cs: 17851e7c00326059ae0787338228160b -> 0d81f6d3ce2afe6f735fa61fb6f44318
  custom:scripting/monoscript/fileName/XLuaGenAutoRegister.cs: d853ef44aabfccb80e0b7c076b61770b -> f7d7a1bdecea0875c31215b468d1ea3c
  custom:SearchIndexIgnoredProperties: e643bd26f0fe6173181afceb89e7c659 -> 
  custom:scripting/monoscript/fileName/UnityEngine_ColorWrap.cs: bd8e985ef59408a673873236ce871e73 -> a2199b901d8d68ac06d36f834d48f0de
  custom:AudioImporter_EditorPlatform: d09bf68614088b80899f8185d706f6e7 -> 
  custom:scripting/monoscript/fileName/Tutorial_BaseClassWrap.cs: 0cb2af1d083b0b2c5e8cb36d24bfb39c -> 82bd31d966804ddf94755f42eec25c75
  custom:scripting/monoscript/fileName/UnityEngine_Ray2DWrap.cs: 0739f12fd5151febac857f4bf1dfbf4b -> 3948513cbdb210ff5fa49a4b2880e106
  custom:scripting/monoscript/fileName/UnityEngine_ComponentWrap.cs: e27295da2190ed2ebf55b5ac632d7f35 -> 3c3e0b9fedb2878f9f3fac771839136b
  custom:scripting/monoscript/fileName/System_ObjectWrap.cs: c4f7132fadbd7f5f459fdffb106ce8ad -> 9fb5e5ed9e38c23dad1e0232edf0373b
  custom:scripting/monoscript/fileName/XLuaTest_Foo1ParentWrap.cs: 4d06c6c313846bbd2659cf013bd8c081 -> bc3faaa30d66f1a9334279476c37b2a8
  custom:scripting/monoscript/fileName/XLuaTest_FooExtensionWrap.cs: 0cf66dd4ab170a1f2008f8b97f4f2106 -> 778d9d5cc8332e1d0739618b88aa2bb9
  custom:scripting/monoscript/fileName/UnityEngine_QuaternionWrap.cs: d7776a0aea79cbcec5ba2c36565a1173 -> 2be38f3d0f8715c9babd38533b7cc2f6
  custom:scripting/monoscript/fileName/UnityEngine_AnimationCurveWrap.cs: f2332648b2113d579022f7ac44ddf1a2 -> a1b4a7dab75f49fff03082ff025e4e5e
  custom:scripting/monoscript/fileName/XLuaTest_IExchangerBridge.cs: dbb2be54f36a2496a4425e7ceb90b9b9 -> a1b04ba231b7210d75c48779fb061387
  custom:scripting/monoscript/fileName/UnityEngine_LightWrap.cs: d3e76313bbab2d6f78618d0a96177993 -> afdccdb78964e15816bd84ff574e1d72
  custom:scripting/monoscript/fileName/System_Collections_IEnumeratorBridge.cs: e58d0dcf0aa39125fd572da9408c5a63 -> a6b8b2b6997973169c6bebc4e00197c3
  custom:video-encoder-webm-vp8: eb34c28f22e8b96e1ab97ce403110664 -> 
  custom:scripting/monoscript/fileName/XLuaTest_Foo2ParentWrap.cs: 3cfc8bf6cad7ab5669e86f82da9efffc -> e55fdaf088679107b1602d0f4f018827
  custom:scripting/monoscript/fileName/Tutorial_CSCallLua_ItfDBridge.cs: d05148e45525d393370f3ca919d4cdc0 -> 4e0a8d0795850c18cf92cbc673dc6199
  custom:scripting/monoscript/fileName/UnityEngine_Vector2Wrap.cs: dfd1be4a9f736e54a226859ba85dbc30 -> d8bd11c5df83747314d76d2e1152a25a
  custom:audio-decoder-ogg-vorbis: bf7c407c2cedff20999df2af8eb42d56 -> 
  custom:scripting/monoscript/fileName/UnityEngine_GameObjectWrap.cs: c4cddad80b77cae4a3f64483d25e1457 -> 499beb086fe32ba82bd6b30d04f108ea
  custom:scripting/monoscript/fileName/XLuaTest_NoGcWrap.cs: 7c2153fc9ca9cd0a3cc8b2d8a5de2fcd -> b8ab725f3034c7583c772afc97e73cfe
  custom:scripting/monoscript/fileName/UnityEngine_DebugWrap.cs: a14c41c7fbd7dec62bec687de4c6fe27 -> 2a23054f13a8c643d838dbc57d787e1a
  custom:scripting/monoscript/fileName/UnityEngine_SkinnedMeshRendererWrap.cs: 9ad169117eb1ff375ebe298216e6901c -> e6c3bb62aa80867a3afe5dcbb6224761
  custom:scripting/monoscript/fileName/UnityEngine_TextAssetWrap.cs: a895654ec821ef871bab45f0bf4ab1bf -> 96eae3d139831963806db363328bfefe
  custom:scripting/monoscript/fileName/UnityEngine_TransformWrap.cs: 1ec7fdf0df78c54383c54d4890267885 -> 50d916bbc9cc3aa204547c1dbcf1b841
  custom:scripting/monoscript/fileName/UnityEngine_RendererWrap.cs: f2bb488dcafa31d4d1829db70de7e3de -> e28d66316639c5d4634a4f4176885c0f
  custom:audio-encoder-webm-vorbis: bf7c407c2cedff20999df2af8eb42d56 -> 
  custom:scripting/monoscript/fileName/XLuaTest_LuaBehaviourWrap.cs: eb21b90bdd58645712610184d1a6b02e -> 8a24807dde2ec4b5434d8876b84591df
  custom:scripting/monoscript/fileName/UnityEngine_Vector4Wrap.cs: 4736b1d9605ba5be814644e3bcc9e928 -> e876ed87f63c3dc401e686c851325f69
  custom:scripting/monoscript/fileName/XLuaTest_MyStructWrap.cs: 55519c14d8f95433c1b6e262daa1d322 -> bcfe0251bd793e1e64a466467ef9f39d
  custom:scripting/monoscript/fileName/UnityEngine_ObjectWrap.cs: acbfc6ebce3660b3cec600cb246312ee -> d239f04268fb712161f840d533347443
  custom:scripting/precompiled-assembly-types:Assembly-CSharp: 7f215f4b51c6a6c7c1fbe1effeda673d -> 6d2cbbca728bbcc514a1a97e862a8e21
  custom:scripting/monoscript/fileName/Tutorial_ICalcWrap.cs: 9802804745e09aa6d92fbca1a46de55a -> 03d02c9cf202af74271e6b9339f2aa97
========================================================================
Received Prepare
Caller must complete domain reload
Begin MonoManager ReloadAssembly
- Loaded All Assemblies, in  0.648 seconds
Native extension for WindowsStandalone target not found
Mono: successfully reloaded assembly
- Finished resetting the current domain, in  1.115 seconds
Domain Reload Profiling: 1759ms
	BeginReloadAssembly (206ms)
		ExecutionOrderSort (0ms)
		DisableScriptedObjects (4ms)
		BackupInstance (0ms)
		ReleaseScriptingObjects (0ms)
		CreateAndSetChildDomain (44ms)
	RebuildCommonClasses (40ms)
	RebuildNativeTypeToScriptingClass (12ms)
	initialDomainReloadingComplete (38ms)
	LoadAllAssembliesAndSetupDomain (347ms)
		LoadAssemblies (411ms)
		RebuildTransferFunctionScriptingTraits (0ms)
		AnalyzeDomain (46ms)
			TypeCache.Refresh (21ms)
				TypeCache.ScanAssembly (4ms)
			ScanForSourceGeneratedMonoScriptInfo (14ms)
			ResolveRequiredComponents (9ms)
	FinalizeReload (1115ms)
		ReleaseScriptCaches (0ms)
		RebuildScriptCaches (0ms)
		SetupLoadedEditorAssemblies (477ms)
			LogAssemblyErrors (0ms)
			InitializePlatformSupportModulesInManaged (5ms)
			SetLoadedEditorAssemblies (3ms)
			RefreshPlugins (0ms)
			BeforeProcessingInitializeOnLoad (68ms)
			ProcessInitializeOnLoadAttributes (332ms)
			ProcessInitializeOnLoadMethodAttributes (60ms)
			AfterProcessingInitializeOnLoad (9ms)
			EditorAssembliesLoaded (1ms)
		ExecutionOrderSort2 (0ms)
		AwakeInstancesAfterBackupRestoration (8ms)
Refreshing native plugins compatible for Editor in 6.96 ms, found 4 plugins.
Preloading 0 native plugins for Editor in 0.00 ms.
Unloading 4364 Unused Serialized files (Serialized files now loaded: 0)
Unloading 17 unused Assets / (332.0 KB). Loaded Objects now: 4884.
Memory consumption went from 152.3 MB to 152.0 MB.
Total: 2.889000 ms (FindLiveObjects: 0.325800 ms CreateObjectMapping: 0.274200 ms MarkObjects: 2.191100 ms  DeleteObjects: 0.097400 ms)

Prepare: number of updated asset objects reloaded= 0
AssetImportParameters requested are different than current active one (requested -> active):
  custom:scripting/monoscript/fileName/XLuaTest_InvokeLua_ICalcBridge.cs: 30fde9c3feb0b30e098352b4dfeb9cae -> 39dbaec3aa6ccdef5b8e133e5c8d912d
  custom:scripting/monoscript/fileName/UnityEngine_BehaviourWrap.cs: 50be6300a89da29ca17ad67a2589a5ca -> 07f04650a03b829841e9fab9d7740454
  custom:scripting/monoscript/fileName/UnityEngine_WaitForSecondsWrap.cs: 14ce79597090ca49f32e5242d176e3e0 -> f924ebf1733d94f4d65590a1a94e6531
  custom:scripting/monoscript/fileName/XLuaTest_PeddingWrap.cs: 904ed3ab876976c36018836c17a5f7cd -> 87db0d803af8b6af633a98194cb11698
  custom:container-demuxer-ogg: 62fdf1f143b41e24485cea50d1cbac27 -> 
  custom:scripting/monoscript/fileName/UnityEngine_Vector3Wrap.cs: ce0a23addf1a2b20f8676787382fe6da -> 63f465b9380555daafea25b4176adba5
  custom:scripting/monoscript/fileName/UnityEngine_RayWrap.cs: 1b2ced459e0f7fe10c0b5b9489be6f35 -> 0b84fbe6cabdb1173feb41e835ef3a40
  custom:scripting/monoscript/fileName/WrapPusher.cs: 3b3bd77f226a0f893aad8e7367a0f06b -> a7d84f614ae4cd3b956f9b8556cfd18e
  custom:scripting/monoscript/fileName/Tutorial_DerivedClassWrap.cs: a9f1f1a33e70d4aca6ed43632ef080bc -> 1a8da11bcfc26039296e071510ba3246
  custom:video-decoder-ogg-theora: a1e56fd34408186e4bbccfd4996cb3dc -> 
  custom:scripting/monoscript/fileName/XLuaTest_Foo2ChildWrap.cs: f25917eb49d7296a35740a2c6a4d40ec -> 30fab5c82eb5f5ffb38a0a6d668c1895
  custom:framework-win-MediaFoundation: 216162199b28c13a410421893ffa2e32 -> 
  custom:scripting/monoscript/fileName/UnityEngine_TimeWrap.cs: 582bbe1acbebc99abd038879d2ce291a -> 5e744018ad83dc4e6b5341356b280ff7
  custom:scripting/monoscript/fileName/UnityEngine_AnimationClipWrap.cs: 35e9dbce44e2400ca249a1b04e238032 -> 77a92debc688d37d0c76ed29e7849dc6
  custom:scripting/monoscript/fileName/UnityEngine_MonoBehaviourWrap.cs: ab88a4de07d1ed4d6902d46f78a9c2a5 -> 04d351bf9d6db68acd2847f2651b2d6b
  custom:scripting/monoscript/fileName/UnityEngine_MathfWrap.cs: b8423f29ae782d824fe5861eb133fe99 -> 333033f071a58c53b030860e1dc36f4e
  custom:scripting/monoscript/fileName/XLuaTest_Foo1ChildWrap.cs: 4e50b7c1fc1d91200bd6d308925718b7 -> 1c5e3d8cdf39c119ce22e5be32eae9dd
  custom:scripting/monoscript/fileName/UnityEngine_ResourcesWrap.cs: 7881eec03c10cac6aed4968059672b77 -> 698ab99237a4262ce7f88356cded464a
  custom:CustomObjectIndexerAttribute: 9a22284fe3817be447336de3de66b15e -> 
  custom:scripting/monoscript/fileName/EnumWrap.cs: e1678317fb40b1504377930932a65f00 -> 71aaf938165cbdbb0ac6c90ffee86023
  custom:container-demuxer-webm: 4f35f7cbe854078d1ac9338744f61a02 -> 
  custom:scripting/monoscript/fileName/UnityEngine_ParticleSystemWrap.cs: ea70451eecfa9db0287288ead2570a87 -> eee33c4ac5a2b762ef5a90683fe90f0f
  custom:scripting/monoscript/fileName/XLuaTest_BaseTestWrap.cs: 07e45de8fa2ee7650261714b0c2efcd8 -> 4f21680da7e23ca573808ca54815d505
  custom:scripting/monoscript/fileName/UnityEngine_BoundsWrap.cs: 0ac99f7c45b4a0aef916e0e5b49238c9 -> 3dd26eeb95bac2de8ce2da585d995261
  custom:scripting/monoscript/fileName/PackUnpack.cs: 7bf1a1e4b9a6d19c982a86f574107fe4 -> 273cbe68a303e04c83210a0d1b0dbfc8
  custom:scripting/monoscript/fileName/UnityEngine_KeyframeWrap.cs: 198c4d7f205e316a3726e83558840a1d -> f022c20884bfebd1cdba5d0a32b69287
  custom:scripting/monoscript/fileName/DelegatesGensBridge.cs: 14979ecd91d982a7d4b63ce8b241a2cb -> 9b33d1c344798966a03eb7d32474259e
  custom:container-muxer-webm: aa71ff27fc2769a1b78a27578f13a17b -> 
  custom:video-decoder-webm-vp8: 9c59270c3fd7afecdb556c50c9e8de78 -> 
  custom:scripting/monoscript/fileName/XLuaTest_FooWrap.cs: 94d50054e40ab48511cae7fb0b602c9b -> abbeeb9782209030752aecf7c8307085
  custom:scripting/monoscript/fileName/Tutorial_DerivedClassExtensionsWrap.cs: 8d3a8d18ccf52ef11958b45f9012fc25 -> e71c7199b289862c70f81cc97fad9cd1
  custom:scripting/monoscript/fileName/System_Collections_Generic_List_1_System_Int32_Wrap.cs: 17851e7c00326059ae0787338228160b -> 0d81f6d3ce2afe6f735fa61fb6f44318
  custom:scripting/monoscript/fileName/XLuaGenAutoRegister.cs: d853ef44aabfccb80e0b7c076b61770b -> f7d7a1bdecea0875c31215b468d1ea3c
  custom:SearchIndexIgnoredProperties: e643bd26f0fe6173181afceb89e7c659 -> 
  custom:scripting/monoscript/fileName/UnityEngine_ColorWrap.cs: bd8e985ef59408a673873236ce871e73 -> a2199b901d8d68ac06d36f834d48f0de
  custom:AudioImporter_EditorPlatform: d09bf68614088b80899f8185d706f6e7 -> 
  custom:scripting/monoscript/fileName/Tutorial_BaseClassWrap.cs: 0cb2af1d083b0b2c5e8cb36d24bfb39c -> 82bd31d966804ddf94755f42eec25c75
  custom:scripting/monoscript/fileName/UnityEngine_Ray2DWrap.cs: 0739f12fd5151febac857f4bf1dfbf4b -> 3948513cbdb210ff5fa49a4b2880e106
  custom:scripting/monoscript/fileName/UnityEngine_ComponentWrap.cs: e27295da2190ed2ebf55b5ac632d7f35 -> 3c3e0b9fedb2878f9f3fac771839136b
  custom:scripting/monoscript/fileName/System_ObjectWrap.cs: c4f7132fadbd7f5f459fdffb106ce8ad -> 9fb5e5ed9e38c23dad1e0232edf0373b
  custom:scripting/monoscript/fileName/XLuaTest_Foo1ParentWrap.cs: 4d06c6c313846bbd2659cf013bd8c081 -> bc3faaa30d66f1a9334279476c37b2a8
  custom:scripting/monoscript/fileName/XLuaTest_FooExtensionWrap.cs: 0cf66dd4ab170a1f2008f8b97f4f2106 -> 778d9d5cc8332e1d0739618b88aa2bb9
  custom:scripting/monoscript/fileName/UnityEngine_QuaternionWrap.cs: d7776a0aea79cbcec5ba2c36565a1173 -> 2be38f3d0f8715c9babd38533b7cc2f6
  custom:scripting/monoscript/fileName/UnityEngine_AnimationCurveWrap.cs: f2332648b2113d579022f7ac44ddf1a2 -> a1b4a7dab75f49fff03082ff025e4e5e
  custom:scripting/monoscript/fileName/XLuaTest_IExchangerBridge.cs: dbb2be54f36a2496a4425e7ceb90b9b9 -> a1b04ba231b7210d75c48779fb061387
  custom:scripting/monoscript/fileName/UnityEngine_LightWrap.cs: d3e76313bbab2d6f78618d0a96177993 -> afdccdb78964e15816bd84ff574e1d72
  custom:scripting/monoscript/fileName/System_Collections_IEnumeratorBridge.cs: e58d0dcf0aa39125fd572da9408c5a63 -> a6b8b2b6997973169c6bebc4e00197c3
  custom:video-encoder-webm-vp8: eb34c28f22e8b96e1ab97ce403110664 -> 
  custom:scripting/monoscript/fileName/XLuaTest_Foo2ParentWrap.cs: 3cfc8bf6cad7ab5669e86f82da9efffc -> e55fdaf088679107b1602d0f4f018827
  custom:scripting/monoscript/fileName/Tutorial_CSCallLua_ItfDBridge.cs: d05148e45525d393370f3ca919d4cdc0 -> 4e0a8d0795850c18cf92cbc673dc6199
  custom:scripting/monoscript/fileName/UnityEngine_Vector2Wrap.cs: dfd1be4a9f736e54a226859ba85dbc30 -> d8bd11c5df83747314d76d2e1152a25a
  custom:audio-decoder-ogg-vorbis: bf7c407c2cedff20999df2af8eb42d56 -> 
  custom:scripting/monoscript/fileName/UnityEngine_GameObjectWrap.cs: c4cddad80b77cae4a3f64483d25e1457 -> 499beb086fe32ba82bd6b30d04f108ea
  custom:scripting/monoscript/fileName/XLuaTest_NoGcWrap.cs: 7c2153fc9ca9cd0a3cc8b2d8a5de2fcd -> b8ab725f3034c7583c772afc97e73cfe
  custom:scripting/monoscript/fileName/UnityEngine_DebugWrap.cs: a14c41c7fbd7dec62bec687de4c6fe27 -> 2a23054f13a8c643d838dbc57d787e1a
  custom:scripting/monoscript/fileName/UnityEngine_SkinnedMeshRendererWrap.cs: 9ad169117eb1ff375ebe298216e6901c -> e6c3bb62aa80867a3afe5dcbb6224761
  custom:scripting/monoscript/fileName/UnityEngine_TextAssetWrap.cs: a895654ec821ef871bab45f0bf4ab1bf -> 96eae3d139831963806db363328bfefe
  custom:scripting/monoscript/fileName/UnityEngine_TransformWrap.cs: 1ec7fdf0df78c54383c54d4890267885 -> 50d916bbc9cc3aa204547c1dbcf1b841
  custom:scripting/monoscript/fileName/UnityEngine_RendererWrap.cs: f2bb488dcafa31d4d1829db70de7e3de -> e28d66316639c5d4634a4f4176885c0f
  custom:audio-encoder-webm-vorbis: bf7c407c2cedff20999df2af8eb42d56 -> 
  custom:scripting/monoscript/fileName/XLuaTest_LuaBehaviourWrap.cs: eb21b90bdd58645712610184d1a6b02e -> 8a24807dde2ec4b5434d8876b84591df
  custom:scripting/monoscript/fileName/UnityEngine_Vector4Wrap.cs: 4736b1d9605ba5be814644e3bcc9e928 -> e876ed87f63c3dc401e686c851325f69
  custom:scripting/monoscript/fileName/XLuaTest_MyStructWrap.cs: 55519c14d8f95433c1b6e262daa1d322 -> bcfe0251bd793e1e64a466467ef9f39d
  custom:scripting/monoscript/fileName/UnityEngine_ObjectWrap.cs: acbfc6ebce3660b3cec600cb246312ee -> d239f04268fb712161f840d533347443
  custom:scripting/precompiled-assembly-types:Assembly-CSharp: c80cbc873a113ccd39c9ed2554ddb117 -> 6d2cbbca728bbcc514a1a97e862a8e21
  custom:scripting/monoscript/fileName/Tutorial_ICalcWrap.cs: 9802804745e09aa6d92fbca1a46de55a -> 03d02c9cf202af74271e6b9339f2aa97
========================================================================
Received Prepare
Refreshing native plugins compatible for Editor in 6.55 ms, found 4 plugins.
Preloading 0 native plugins for Editor in 0.00 ms.
Unloading 4 Unused Serialized files (Serialized files now loaded: 0)
Unloading 4 unused Assets / (312.7 KB). Loaded Objects now: 4884.
Memory consumption went from 84.9 MB to 84.5 MB.
Total: 5.094600 ms (FindLiveObjects: 0.487100 ms CreateObjectMapping: 0.296500 ms MarkObjects: 3.994100 ms  DeleteObjects: 0.314600 ms)

Prepare: number of updated asset objects reloaded= 0
AssetImportParameters requested are different than current active one (requested -> active):
  custom:scripting/monoscript/fileName/XLuaTest_InvokeLua_ICalcBridge.cs: 30fde9c3feb0b30e098352b4dfeb9cae -> 39dbaec3aa6ccdef5b8e133e5c8d912d
  custom:scripting/monoscript/fileName/UnityEngine_BehaviourWrap.cs: 50be6300a89da29ca17ad67a2589a5ca -> 07f04650a03b829841e9fab9d7740454
  custom:scripting/monoscript/fileName/UnityEngine_WaitForSecondsWrap.cs: 14ce79597090ca49f32e5242d176e3e0 -> f924ebf1733d94f4d65590a1a94e6531
  custom:scripting/monoscript/fileName/XLuaTest_PeddingWrap.cs: 904ed3ab876976c36018836c17a5f7cd -> 87db0d803af8b6af633a98194cb11698
  custom:container-demuxer-ogg: 62fdf1f143b41e24485cea50d1cbac27 -> 
  custom:scripting/monoscript/fileName/UnityEngine_Vector3Wrap.cs: ce0a23addf1a2b20f8676787382fe6da -> 63f465b9380555daafea25b4176adba5
  custom:scripting/monoscript/fileName/UnityEngine_RayWrap.cs: 1b2ced459e0f7fe10c0b5b9489be6f35 -> 0b84fbe6cabdb1173feb41e835ef3a40
  custom:scripting/monoscript/fileName/WrapPusher.cs: 3b3bd77f226a0f893aad8e7367a0f06b -> a7d84f614ae4cd3b956f9b8556cfd18e
  custom:scripting/monoscript/fileName/Tutorial_DerivedClassWrap.cs: a9f1f1a33e70d4aca6ed43632ef080bc -> 1a8da11bcfc26039296e071510ba3246
  custom:video-decoder-ogg-theora: a1e56fd34408186e4bbccfd4996cb3dc -> 
  custom:scripting/monoscript/fileName/XLuaTest_Foo2ChildWrap.cs: f25917eb49d7296a35740a2c6a4d40ec -> 30fab5c82eb5f5ffb38a0a6d668c1895
  custom:framework-win-MediaFoundation: 216162199b28c13a410421893ffa2e32 -> 
  custom:scripting/monoscript/fileName/UnityEngine_TimeWrap.cs: 582bbe1acbebc99abd038879d2ce291a -> 5e744018ad83dc4e6b5341356b280ff7
  custom:scripting/monoscript/fileName/UnityEngine_AnimationClipWrap.cs: 35e9dbce44e2400ca249a1b04e238032 -> 77a92debc688d37d0c76ed29e7849dc6
  custom:scripting/monoscript/fileName/UnityEngine_MonoBehaviourWrap.cs: ab88a4de07d1ed4d6902d46f78a9c2a5 -> 04d351bf9d6db68acd2847f2651b2d6b
  custom:scripting/monoscript/fileName/UnityEngine_MathfWrap.cs: b8423f29ae782d824fe5861eb133fe99 -> 333033f071a58c53b030860e1dc36f4e
  custom:scripting/monoscript/fileName/XLuaTest_Foo1ChildWrap.cs: 4e50b7c1fc1d91200bd6d308925718b7 -> 1c5e3d8cdf39c119ce22e5be32eae9dd
  custom:scripting/monoscript/fileName/UnityEngine_ResourcesWrap.cs: 7881eec03c10cac6aed4968059672b77 -> 698ab99237a4262ce7f88356cded464a
  custom:CustomObjectIndexerAttribute: 9a22284fe3817be447336de3de66b15e -> 
  custom:scripting/monoscript/fileName/EnumWrap.cs: e1678317fb40b1504377930932a65f00 -> 71aaf938165cbdbb0ac6c90ffee86023
  custom:container-demuxer-webm: 4f35f7cbe854078d1ac9338744f61a02 -> 
  custom:scripting/monoscript/fileName/UnityEngine_ParticleSystemWrap.cs: ea70451eecfa9db0287288ead2570a87 -> eee33c4ac5a2b762ef5a90683fe90f0f
  custom:scripting/monoscript/fileName/XLuaTest_BaseTestWrap.cs: 07e45de8fa2ee7650261714b0c2efcd8 -> 4f21680da7e23ca573808ca54815d505
  custom:scripting/monoscript/fileName/UnityEngine_BoundsWrap.cs: 0ac99f7c45b4a0aef916e0e5b49238c9 -> 3dd26eeb95bac2de8ce2da585d995261
  custom:scripting/monoscript/fileName/PackUnpack.cs: 7bf1a1e4b9a6d19c982a86f574107fe4 -> 273cbe68a303e04c83210a0d1b0dbfc8
  custom:scripting/monoscript/fileName/UnityEngine_KeyframeWrap.cs: 198c4d7f205e316a3726e83558840a1d -> f022c20884bfebd1cdba5d0a32b69287
  custom:scripting/monoscript/fileName/DelegatesGensBridge.cs: 14979ecd91d982a7d4b63ce8b241a2cb -> 9b33d1c344798966a03eb7d32474259e
  custom:container-muxer-webm: aa71ff27fc2769a1b78a27578f13a17b -> 
  custom:video-decoder-webm-vp8: 9c59270c3fd7afecdb556c50c9e8de78 -> 
  custom:scripting/monoscript/fileName/XLuaTest_FooWrap.cs: 94d50054e40ab48511cae7fb0b602c9b -> abbeeb9782209030752aecf7c8307085
  custom:scripting/monoscript/fileName/Tutorial_DerivedClassExtensionsWrap.cs: 8d3a8d18ccf52ef11958b45f9012fc25 -> e71c7199b289862c70f81cc97fad9cd1
  custom:scripting/monoscript/fileName/System_Collections_Generic_List_1_System_Int32_Wrap.cs: 17851e7c00326059ae0787338228160b -> 0d81f6d3ce2afe6f735fa61fb6f44318
  custom:scripting/monoscript/fileName/XLuaGenAutoRegister.cs: d853ef44aabfccb80e0b7c076b61770b -> f7d7a1bdecea0875c31215b468d1ea3c
  custom:SearchIndexIgnoredProperties: e643bd26f0fe6173181afceb89e7c659 -> 
  custom:scripting/monoscript/fileName/UnityEngine_ColorWrap.cs: bd8e985ef59408a673873236ce871e73 -> a2199b901d8d68ac06d36f834d48f0de
  custom:AudioImporter_EditorPlatform: d09bf68614088b80899f8185d706f6e7 -> 
  custom:scripting/monoscript/fileName/Tutorial_BaseClassWrap.cs: 0cb2af1d083b0b2c5e8cb36d24bfb39c -> 82bd31d966804ddf94755f42eec25c75
  custom:scripting/monoscript/fileName/UnityEngine_Ray2DWrap.cs: 0739f12fd5151febac857f4bf1dfbf4b -> 3948513cbdb210ff5fa49a4b2880e106
  custom:scripting/monoscript/fileName/UnityEngine_ComponentWrap.cs: e27295da2190ed2ebf55b5ac632d7f35 -> 3c3e0b9fedb2878f9f3fac771839136b
  custom:scripting/monoscript/fileName/System_ObjectWrap.cs: c4f7132fadbd7f5f459fdffb106ce8ad -> 9fb5e5ed9e38c23dad1e0232edf0373b
  custom:scripting/monoscript/fileName/XLuaTest_Foo1ParentWrap.cs: 4d06c6c313846bbd2659cf013bd8c081 -> bc3faaa30d66f1a9334279476c37b2a8
  custom:scripting/monoscript/fileName/XLuaTest_FooExtensionWrap.cs: 0cf66dd4ab170a1f2008f8b97f4f2106 -> 778d9d5cc8332e1d0739618b88aa2bb9
  custom:scripting/monoscript/fileName/UnityEngine_QuaternionWrap.cs: d7776a0aea79cbcec5ba2c36565a1173 -> 2be38f3d0f8715c9babd38533b7cc2f6
  custom:scripting/monoscript/fileName/UnityEngine_AnimationCurveWrap.cs: f2332648b2113d579022f7ac44ddf1a2 -> a1b4a7dab75f49fff03082ff025e4e5e
  custom:scripting/monoscript/fileName/XLuaTest_IExchangerBridge.cs: dbb2be54f36a2496a4425e7ceb90b9b9 -> a1b04ba231b7210d75c48779fb061387
  custom:scripting/monoscript/fileName/UnityEngine_LightWrap.cs: d3e76313bbab2d6f78618d0a96177993 -> afdccdb78964e15816bd84ff574e1d72
  custom:scripting/monoscript/fileName/System_Collections_IEnumeratorBridge.cs: e58d0dcf0aa39125fd572da9408c5a63 -> a6b8b2b6997973169c6bebc4e00197c3
  custom:video-encoder-webm-vp8: eb34c28f22e8b96e1ab97ce403110664 -> 
  custom:scripting/monoscript/fileName/XLuaTest_Foo2ParentWrap.cs: 3cfc8bf6cad7ab5669e86f82da9efffc -> e55fdaf088679107b1602d0f4f018827
  custom:scripting/monoscript/fileName/Tutorial_CSCallLua_ItfDBridge.cs: d05148e45525d393370f3ca919d4cdc0 -> 4e0a8d0795850c18cf92cbc673dc6199
  custom:scripting/monoscript/fileName/UnityEngine_Vector2Wrap.cs: dfd1be4a9f736e54a226859ba85dbc30 -> d8bd11c5df83747314d76d2e1152a25a
  custom:audio-decoder-ogg-vorbis: bf7c407c2cedff20999df2af8eb42d56 -> 
  custom:scripting/monoscript/fileName/UnityEngine_GameObjectWrap.cs: c4cddad80b77cae4a3f64483d25e1457 -> 499beb086fe32ba82bd6b30d04f108ea
  custom:scripting/monoscript/fileName/XLuaTest_NoGcWrap.cs: 7c2153fc9ca9cd0a3cc8b2d8a5de2fcd -> b8ab725f3034c7583c772afc97e73cfe
  custom:scripting/monoscript/fileName/UnityEngine_DebugWrap.cs: a14c41c7fbd7dec62bec687de4c6fe27 -> 2a23054f13a8c643d838dbc57d787e1a
  custom:scripting/monoscript/fileName/UnityEngine_SkinnedMeshRendererWrap.cs: 9ad169117eb1ff375ebe298216e6901c -> e6c3bb62aa80867a3afe5dcbb6224761
  custom:scripting/monoscript/fileName/UnityEngine_TextAssetWrap.cs: a895654ec821ef871bab45f0bf4ab1bf -> 96eae3d139831963806db363328bfefe
  custom:scripting/monoscript/fileName/UnityEngine_TransformWrap.cs: 1ec7fdf0df78c54383c54d4890267885 -> 50d916bbc9cc3aa204547c1dbcf1b841
  custom:scripting/monoscript/fileName/UnityEngine_RendererWrap.cs: f2bb488dcafa31d4d1829db70de7e3de -> e28d66316639c5d4634a4f4176885c0f
  custom:audio-encoder-webm-vorbis: bf7c407c2cedff20999df2af8eb42d56 -> 
  custom:scripting/monoscript/fileName/XLuaTest_LuaBehaviourWrap.cs: eb21b90bdd58645712610184d1a6b02e -> 8a24807dde2ec4b5434d8876b84591df
  custom:scripting/monoscript/fileName/UnityEngine_Vector4Wrap.cs: 4736b1d9605ba5be814644e3bcc9e928 -> e876ed87f63c3dc401e686c851325f69
  custom:scripting/monoscript/fileName/XLuaTest_MyStructWrap.cs: 55519c14d8f95433c1b6e262daa1d322 -> bcfe0251bd793e1e64a466467ef9f39d
  custom:scripting/monoscript/fileName/UnityEngine_ObjectWrap.cs: acbfc6ebce3660b3cec600cb246312ee -> d239f04268fb712161f840d533347443
  custom:scripting/precompiled-assembly-types:Assembly-CSharp: c80cbc873a113ccd39c9ed2554ddb117 -> 6d2cbbca728bbcc514a1a97e862a8e21
  custom:scripting/monoscript/fileName/Tutorial_ICalcWrap.cs: 9802804745e09aa6d92fbca1a46de55a -> 03d02c9cf202af74271e6b9339f2aa97
========================================================================
Received Prepare
Caller must complete domain reload
Begin MonoManager ReloadAssembly
- Loaded All Assemblies, in  0.593 seconds
Native extension for WindowsStandalone target not found
Mono: successfully reloaded assembly
- Finished resetting the current domain, in  1.165 seconds
Domain Reload Profiling: 1755ms
	BeginReloadAssembly (187ms)
		ExecutionOrderSort (0ms)
		DisableScriptedObjects (4ms)
		BackupInstance (0ms)
		ReleaseScriptingObjects (0ms)
		CreateAndSetChildDomain (40ms)
	RebuildCommonClasses (36ms)
	RebuildNativeTypeToScriptingClass (17ms)
	initialDomainReloadingComplete (48ms)
	LoadAllAssembliesAndSetupDomain (301ms)
		LoadAssemblies (380ms)
		RebuildTransferFunctionScriptingTraits (0ms)
		AnalyzeDomain (31ms)
			TypeCache.Refresh (17ms)
				TypeCache.ScanAssembly (0ms)
			ScanForSourceGeneratedMonoScriptInfo (0ms)
			ResolveRequiredComponents (12ms)
	FinalizeReload (1166ms)
		ReleaseScriptCaches (0ms)
		RebuildScriptCaches (0ms)
		SetupLoadedEditorAssemblies (502ms)
			LogAssemblyErrors (0ms)
			InitializePlatformSupportModulesInManaged (6ms)
			SetLoadedEditorAssemblies (3ms)
			RefreshPlugins (0ms)
			BeforeProcessingInitializeOnLoad (67ms)
			ProcessInitializeOnLoadAttributes (353ms)
			ProcessInitializeOnLoadMethodAttributes (65ms)
			AfterProcessingInitializeOnLoad (8ms)
			EditorAssembliesLoaded (0ms)
		ExecutionOrderSort2 (0ms)
		AwakeInstancesAfterBackupRestoration (7ms)
Refreshing native plugins compatible for Editor in 10.75 ms, found 4 plugins.
Preloading 0 native plugins for Editor in 0.00 ms.
Unloading 4364 Unused Serialized files (Serialized files now loaded: 0)
Unloading 17 unused Assets / (331.9 KB). Loaded Objects now: 4887.
Memory consumption went from 152.3 MB to 152.0 MB.
Total: 4.806900 ms (FindLiveObjects: 0.361200 ms CreateObjectMapping: 0.307900 ms MarkObjects: 3.806400 ms  DeleteObjects: 0.329400 ms)

Prepare: number of updated asset objects reloaded= 0
AssetImportParameters requested are different than current active one (requested -> active):
  custom:scripting/monoscript/fileName/XLuaTest_InvokeLua_ICalcBridge.cs: 30fde9c3feb0b30e098352b4dfeb9cae -> 39dbaec3aa6ccdef5b8e133e5c8d912d
  custom:scripting/monoscript/fileName/UnityEngine_BehaviourWrap.cs: 50be6300a89da29ca17ad67a2589a5ca -> 07f04650a03b829841e9fab9d7740454
  custom:scripting/monoscript/fileName/UnityEngine_WaitForSecondsWrap.cs: 14ce79597090ca49f32e5242d176e3e0 -> f924ebf1733d94f4d65590a1a94e6531
  custom:scripting/monoscript/fileName/XLuaTest_PeddingWrap.cs: 904ed3ab876976c36018836c17a5f7cd -> 87db0d803af8b6af633a98194cb11698
  custom:container-demuxer-ogg: 62fdf1f143b41e24485cea50d1cbac27 -> 
  custom:scripting/monoscript/fileName/UnityEngine_Vector3Wrap.cs: ce0a23addf1a2b20f8676787382fe6da -> 63f465b9380555daafea25b4176adba5
  custom:scripting/monoscript/fileName/UnityEngine_RayWrap.cs: 1b2ced459e0f7fe10c0b5b9489be6f35 -> 0b84fbe6cabdb1173feb41e835ef3a40
  custom:scripting/monoscript/fileName/WrapPusher.cs: 3b3bd77f226a0f893aad8e7367a0f06b -> a7d84f614ae4cd3b956f9b8556cfd18e
  custom:scripting/monoscript/fileName/Tutorial_DerivedClassWrap.cs: a9f1f1a33e70d4aca6ed43632ef080bc -> 1a8da11bcfc26039296e071510ba3246
  custom:video-decoder-ogg-theora: a1e56fd34408186e4bbccfd4996cb3dc -> 
  custom:scripting/monoscript/fileName/XLuaTest_Foo2ChildWrap.cs: f25917eb49d7296a35740a2c6a4d40ec -> 30fab5c82eb5f5ffb38a0a6d668c1895
  custom:framework-win-MediaFoundation: 216162199b28c13a410421893ffa2e32 -> 
  custom:scripting/monoscript/fileName/UnityEngine_TimeWrap.cs: 582bbe1acbebc99abd038879d2ce291a -> 5e744018ad83dc4e6b5341356b280ff7
  custom:scripting/monoscript/fileName/UnityEngine_AnimationClipWrap.cs: 35e9dbce44e2400ca249a1b04e238032 -> 77a92debc688d37d0c76ed29e7849dc6
  custom:scripting/monoscript/fileName/UnityEngine_MonoBehaviourWrap.cs: ab88a4de07d1ed4d6902d46f78a9c2a5 -> 04d351bf9d6db68acd2847f2651b2d6b
  custom:scripting/monoscript/fileName/UnityEngine_MathfWrap.cs: b8423f29ae782d824fe5861eb133fe99 -> 333033f071a58c53b030860e1dc36f4e
  custom:scripting/monoscript/fileName/XLuaTest_Foo1ChildWrap.cs: 4e50b7c1fc1d91200bd6d308925718b7 -> 1c5e3d8cdf39c119ce22e5be32eae9dd
  custom:scripting/monoscript/fileName/UnityEngine_ResourcesWrap.cs: 7881eec03c10cac6aed4968059672b77 -> 698ab99237a4262ce7f88356cded464a
  custom:CustomObjectIndexerAttribute: 9a22284fe3817be447336de3de66b15e -> 
  custom:scripting/monoscript/fileName/EnumWrap.cs: e1678317fb40b1504377930932a65f00 -> 71aaf938165cbdbb0ac6c90ffee86023
  custom:container-demuxer-webm: 4f35f7cbe854078d1ac9338744f61a02 -> 
  custom:scripting/monoscript/fileName/UnityEngine_ParticleSystemWrap.cs: ea70451eecfa9db0287288ead2570a87 -> eee33c4ac5a2b762ef5a90683fe90f0f
  custom:scripting/monoscript/fileName/XLuaTest_BaseTestWrap.cs: 07e45de8fa2ee7650261714b0c2efcd8 -> 4f21680da7e23ca573808ca54815d505
  custom:scripting/monoscript/fileName/UnityEngine_BoundsWrap.cs: 0ac99f7c45b4a0aef916e0e5b49238c9 -> 3dd26eeb95bac2de8ce2da585d995261
  custom:scripting/monoscript/fileName/PackUnpack.cs: 7bf1a1e4b9a6d19c982a86f574107fe4 -> 273cbe68a303e04c83210a0d1b0dbfc8
  custom:scripting/monoscript/fileName/UnityEngine_KeyframeWrap.cs: 198c4d7f205e316a3726e83558840a1d -> f022c20884bfebd1cdba5d0a32b69287
  custom:scripting/monoscript/fileName/DelegatesGensBridge.cs: 14979ecd91d982a7d4b63ce8b241a2cb -> 9b33d1c344798966a03eb7d32474259e
  custom:container-muxer-webm: aa71ff27fc2769a1b78a27578f13a17b -> 
  custom:video-decoder-webm-vp8: 9c59270c3fd7afecdb556c50c9e8de78 -> 
  custom:scripting/monoscript/fileName/XLuaTest_FooWrap.cs: 94d50054e40ab48511cae7fb0b602c9b -> abbeeb9782209030752aecf7c8307085
  custom:scripting/monoscript/fileName/Tutorial_DerivedClassExtensionsWrap.cs: 8d3a8d18ccf52ef11958b45f9012fc25 -> e71c7199b289862c70f81cc97fad9cd1
  custom:scripting/monoscript/fileName/System_Collections_Generic_List_1_System_Int32_Wrap.cs: 17851e7c00326059ae0787338228160b -> 0d81f6d3ce2afe6f735fa61fb6f44318
  custom:scripting/monoscript/fileName/XLuaGenAutoRegister.cs: d853ef44aabfccb80e0b7c076b61770b -> f7d7a1bdecea0875c31215b468d1ea3c
  custom:SearchIndexIgnoredProperties: e643bd26f0fe6173181afceb89e7c659 -> 
  custom:scripting/monoscript/fileName/UnityEngine_ColorWrap.cs: bd8e985ef59408a673873236ce871e73 -> a2199b901d8d68ac06d36f834d48f0de
  custom:AudioImporter_EditorPlatform: d09bf68614088b80899f8185d706f6e7 -> 
  custom:scripting/monoscript/fileName/Tutorial_BaseClassWrap.cs: 0cb2af1d083b0b2c5e8cb36d24bfb39c -> 82bd31d966804ddf94755f42eec25c75
  custom:scripting/monoscript/fileName/UnityEngine_Ray2DWrap.cs: 0739f12fd5151febac857f4bf1dfbf4b -> 3948513cbdb210ff5fa49a4b2880e106
  custom:scripting/monoscript/fileName/UnityEngine_ComponentWrap.cs: e27295da2190ed2ebf55b5ac632d7f35 -> 3c3e0b9fedb2878f9f3fac771839136b
  custom:scripting/monoscript/fileName/System_ObjectWrap.cs: c4f7132fadbd7f5f459fdffb106ce8ad -> 9fb5e5ed9e38c23dad1e0232edf0373b
  custom:scripting/monoscript/fileName/XLuaTest_Foo1ParentWrap.cs: 4d06c6c313846bbd2659cf013bd8c081 -> bc3faaa30d66f1a9334279476c37b2a8
  custom:scripting/monoscript/fileName/XLuaTest_FooExtensionWrap.cs: 0cf66dd4ab170a1f2008f8b97f4f2106 -> 778d9d5cc8332e1d0739618b88aa2bb9
  custom:scripting/monoscript/fileName/UnityEngine_QuaternionWrap.cs: d7776a0aea79cbcec5ba2c36565a1173 -> 2be38f3d0f8715c9babd38533b7cc2f6
  custom:scripting/monoscript/fileName/UnityEngine_AnimationCurveWrap.cs: f2332648b2113d579022f7ac44ddf1a2 -> a1b4a7dab75f49fff03082ff025e4e5e
  custom:scripting/monoscript/fileName/XLuaTest_IExchangerBridge.cs: dbb2be54f36a2496a4425e7ceb90b9b9 -> a1b04ba231b7210d75c48779fb061387
  custom:scripting/monoscript/fileName/UnityEngine_LightWrap.cs: d3e76313bbab2d6f78618d0a96177993 -> afdccdb78964e15816bd84ff574e1d72
  custom:scripting/monoscript/fileName/System_Collections_IEnumeratorBridge.cs: e58d0dcf0aa39125fd572da9408c5a63 -> a6b8b2b6997973169c6bebc4e00197c3
  custom:video-encoder-webm-vp8: eb34c28f22e8b96e1ab97ce403110664 -> 
  custom:scripting/monoscript/fileName/XLuaTest_Foo2ParentWrap.cs: 3cfc8bf6cad7ab5669e86f82da9efffc -> e55fdaf088679107b1602d0f4f018827
  custom:scripting/monoscript/fileName/Tutorial_CSCallLua_ItfDBridge.cs: d05148e45525d393370f3ca919d4cdc0 -> 4e0a8d0795850c18cf92cbc673dc6199
  custom:scripting/monoscript/fileName/UnityEngine_Vector2Wrap.cs: dfd1be4a9f736e54a226859ba85dbc30 -> d8bd11c5df83747314d76d2e1152a25a
  custom:audio-decoder-ogg-vorbis: bf7c407c2cedff20999df2af8eb42d56 -> 
  custom:scripting/monoscript/fileName/UnityEngine_GameObjectWrap.cs: c4cddad80b77cae4a3f64483d25e1457 -> 499beb086fe32ba82bd6b30d04f108ea
  custom:scripting/monoscript/fileName/XLuaTest_NoGcWrap.cs: 7c2153fc9ca9cd0a3cc8b2d8a5de2fcd -> b8ab725f3034c7583c772afc97e73cfe
  custom:scripting/monoscript/fileName/UnityEngine_DebugWrap.cs: a14c41c7fbd7dec62bec687de4c6fe27 -> 2a23054f13a8c643d838dbc57d787e1a
  custom:scripting/monoscript/fileName/UnityEngine_SkinnedMeshRendererWrap.cs: 9ad169117eb1ff375ebe298216e6901c -> e6c3bb62aa80867a3afe5dcbb6224761
  custom:scripting/monoscript/fileName/UnityEngine_TextAssetWrap.cs: a895654ec821ef871bab45f0bf4ab1bf -> 96eae3d139831963806db363328bfefe
  custom:scripting/monoscript/fileName/UnityEngine_TransformWrap.cs: 1ec7fdf0df78c54383c54d4890267885 -> 50d916bbc9cc3aa204547c1dbcf1b841
  custom:scripting/monoscript/fileName/UnityEngine_RendererWrap.cs: f2bb488dcafa31d4d1829db70de7e3de -> e28d66316639c5d4634a4f4176885c0f
  custom:audio-encoder-webm-vorbis: bf7c407c2cedff20999df2af8eb42d56 -> 
  custom:scripting/monoscript/fileName/XLuaTest_LuaBehaviourWrap.cs: eb21b90bdd58645712610184d1a6b02e -> 8a24807dde2ec4b5434d8876b84591df
  custom:scripting/monoscript/fileName/UnityEngine_Vector4Wrap.cs: 4736b1d9605ba5be814644e3bcc9e928 -> e876ed87f63c3dc401e686c851325f69
  custom:scripting/monoscript/fileName/XLuaTest_MyStructWrap.cs: 55519c14d8f95433c1b6e262daa1d322 -> bcfe0251bd793e1e64a466467ef9f39d
  custom:scripting/monoscript/fileName/UnityEngine_ObjectWrap.cs: acbfc6ebce3660b3cec600cb246312ee -> d239f04268fb712161f840d533347443
  custom:scripting/precompiled-assembly-types:Assembly-CSharp: c80cbc873a113ccd39c9ed2554ddb117 -> 6d2cbbca728bbcc514a1a97e862a8e21
  custom:scripting/monoscript/fileName/Tutorial_ICalcWrap.cs: 9802804745e09aa6d92fbca1a46de55a -> 03d02c9cf202af74271e6b9339f2aa97
========================================================================
Received Prepare
Caller must complete domain reload
Begin MonoManager ReloadAssembly
- Loaded All Assemblies, in  0.687 seconds
Native extension for WindowsStandalone target not found
Mono: successfully reloaded assembly
- Finished resetting the current domain, in  1.261 seconds
Domain Reload Profiling: 1943ms
	BeginReloadAssembly (192ms)
		ExecutionOrderSort (0ms)
		DisableScriptedObjects (4ms)
		BackupInstance (0ms)
		ReleaseScriptingObjects (0ms)
		CreateAndSetChildDomain (43ms)
	RebuildCommonClasses (43ms)
	RebuildNativeTypeToScriptingClass (12ms)
	initialDomainReloadingComplete (42ms)
	LoadAllAssembliesAndSetupDomain (393ms)
		LoadAssemblies (421ms)
		RebuildTransferFunctionScriptingTraits (0ms)
		AnalyzeDomain (77ms)
			TypeCache.Refresh (37ms)
				TypeCache.ScanAssembly (3ms)
			ScanForSourceGeneratedMonoScriptInfo (30ms)
			ResolveRequiredComponents (9ms)
	FinalizeReload (1261ms)
		ReleaseScriptCaches (0ms)
		RebuildScriptCaches (0ms)
		SetupLoadedEditorAssemblies (507ms)
			LogAssemblyErrors (0ms)
			InitializePlatformSupportModulesInManaged (6ms)
			SetLoadedEditorAssemblies (3ms)
			RefreshPlugins (0ms)
			BeforeProcessingInitializeOnLoad (69ms)
			ProcessInitializeOnLoadAttributes (356ms)
			ProcessInitializeOnLoadMethodAttributes (63ms)
			AfterProcessingInitializeOnLoad (9ms)
			EditorAssembliesLoaded (0ms)
		ExecutionOrderSort2 (0ms)
		AwakeInstancesAfterBackupRestoration (7ms)
Refreshing native plugins compatible for Editor in 7.90 ms, found 4 plugins.
Preloading 0 native plugins for Editor in 0.00 ms.
Unloading 4311 Unused Serialized files (Serialized files now loaded: 0)
Unloading 70 unused Assets / (359.9 KB). Loaded Objects now: 4837.
Memory consumption went from 151.5 MB to 151.1 MB.
Total: 4.152100 ms (FindLiveObjects: 0.572200 ms CreateObjectMapping: 0.558900 ms MarkObjects: 2.854800 ms  DeleteObjects: 0.165500 ms)

Prepare: number of updated asset objects reloaded= 0
AssetImportParameters requested are different than current active one (requested -> active):
  custom:scripting/monoscript/fileName/XLuaTest_InvokeLua_ICalcBridge.cs: 30fde9c3feb0b30e098352b4dfeb9cae -> 39dbaec3aa6ccdef5b8e133e5c8d912d
  custom:scripting/monoscript/fileName/UnityEngine_BehaviourWrap.cs: 50be6300a89da29ca17ad67a2589a5ca -> 07f04650a03b829841e9fab9d7740454
  custom:scripting/monoscript/fileName/UnityEngine_WaitForSecondsWrap.cs: 14ce79597090ca49f32e5242d176e3e0 -> f924ebf1733d94f4d65590a1a94e6531
  custom:scripting/monoscript/fileName/XLuaTest_PeddingWrap.cs: 904ed3ab876976c36018836c17a5f7cd -> 87db0d803af8b6af633a98194cb11698
  custom:container-demuxer-ogg: 62fdf1f143b41e24485cea50d1cbac27 -> 
  custom:scripting/monoscript/fileName/UnityEngine_Vector3Wrap.cs: ce0a23addf1a2b20f8676787382fe6da -> 63f465b9380555daafea25b4176adba5
  custom:scripting/monoscript/fileName/UnityEngine_RayWrap.cs: 1b2ced459e0f7fe10c0b5b9489be6f35 -> 0b84fbe6cabdb1173feb41e835ef3a40
  custom:scripting/monoscript/fileName/WrapPusher.cs: 3b3bd77f226a0f893aad8e7367a0f06b -> a7d84f614ae4cd3b956f9b8556cfd18e
  custom:scripting/monoscript/fileName/Tutorial_DerivedClassWrap.cs: a9f1f1a33e70d4aca6ed43632ef080bc -> 1a8da11bcfc26039296e071510ba3246
  custom:video-decoder-ogg-theora: a1e56fd34408186e4bbccfd4996cb3dc -> 
  custom:scripting/monoscript/fileName/XLuaTest_Foo2ChildWrap.cs: f25917eb49d7296a35740a2c6a4d40ec -> 30fab5c82eb5f5ffb38a0a6d668c1895
  custom:framework-win-MediaFoundation: 216162199b28c13a410421893ffa2e32 -> 
  custom:scripting/monoscript/fileName/UnityEngine_TimeWrap.cs: 582bbe1acbebc99abd038879d2ce291a -> 5e744018ad83dc4e6b5341356b280ff7
  custom:scripting/monoscript/fileName/UnityEngine_AnimationClipWrap.cs: 35e9dbce44e2400ca249a1b04e238032 -> 77a92debc688d37d0c76ed29e7849dc6
  custom:scripting/monoscript/fileName/UnityEngine_MonoBehaviourWrap.cs: ab88a4de07d1ed4d6902d46f78a9c2a5 -> 04d351bf9d6db68acd2847f2651b2d6b
  custom:scripting/monoscript/fileName/UnityEngine_MathfWrap.cs: b8423f29ae782d824fe5861eb133fe99 -> 333033f071a58c53b030860e1dc36f4e
  custom:scripting/monoscript/fileName/XLuaTest_Foo1ChildWrap.cs: 4e50b7c1fc1d91200bd6d308925718b7 -> 1c5e3d8cdf39c119ce22e5be32eae9dd
  custom:scripting/monoscript/fileName/UnityEngine_ResourcesWrap.cs: 7881eec03c10cac6aed4968059672b77 -> 698ab99237a4262ce7f88356cded464a
  custom:CustomObjectIndexerAttribute: 9a22284fe3817be447336de3de66b15e -> 
  custom:scripting/monoscript/fileName/EnumWrap.cs: e1678317fb40b1504377930932a65f00 -> 71aaf938165cbdbb0ac6c90ffee86023
  custom:container-demuxer-webm: 4f35f7cbe854078d1ac9338744f61a02 -> 
  custom:scripting/monoscript/fileName/UnityEngine_ParticleSystemWrap.cs: ea70451eecfa9db0287288ead2570a87 -> eee33c4ac5a2b762ef5a90683fe90f0f
  custom:scripting/monoscript/fileName/XLuaTest_BaseTestWrap.cs: 07e45de8fa2ee7650261714b0c2efcd8 -> 4f21680da7e23ca573808ca54815d505
  custom:scripting/monoscript/fileName/UnityEngine_BoundsWrap.cs: 0ac99f7c45b4a0aef916e0e5b49238c9 -> 3dd26eeb95bac2de8ce2da585d995261
  custom:scripting/monoscript/fileName/PackUnpack.cs: 7bf1a1e4b9a6d19c982a86f574107fe4 -> 273cbe68a303e04c83210a0d1b0dbfc8
  custom:scripting/monoscript/fileName/UnityEngine_KeyframeWrap.cs: 198c4d7f205e316a3726e83558840a1d -> f022c20884bfebd1cdba5d0a32b69287
  custom:scripting/monoscript/fileName/DelegatesGensBridge.cs: 14979ecd91d982a7d4b63ce8b241a2cb -> 9b33d1c344798966a03eb7d32474259e
  custom:container-muxer-webm: aa71ff27fc2769a1b78a27578f13a17b -> 
  custom:video-decoder-webm-vp8: 9c59270c3fd7afecdb556c50c9e8de78 -> 
  custom:scripting/monoscript/fileName/XLuaTest_FooWrap.cs: 94d50054e40ab48511cae7fb0b602c9b -> abbeeb9782209030752aecf7c8307085
  custom:scripting/monoscript/fileName/Tutorial_DerivedClassExtensionsWrap.cs: 8d3a8d18ccf52ef11958b45f9012fc25 -> e71c7199b289862c70f81cc97fad9cd1
  custom:scripting/monoscript/fileName/System_Collections_Generic_List_1_System_Int32_Wrap.cs: 17851e7c00326059ae0787338228160b -> 0d81f6d3ce2afe6f735fa61fb6f44318
  custom:scripting/monoscript/fileName/XLuaGenAutoRegister.cs: d853ef44aabfccb80e0b7c076b61770b -> f7d7a1bdecea0875c31215b468d1ea3c
  custom:SearchIndexIgnoredProperties: e643bd26f0fe6173181afceb89e7c659 -> 
  custom:scripting/monoscript/fileName/UnityEngine_ColorWrap.cs: bd8e985ef59408a673873236ce871e73 -> a2199b901d8d68ac06d36f834d48f0de
  custom:AudioImporter_EditorPlatform: d09bf68614088b80899f8185d706f6e7 -> 
  custom:scripting/monoscript/fileName/Tutorial_BaseClassWrap.cs: 0cb2af1d083b0b2c5e8cb36d24bfb39c -> 82bd31d966804ddf94755f42eec25c75
  custom:scripting/monoscript/fileName/UnityEngine_Ray2DWrap.cs: 0739f12fd5151febac857f4bf1dfbf4b -> 3948513cbdb210ff5fa49a4b2880e106
  custom:scripting/monoscript/fileName/UnityEngine_ComponentWrap.cs: e27295da2190ed2ebf55b5ac632d7f35 -> 3c3e0b9fedb2878f9f3fac771839136b
  custom:scripting/monoscript/fileName/System_ObjectWrap.cs: c4f7132fadbd7f5f459fdffb106ce8ad -> 9fb5e5ed9e38c23dad1e0232edf0373b
  custom:scripting/monoscript/fileName/XLuaTest_Foo1ParentWrap.cs: 4d06c6c313846bbd2659cf013bd8c081 -> bc3faaa30d66f1a9334279476c37b2a8
  custom:scripting/monoscript/fileName/XLuaTest_FooExtensionWrap.cs: 0cf66dd4ab170a1f2008f8b97f4f2106 -> 778d9d5cc8332e1d0739618b88aa2bb9
  custom:scripting/monoscript/fileName/UnityEngine_QuaternionWrap.cs: d7776a0aea79cbcec5ba2c36565a1173 -> 2be38f3d0f8715c9babd38533b7cc2f6
  custom:scripting/monoscript/fileName/UnityEngine_AnimationCurveWrap.cs: f2332648b2113d579022f7ac44ddf1a2 -> a1b4a7dab75f49fff03082ff025e4e5e
  custom:scripting/monoscript/fileName/XLuaTest_IExchangerBridge.cs: dbb2be54f36a2496a4425e7ceb90b9b9 -> a1b04ba231b7210d75c48779fb061387
  custom:scripting/monoscript/fileName/UnityEngine_LightWrap.cs: d3e76313bbab2d6f78618d0a96177993 -> afdccdb78964e15816bd84ff574e1d72
  custom:scripting/monoscript/fileName/System_Collections_IEnumeratorBridge.cs: e58d0dcf0aa39125fd572da9408c5a63 -> a6b8b2b6997973169c6bebc4e00197c3
  custom:video-encoder-webm-vp8: eb34c28f22e8b96e1ab97ce403110664 -> 
  custom:scripting/monoscript/fileName/XLuaTest_Foo2ParentWrap.cs: 3cfc8bf6cad7ab5669e86f82da9efffc -> e55fdaf088679107b1602d0f4f018827
  custom:scripting/monoscript/fileName/Tutorial_CSCallLua_ItfDBridge.cs: d05148e45525d393370f3ca919d4cdc0 -> 4e0a8d0795850c18cf92cbc673dc6199
  custom:scripting/monoscript/fileName/UnityEngine_Vector2Wrap.cs: dfd1be4a9f736e54a226859ba85dbc30 -> d8bd11c5df83747314d76d2e1152a25a
  custom:audio-decoder-ogg-vorbis: bf7c407c2cedff20999df2af8eb42d56 -> 
  custom:scripting/monoscript/fileName/UnityEngine_GameObjectWrap.cs: c4cddad80b77cae4a3f64483d25e1457 -> 499beb086fe32ba82bd6b30d04f108ea
  custom:scripting/monoscript/fileName/XLuaTest_NoGcWrap.cs: 7c2153fc9ca9cd0a3cc8b2d8a5de2fcd -> b8ab725f3034c7583c772afc97e73cfe
  custom:scripting/monoscript/fileName/UnityEngine_DebugWrap.cs: a14c41c7fbd7dec62bec687de4c6fe27 -> 2a23054f13a8c643d838dbc57d787e1a
  custom:scripting/monoscript/fileName/UnityEngine_SkinnedMeshRendererWrap.cs: 9ad169117eb1ff375ebe298216e6901c -> e6c3bb62aa80867a3afe5dcbb6224761
  custom:scripting/monoscript/fileName/UnityEngine_TextAssetWrap.cs: a895654ec821ef871bab45f0bf4ab1bf -> 96eae3d139831963806db363328bfefe
  custom:scripting/monoscript/fileName/UnityEngine_TransformWrap.cs: 1ec7fdf0df78c54383c54d4890267885 -> 50d916bbc9cc3aa204547c1dbcf1b841
  custom:scripting/monoscript/fileName/UnityEngine_RendererWrap.cs: f2bb488dcafa31d4d1829db70de7e3de -> e28d66316639c5d4634a4f4176885c0f
  custom:audio-encoder-webm-vorbis: bf7c407c2cedff20999df2af8eb42d56 -> 
  custom:scripting/monoscript/fileName/XLuaTest_LuaBehaviourWrap.cs: eb21b90bdd58645712610184d1a6b02e -> 8a24807dde2ec4b5434d8876b84591df
  custom:scripting/monoscript/fileName/UnityEngine_Vector4Wrap.cs: 4736b1d9605ba5be814644e3bcc9e928 -> e876ed87f63c3dc401e686c851325f69
  custom:scripting/monoscript/fileName/XLuaTest_MyStructWrap.cs: 55519c14d8f95433c1b6e262daa1d322 -> bcfe0251bd793e1e64a466467ef9f39d
  custom:scripting/monoscript/fileName/UnityEngine_ObjectWrap.cs: acbfc6ebce3660b3cec600cb246312ee -> d239f04268fb712161f840d533347443
  custom:scripting/precompiled-assembly-types:Assembly-CSharp: 7f215f4b51c6a6c7c1fbe1effeda673d -> 6d2cbbca728bbcc514a1a97e862a8e21
  custom:scripting/monoscript/fileName/Tutorial_ICalcWrap.cs: 9802804745e09aa6d92fbca1a46de55a -> 03d02c9cf202af74271e6b9339f2aa97
========================================================================
Received Prepare
Refreshing native plugins compatible for Editor in 9.55 ms, found 4 plugins.
Preloading 0 native plugins for Editor in 0.00 ms.
Unloading 4 Unused Serialized files (Serialized files now loaded: 0)
Unloading 4 unused Assets / (313.1 KB). Loaded Objects now: 4837.
Memory consumption went from 84.8 MB to 84.5 MB.
Total: 2.943600 ms (FindLiveObjects: 0.359500 ms CreateObjectMapping: 0.304500 ms MarkObjects: 2.145400 ms  DeleteObjects: 0.133100 ms)

Prepare: number of updated asset objects reloaded= 0
AssetImportParameters requested are different than current active one (requested -> active):
  custom:scripting/monoscript/fileName/XLuaTest_InvokeLua_ICalcBridge.cs: 30fde9c3feb0b30e098352b4dfeb9cae -> 39dbaec3aa6ccdef5b8e133e5c8d912d
  custom:scripting/monoscript/fileName/UnityEngine_BehaviourWrap.cs: 50be6300a89da29ca17ad67a2589a5ca -> 07f04650a03b829841e9fab9d7740454
  custom:scripting/monoscript/fileName/UnityEngine_WaitForSecondsWrap.cs: 14ce79597090ca49f32e5242d176e3e0 -> f924ebf1733d94f4d65590a1a94e6531
  custom:scripting/monoscript/fileName/XLuaTest_PeddingWrap.cs: 904ed3ab876976c36018836c17a5f7cd -> 87db0d803af8b6af633a98194cb11698
  custom:container-demuxer-ogg: 62fdf1f143b41e24485cea50d1cbac27 -> 
  custom:scripting/monoscript/fileName/UnityEngine_Vector3Wrap.cs: ce0a23addf1a2b20f8676787382fe6da -> 63f465b9380555daafea25b4176adba5
  custom:scripting/monoscript/fileName/UnityEngine_RayWrap.cs: 1b2ced459e0f7fe10c0b5b9489be6f35 -> 0b84fbe6cabdb1173feb41e835ef3a40
  custom:scripting/monoscript/fileName/WrapPusher.cs: 3b3bd77f226a0f893aad8e7367a0f06b -> a7d84f614ae4cd3b956f9b8556cfd18e
  custom:scripting/monoscript/fileName/Tutorial_DerivedClassWrap.cs: a9f1f1a33e70d4aca6ed43632ef080bc -> 1a8da11bcfc26039296e071510ba3246
  custom:video-decoder-ogg-theora: a1e56fd34408186e4bbccfd4996cb3dc -> 
  custom:scripting/monoscript/fileName/XLuaTest_Foo2ChildWrap.cs: f25917eb49d7296a35740a2c6a4d40ec -> 30fab5c82eb5f5ffb38a0a6d668c1895
  custom:framework-win-MediaFoundation: 216162199b28c13a410421893ffa2e32 -> 
  custom:scripting/monoscript/fileName/UnityEngine_TimeWrap.cs: 582bbe1acbebc99abd038879d2ce291a -> 5e744018ad83dc4e6b5341356b280ff7
  custom:scripting/monoscript/fileName/UnityEngine_AnimationClipWrap.cs: 35e9dbce44e2400ca249a1b04e238032 -> 77a92debc688d37d0c76ed29e7849dc6
  custom:scripting/monoscript/fileName/UnityEngine_MonoBehaviourWrap.cs: ab88a4de07d1ed4d6902d46f78a9c2a5 -> 04d351bf9d6db68acd2847f2651b2d6b
  custom:scripting/monoscript/fileName/UnityEngine_MathfWrap.cs: b8423f29ae782d824fe5861eb133fe99 -> 333033f071a58c53b030860e1dc36f4e
  custom:scripting/monoscript/fileName/XLuaTest_Foo1ChildWrap.cs: 4e50b7c1fc1d91200bd6d308925718b7 -> 1c5e3d8cdf39c119ce22e5be32eae9dd
  custom:scripting/monoscript/fileName/UnityEngine_ResourcesWrap.cs: 7881eec03c10cac6aed4968059672b77 -> 698ab99237a4262ce7f88356cded464a
  custom:CustomObjectIndexerAttribute: 9a22284fe3817be447336de3de66b15e -> 
  custom:scripting/monoscript/fileName/EnumWrap.cs: e1678317fb40b1504377930932a65f00 -> 71aaf938165cbdbb0ac6c90ffee86023
  custom:container-demuxer-webm: 4f35f7cbe854078d1ac9338744f61a02 -> 
  custom:scripting/monoscript/fileName/UnityEngine_ParticleSystemWrap.cs: ea70451eecfa9db0287288ead2570a87 -> eee33c4ac5a2b762ef5a90683fe90f0f
  custom:scripting/monoscript/fileName/XLuaTest_BaseTestWrap.cs: 07e45de8fa2ee7650261714b0c2efcd8 -> 4f21680da7e23ca573808ca54815d505
  custom:scripting/monoscript/fileName/UnityEngine_BoundsWrap.cs: 0ac99f7c45b4a0aef916e0e5b49238c9 -> 3dd26eeb95bac2de8ce2da585d995261
  custom:scripting/monoscript/fileName/PackUnpack.cs: 7bf1a1e4b9a6d19c982a86f574107fe4 -> 273cbe68a303e04c83210a0d1b0dbfc8
  custom:scripting/monoscript/fileName/UnityEngine_KeyframeWrap.cs: 198c4d7f205e316a3726e83558840a1d -> f022c20884bfebd1cdba5d0a32b69287
  custom:scripting/monoscript/fileName/DelegatesGensBridge.cs: 14979ecd91d982a7d4b63ce8b241a2cb -> 9b33d1c344798966a03eb7d32474259e
  custom:container-muxer-webm: aa71ff27fc2769a1b78a27578f13a17b -> 
  custom:video-decoder-webm-vp8: 9c59270c3fd7afecdb556c50c9e8de78 -> 
  custom:scripting/monoscript/fileName/XLuaTest_FooWrap.cs: 94d50054e40ab48511cae7fb0b602c9b -> abbeeb9782209030752aecf7c8307085
  custom:scripting/monoscript/fileName/Tutorial_DerivedClassExtensionsWrap.cs: 8d3a8d18ccf52ef11958b45f9012fc25 -> e71c7199b289862c70f81cc97fad9cd1
  custom:scripting/monoscript/fileName/System_Collections_Generic_List_1_System_Int32_Wrap.cs: 17851e7c00326059ae0787338228160b -> 0d81f6d3ce2afe6f735fa61fb6f44318
  custom:scripting/monoscript/fileName/XLuaGenAutoRegister.cs: d853ef44aabfccb80e0b7c076b61770b -> f7d7a1bdecea0875c31215b468d1ea3c
  custom:SearchIndexIgnoredProperties: e643bd26f0fe6173181afceb89e7c659 -> 
  custom:scripting/monoscript/fileName/UnityEngine_ColorWrap.cs: bd8e985ef59408a673873236ce871e73 -> a2199b901d8d68ac06d36f834d48f0de
  custom:AudioImporter_EditorPlatform: d09bf68614088b80899f8185d706f6e7 -> 
  custom:scripting/monoscript/fileName/Tutorial_BaseClassWrap.cs: 0cb2af1d083b0b2c5e8cb36d24bfb39c -> 82bd31d966804ddf94755f42eec25c75
  custom:scripting/monoscript/fileName/UnityEngine_Ray2DWrap.cs: 0739f12fd5151febac857f4bf1dfbf4b -> 3948513cbdb210ff5fa49a4b2880e106
  custom:scripting/monoscript/fileName/UnityEngine_ComponentWrap.cs: e27295da2190ed2ebf55b5ac632d7f35 -> 3c3e0b9fedb2878f9f3fac771839136b
  custom:scripting/monoscript/fileName/System_ObjectWrap.cs: c4f7132fadbd7f5f459fdffb106ce8ad -> 9fb5e5ed9e38c23dad1e0232edf0373b
  custom:scripting/monoscript/fileName/XLuaTest_Foo1ParentWrap.cs: 4d06c6c313846bbd2659cf013bd8c081 -> bc3faaa30d66f1a9334279476c37b2a8
  custom:scripting/monoscript/fileName/XLuaTest_FooExtensionWrap.cs: 0cf66dd4ab170a1f2008f8b97f4f2106 -> 778d9d5cc8332e1d0739618b88aa2bb9
  custom:scripting/monoscript/fileName/UnityEngine_QuaternionWrap.cs: d7776a0aea79cbcec5ba2c36565a1173 -> 2be38f3d0f8715c9babd38533b7cc2f6
  custom:scripting/monoscript/fileName/UnityEngine_AnimationCurveWrap.cs: f2332648b2113d579022f7ac44ddf1a2 -> a1b4a7dab75f49fff03082ff025e4e5e
  custom:scripting/monoscript/fileName/XLuaTest_IExchangerBridge.cs: dbb2be54f36a2496a4425e7ceb90b9b9 -> a1b04ba231b7210d75c48779fb061387
  custom:scripting/monoscript/fileName/UnityEngine_LightWrap.cs: d3e76313bbab2d6f78618d0a96177993 -> afdccdb78964e15816bd84ff574e1d72
  custom:scripting/monoscript/fileName/System_Collections_IEnumeratorBridge.cs: e58d0dcf0aa39125fd572da9408c5a63 -> a6b8b2b6997973169c6bebc4e00197c3
  custom:video-encoder-webm-vp8: eb34c28f22e8b96e1ab97ce403110664 -> 
  custom:scripting/monoscript/fileName/XLuaTest_Foo2ParentWrap.cs: 3cfc8bf6cad7ab5669e86f82da9efffc -> e55fdaf088679107b1602d0f4f018827
  custom:scripting/monoscript/fileName/Tutorial_CSCallLua_ItfDBridge.cs: d05148e45525d393370f3ca919d4cdc0 -> 4e0a8d0795850c18cf92cbc673dc6199
  custom:scripting/monoscript/fileName/UnityEngine_Vector2Wrap.cs: dfd1be4a9f736e54a226859ba85dbc30 -> d8bd11c5df83747314d76d2e1152a25a
  custom:audio-decoder-ogg-vorbis: bf7c407c2cedff20999df2af8eb42d56 -> 
  custom:scripting/monoscript/fileName/UnityEngine_GameObjectWrap.cs: c4cddad80b77cae4a3f64483d25e1457 -> 499beb086fe32ba82bd6b30d04f108ea
  custom:scripting/monoscript/fileName/XLuaTest_NoGcWrap.cs: 7c2153fc9ca9cd0a3cc8b2d8a5de2fcd -> b8ab725f3034c7583c772afc97e73cfe
  custom:scripting/monoscript/fileName/UnityEngine_DebugWrap.cs: a14c41c7fbd7dec62bec687de4c6fe27 -> 2a23054f13a8c643d838dbc57d787e1a
  custom:scripting/monoscript/fileName/UnityEngine_SkinnedMeshRendererWrap.cs: 9ad169117eb1ff375ebe298216e6901c -> e6c3bb62aa80867a3afe5dcbb6224761
  custom:scripting/monoscript/fileName/UnityEngine_TextAssetWrap.cs: a895654ec821ef871bab45f0bf4ab1bf -> 96eae3d139831963806db363328bfefe
  custom:scripting/monoscript/fileName/UnityEngine_TransformWrap.cs: 1ec7fdf0df78c54383c54d4890267885 -> 50d916bbc9cc3aa204547c1dbcf1b841
  custom:scripting/monoscript/fileName/UnityEngine_RendererWrap.cs: f2bb488dcafa31d4d1829db70de7e3de -> e28d66316639c5d4634a4f4176885c0f
  custom:audio-encoder-webm-vorbis: bf7c407c2cedff20999df2af8eb42d56 -> 
  custom:scripting/monoscript/fileName/XLuaTest_LuaBehaviourWrap.cs: eb21b90bdd58645712610184d1a6b02e -> 8a24807dde2ec4b5434d8876b84591df
  custom:scripting/monoscript/fileName/UnityEngine_Vector4Wrap.cs: 4736b1d9605ba5be814644e3bcc9e928 -> e876ed87f63c3dc401e686c851325f69
  custom:scripting/monoscript/fileName/XLuaTest_MyStructWrap.cs: 55519c14d8f95433c1b6e262daa1d322 -> bcfe0251bd793e1e64a466467ef9f39d
  custom:scripting/monoscript/fileName/UnityEngine_ObjectWrap.cs: acbfc6ebce3660b3cec600cb246312ee -> d239f04268fb712161f840d533347443
  custom:scripting/precompiled-assembly-types:Assembly-CSharp: 7f215f4b51c6a6c7c1fbe1effeda673d -> 6d2cbbca728bbcc514a1a97e862a8e21
  custom:scripting/monoscript/fileName/Tutorial_ICalcWrap.cs: 9802804745e09aa6d92fbca1a46de55a -> 03d02c9cf202af74271e6b9339f2aa97
========================================================================
Received Prepare
Refreshing native plugins compatible for Editor in 7.43 ms, found 4 plugins.
Preloading 0 native plugins for Editor in 0.00 ms.
Unloading 4 Unused Serialized files (Serialized files now loaded: 0)
Unloading 4 unused Assets / (313.1 KB). Loaded Objects now: 4837.
Memory consumption went from 84.4 MB to 84.1 MB.
Total: 2.899200 ms (FindLiveObjects: 0.361600 ms CreateObjectMapping: 0.304600 ms MarkObjects: 2.142000 ms  DeleteObjects: 0.090300 ms)

Prepare: number of updated asset objects reloaded= 0
AssetImportParameters requested are different than current active one (requested -> active):
  custom:scripting/monoscript/fileName/XLuaTest_InvokeLua_ICalcBridge.cs: 30fde9c3feb0b30e098352b4dfeb9cae -> 39dbaec3aa6ccdef5b8e133e5c8d912d
  custom:scripting/monoscript/fileName/UnityEngine_BehaviourWrap.cs: 50be6300a89da29ca17ad67a2589a5ca -> 07f04650a03b829841e9fab9d7740454
  custom:scripting/monoscript/fileName/UnityEngine_WaitForSecondsWrap.cs: 14ce79597090ca49f32e5242d176e3e0 -> f924ebf1733d94f4d65590a1a94e6531
  custom:scripting/monoscript/fileName/XLuaTest_PeddingWrap.cs: 904ed3ab876976c36018836c17a5f7cd -> 87db0d803af8b6af633a98194cb11698
  custom:container-demuxer-ogg: 62fdf1f143b41e24485cea50d1cbac27 -> 
  custom:scripting/monoscript/fileName/UnityEngine_Vector3Wrap.cs: ce0a23addf1a2b20f8676787382fe6da -> 63f465b9380555daafea25b4176adba5
  custom:scripting/monoscript/fileName/UnityEngine_RayWrap.cs: 1b2ced459e0f7fe10c0b5b9489be6f35 -> 0b84fbe6cabdb1173feb41e835ef3a40
  custom:scripting/monoscript/fileName/WrapPusher.cs: 3b3bd77f226a0f893aad8e7367a0f06b -> a7d84f614ae4cd3b956f9b8556cfd18e
  custom:scripting/monoscript/fileName/Tutorial_DerivedClassWrap.cs: a9f1f1a33e70d4aca6ed43632ef080bc -> 1a8da11bcfc26039296e071510ba3246
  custom:video-decoder-ogg-theora: a1e56fd34408186e4bbccfd4996cb3dc -> 
  custom:scripting/monoscript/fileName/XLuaTest_Foo2ChildWrap.cs: f25917eb49d7296a35740a2c6a4d40ec -> 30fab5c82eb5f5ffb38a0a6d668c1895
  custom:framework-win-MediaFoundation: 216162199b28c13a410421893ffa2e32 -> 
  custom:scripting/monoscript/fileName/UnityEngine_TimeWrap.cs: 582bbe1acbebc99abd038879d2ce291a -> 5e744018ad83dc4e6b5341356b280ff7
  custom:scripting/monoscript/fileName/UnityEngine_AnimationClipWrap.cs: 35e9dbce44e2400ca249a1b04e238032 -> 77a92debc688d37d0c76ed29e7849dc6
  custom:scripting/monoscript/fileName/UnityEngine_MonoBehaviourWrap.cs: ab88a4de07d1ed4d6902d46f78a9c2a5 -> 04d351bf9d6db68acd2847f2651b2d6b
  custom:scripting/monoscript/fileName/UnityEngine_MathfWrap.cs: b8423f29ae782d824fe5861eb133fe99 -> 333033f071a58c53b030860e1dc36f4e
  custom:scripting/monoscript/fileName/XLuaTest_Foo1ChildWrap.cs: 4e50b7c1fc1d91200bd6d308925718b7 -> 1c5e3d8cdf39c119ce22e5be32eae9dd
  custom:scripting/monoscript/fileName/UnityEngine_ResourcesWrap.cs: 7881eec03c10cac6aed4968059672b77 -> 698ab99237a4262ce7f88356cded464a
  custom:CustomObjectIndexerAttribute: 9a22284fe3817be447336de3de66b15e -> 
  custom:scripting/monoscript/fileName/EnumWrap.cs: e1678317fb40b1504377930932a65f00 -> 71aaf938165cbdbb0ac6c90ffee86023
  custom:container-demuxer-webm: 4f35f7cbe854078d1ac9338744f61a02 -> 
  custom:scripting/monoscript/fileName/UnityEngine_ParticleSystemWrap.cs: ea70451eecfa9db0287288ead2570a87 -> eee33c4ac5a2b762ef5a90683fe90f0f
  custom:scripting/monoscript/fileName/XLuaTest_BaseTestWrap.cs: 07e45de8fa2ee7650261714b0c2efcd8 -> 4f21680da7e23ca573808ca54815d505
  custom:scripting/monoscript/fileName/UnityEngine_BoundsWrap.cs: 0ac99f7c45b4a0aef916e0e5b49238c9 -> 3dd26eeb95bac2de8ce2da585d995261
  custom:scripting/monoscript/fileName/PackUnpack.cs: 7bf1a1e4b9a6d19c982a86f574107fe4 -> 273cbe68a303e04c83210a0d1b0dbfc8
  custom:scripting/monoscript/fileName/UnityEngine_KeyframeWrap.cs: 198c4d7f205e316a3726e83558840a1d -> f022c20884bfebd1cdba5d0a32b69287
  custom:scripting/monoscript/fileName/DelegatesGensBridge.cs: 14979ecd91d982a7d4b63ce8b241a2cb -> 9b33d1c344798966a03eb7d32474259e
  custom:container-muxer-webm: aa71ff27fc2769a1b78a27578f13a17b -> 
  custom:video-decoder-webm-vp8: 9c59270c3fd7afecdb556c50c9e8de78 -> 
  custom:scripting/monoscript/fileName/XLuaTest_FooWrap.cs: 94d50054e40ab48511cae7fb0b602c9b -> abbeeb9782209030752aecf7c8307085
  custom:scripting/monoscript/fileName/Tutorial_DerivedClassExtensionsWrap.cs: 8d3a8d18ccf52ef11958b45f9012fc25 -> e71c7199b289862c70f81cc97fad9cd1
  custom:scripting/monoscript/fileName/System_Collections_Generic_List_1_System_Int32_Wrap.cs: 17851e7c00326059ae0787338228160b -> 0d81f6d3ce2afe6f735fa61fb6f44318
  custom:scripting/monoscript/fileName/XLuaGenAutoRegister.cs: d853ef44aabfccb80e0b7c076b61770b -> f7d7a1bdecea0875c31215b468d1ea3c
  custom:SearchIndexIgnoredProperties: e643bd26f0fe6173181afceb89e7c659 -> 
  custom:scripting/monoscript/fileName/UnityEngine_ColorWrap.cs: bd8e985ef59408a673873236ce871e73 -> a2199b901d8d68ac06d36f834d48f0de
  custom:AudioImporter_EditorPlatform: d09bf68614088b80899f8185d706f6e7 -> 
  custom:scripting/monoscript/fileName/Tutorial_BaseClassWrap.cs: 0cb2af1d083b0b2c5e8cb36d24bfb39c -> 82bd31d966804ddf94755f42eec25c75
  custom:scripting/monoscript/fileName/UnityEngine_Ray2DWrap.cs: 0739f12fd5151febac857f4bf1dfbf4b -> 3948513cbdb210ff5fa49a4b2880e106
  custom:scripting/monoscript/fileName/UnityEngine_ComponentWrap.cs: e27295da2190ed2ebf55b5ac632d7f35 -> 3c3e0b9fedb2878f9f3fac771839136b
  custom:scripting/monoscript/fileName/System_ObjectWrap.cs: c4f7132fadbd7f5f459fdffb106ce8ad -> 9fb5e5ed9e38c23dad1e0232edf0373b
  custom:scripting/monoscript/fileName/XLuaTest_Foo1ParentWrap.cs: 4d06c6c313846bbd2659cf013bd8c081 -> bc3faaa30d66f1a9334279476c37b2a8
  custom:scripting/monoscript/fileName/XLuaTest_FooExtensionWrap.cs: 0cf66dd4ab170a1f2008f8b97f4f2106 -> 778d9d5cc8332e1d0739618b88aa2bb9
  custom:scripting/monoscript/fileName/UnityEngine_QuaternionWrap.cs: d7776a0aea79cbcec5ba2c36565a1173 -> 2be38f3d0f8715c9babd38533b7cc2f6
  custom:scripting/monoscript/fileName/UnityEngine_AnimationCurveWrap.cs: f2332648b2113d579022f7ac44ddf1a2 -> a1b4a7dab75f49fff03082ff025e4e5e
  custom:scripting/monoscript/fileName/XLuaTest_IExchangerBridge.cs: dbb2be54f36a2496a4425e7ceb90b9b9 -> a1b04ba231b7210d75c48779fb061387
  custom:scripting/monoscript/fileName/UnityEngine_LightWrap.cs: d3e76313bbab2d6f78618d0a96177993 -> afdccdb78964e15816bd84ff574e1d72
  custom:scripting/monoscript/fileName/System_Collections_IEnumeratorBridge.cs: e58d0dcf0aa39125fd572da9408c5a63 -> a6b8b2b6997973169c6bebc4e00197c3
  custom:video-encoder-webm-vp8: eb34c28f22e8b96e1ab97ce403110664 -> 
  custom:scripting/monoscript/fileName/XLuaTest_Foo2ParentWrap.cs: 3cfc8bf6cad7ab5669e86f82da9efffc -> e55fdaf088679107b1602d0f4f018827
  custom:scripting/monoscript/fileName/Tutorial_CSCallLua_ItfDBridge.cs: d05148e45525d393370f3ca919d4cdc0 -> 4e0a8d0795850c18cf92cbc673dc6199
  custom:scripting/monoscript/fileName/UnityEngine_Vector2Wrap.cs: dfd1be4a9f736e54a226859ba85dbc30 -> d8bd11c5df83747314d76d2e1152a25a
  custom:audio-decoder-ogg-vorbis: bf7c407c2cedff20999df2af8eb42d56 -> 
  custom:scripting/monoscript/fileName/UnityEngine_GameObjectWrap.cs: c4cddad80b77cae4a3f64483d25e1457 -> 499beb086fe32ba82bd6b30d04f108ea
  custom:scripting/monoscript/fileName/XLuaTest_NoGcWrap.cs: 7c2153fc9ca9cd0a3cc8b2d8a5de2fcd -> b8ab725f3034c7583c772afc97e73cfe
  custom:scripting/monoscript/fileName/UnityEngine_DebugWrap.cs: a14c41c7fbd7dec62bec687de4c6fe27 -> 2a23054f13a8c643d838dbc57d787e1a
  custom:scripting/monoscript/fileName/UnityEngine_SkinnedMeshRendererWrap.cs: 9ad169117eb1ff375ebe298216e6901c -> e6c3bb62aa80867a3afe5dcbb6224761
  custom:scripting/monoscript/fileName/UnityEngine_TextAssetWrap.cs: a895654ec821ef871bab45f0bf4ab1bf -> 96eae3d139831963806db363328bfefe
  custom:scripting/monoscript/fileName/UnityEngine_TransformWrap.cs: 1ec7fdf0df78c54383c54d4890267885 -> 50d916bbc9cc3aa204547c1dbcf1b841
  custom:scripting/monoscript/fileName/UnityEngine_RendererWrap.cs: f2bb488dcafa31d4d1829db70de7e3de -> e28d66316639c5d4634a4f4176885c0f
  custom:audio-encoder-webm-vorbis: bf7c407c2cedff20999df2af8eb42d56 -> 
  custom:scripting/monoscript/fileName/XLuaTest_LuaBehaviourWrap.cs: eb21b90bdd58645712610184d1a6b02e -> 8a24807dde2ec4b5434d8876b84591df
  custom:scripting/monoscript/fileName/UnityEngine_Vector4Wrap.cs: 4736b1d9605ba5be814644e3bcc9e928 -> e876ed87f63c3dc401e686c851325f69
  custom:scripting/monoscript/fileName/XLuaTest_MyStructWrap.cs: 55519c14d8f95433c1b6e262daa1d322 -> bcfe0251bd793e1e64a466467ef9f39d
  custom:scripting/monoscript/fileName/UnityEngine_ObjectWrap.cs: acbfc6ebce3660b3cec600cb246312ee -> d239f04268fb712161f840d533347443
  custom:scripting/precompiled-assembly-types:Assembly-CSharp: 7f215f4b51c6a6c7c1fbe1effeda673d -> 6d2cbbca728bbcc514a1a97e862a8e21
  custom:scripting/monoscript/fileName/Tutorial_ICalcWrap.cs: 9802804745e09aa6d92fbca1a46de55a -> 03d02c9cf202af74271e6b9339f2aa97
========================================================================
Received Prepare
Caller must complete domain reload
Begin MonoManager ReloadAssembly
- Loaded All Assemblies, in  0.616 seconds
Native extension for WindowsStandalone target not found
Mono: successfully reloaded assembly
- Finished resetting the current domain, in  1.305 seconds
Domain Reload Profiling: 1917ms
	BeginReloadAssembly (185ms)
		ExecutionOrderSort (0ms)
		DisableScriptedObjects (4ms)
		BackupInstance (0ms)
		ReleaseScriptingObjects (0ms)
		CreateAndSetChildDomain (34ms)
	RebuildCommonClasses (40ms)
	RebuildNativeTypeToScriptingClass (15ms)
	initialDomainReloadingComplete (41ms)
	LoadAllAssembliesAndSetupDomain (331ms)
		LoadAssemblies (407ms)
		RebuildTransferFunctionScriptingTraits (0ms)
		AnalyzeDomain (34ms)
			TypeCache.Refresh (11ms)
				TypeCache.ScanAssembly (1ms)
			ScanForSourceGeneratedMonoScriptInfo (14ms)
			ResolveRequiredComponents (7ms)
	FinalizeReload (1305ms)
		ReleaseScriptCaches (0ms)
		RebuildScriptCaches (0ms)
		SetupLoadedEditorAssemblies (551ms)
			LogAssemblyErrors (0ms)
			InitializePlatformSupportModulesInManaged (8ms)
			SetLoadedEditorAssemblies (4ms)
			RefreshPlugins (0ms)
			BeforeProcessingInitializeOnLoad (82ms)
			ProcessInitializeOnLoadAttributes (382ms)
			ProcessInitializeOnLoadMethodAttributes (69ms)
			AfterProcessingInitializeOnLoad (7ms)
			EditorAssembliesLoaded (0ms)
		ExecutionOrderSort2 (0ms)
		AwakeInstancesAfterBackupRestoration (9ms)
Refreshing native plugins compatible for Editor in 8.61 ms, found 4 plugins.
Preloading 0 native plugins for Editor in 0.00 ms.
Unloading 4311 Unused Serialized files (Serialized files now loaded: 0)
Unloading 17 unused Assets / (332.0 KB). Loaded Objects now: 4840.
Memory consumption went from 151.4 MB to 151.1 MB.
Total: 3.945400 ms (FindLiveObjects: 0.394900 ms CreateObjectMapping: 0.412900 ms MarkObjects: 2.808500 ms  DeleteObjects: 0.328300 ms)

Prepare: number of updated asset objects reloaded= 0
AssetImportParameters requested are different than current active one (requested -> active):
  custom:scripting/monoscript/fileName/XLuaTest_InvokeLua_ICalcBridge.cs: 30fde9c3feb0b30e098352b4dfeb9cae -> 39dbaec3aa6ccdef5b8e133e5c8d912d
  custom:scripting/monoscript/fileName/UnityEngine_BehaviourWrap.cs: 50be6300a89da29ca17ad67a2589a5ca -> 07f04650a03b829841e9fab9d7740454
  custom:scripting/monoscript/fileName/UnityEngine_WaitForSecondsWrap.cs: 14ce79597090ca49f32e5242d176e3e0 -> f924ebf1733d94f4d65590a1a94e6531
  custom:scripting/monoscript/fileName/XLuaTest_PeddingWrap.cs: 904ed3ab876976c36018836c17a5f7cd -> 87db0d803af8b6af633a98194cb11698
  custom:container-demuxer-ogg: 62fdf1f143b41e24485cea50d1cbac27 -> 
  custom:scripting/monoscript/fileName/UnityEngine_Vector3Wrap.cs: ce0a23addf1a2b20f8676787382fe6da -> 63f465b9380555daafea25b4176adba5
  custom:scripting/monoscript/fileName/UnityEngine_RayWrap.cs: 1b2ced459e0f7fe10c0b5b9489be6f35 -> 0b84fbe6cabdb1173feb41e835ef3a40
  custom:scripting/monoscript/fileName/WrapPusher.cs: 3b3bd77f226a0f893aad8e7367a0f06b -> a7d84f614ae4cd3b956f9b8556cfd18e
  custom:scripting/monoscript/fileName/Tutorial_DerivedClassWrap.cs: a9f1f1a33e70d4aca6ed43632ef080bc -> 1a8da11bcfc26039296e071510ba3246
  custom:video-decoder-ogg-theora: a1e56fd34408186e4bbccfd4996cb3dc -> 
  custom:scripting/monoscript/fileName/XLuaTest_Foo2ChildWrap.cs: f25917eb49d7296a35740a2c6a4d40ec -> 30fab5c82eb5f5ffb38a0a6d668c1895
  custom:framework-win-MediaFoundation: 216162199b28c13a410421893ffa2e32 -> 
  custom:scripting/monoscript/fileName/UnityEngine_TimeWrap.cs: 582bbe1acbebc99abd038879d2ce291a -> 5e744018ad83dc4e6b5341356b280ff7
  custom:scripting/monoscript/fileName/UnityEngine_AnimationClipWrap.cs: 35e9dbce44e2400ca249a1b04e238032 -> 77a92debc688d37d0c76ed29e7849dc6
  custom:scripting/monoscript/fileName/UnityEngine_MonoBehaviourWrap.cs: ab88a4de07d1ed4d6902d46f78a9c2a5 -> 04d351bf9d6db68acd2847f2651b2d6b
  custom:scripting/monoscript/fileName/UnityEngine_MathfWrap.cs: b8423f29ae782d824fe5861eb133fe99 -> 333033f071a58c53b030860e1dc36f4e
  custom:scripting/monoscript/fileName/XLuaTest_Foo1ChildWrap.cs: 4e50b7c1fc1d91200bd6d308925718b7 -> 1c5e3d8cdf39c119ce22e5be32eae9dd
  custom:scripting/monoscript/fileName/UnityEngine_ResourcesWrap.cs: 7881eec03c10cac6aed4968059672b77 -> 698ab99237a4262ce7f88356cded464a
  custom:CustomObjectIndexerAttribute: 9a22284fe3817be447336de3de66b15e -> 
  custom:scripting/monoscript/fileName/EnumWrap.cs: e1678317fb40b1504377930932a65f00 -> 71aaf938165cbdbb0ac6c90ffee86023
  custom:container-demuxer-webm: 4f35f7cbe854078d1ac9338744f61a02 -> 
  custom:scripting/monoscript/fileName/UnityEngine_ParticleSystemWrap.cs: ea70451eecfa9db0287288ead2570a87 -> eee33c4ac5a2b762ef5a90683fe90f0f
  custom:scripting/monoscript/fileName/XLuaTest_BaseTestWrap.cs: 07e45de8fa2ee7650261714b0c2efcd8 -> 4f21680da7e23ca573808ca54815d505
  custom:scripting/monoscript/fileName/UnityEngine_BoundsWrap.cs: 0ac99f7c45b4a0aef916e0e5b49238c9 -> 3dd26eeb95bac2de8ce2da585d995261
  custom:scripting/monoscript/fileName/PackUnpack.cs: 7bf1a1e4b9a6d19c982a86f574107fe4 -> 273cbe68a303e04c83210a0d1b0dbfc8
  custom:scripting/monoscript/fileName/UnityEngine_KeyframeWrap.cs: 198c4d7f205e316a3726e83558840a1d -> f022c20884bfebd1cdba5d0a32b69287
  custom:scripting/monoscript/fileName/DelegatesGensBridge.cs: 14979ecd91d982a7d4b63ce8b241a2cb -> 9b33d1c344798966a03eb7d32474259e
  custom:container-muxer-webm: aa71ff27fc2769a1b78a27578f13a17b -> 
  custom:video-decoder-webm-vp8: 9c59270c3fd7afecdb556c50c9e8de78 -> 
  custom:scripting/monoscript/fileName/XLuaTest_FooWrap.cs: 94d50054e40ab48511cae7fb0b602c9b -> abbeeb9782209030752aecf7c8307085
  custom:scripting/monoscript/fileName/Tutorial_DerivedClassExtensionsWrap.cs: 8d3a8d18ccf52ef11958b45f9012fc25 -> e71c7199b289862c70f81cc97fad9cd1
  custom:scripting/monoscript/fileName/System_Collections_Generic_List_1_System_Int32_Wrap.cs: 17851e7c00326059ae0787338228160b -> 0d81f6d3ce2afe6f735fa61fb6f44318
  custom:scripting/monoscript/fileName/XLuaGenAutoRegister.cs: d853ef44aabfccb80e0b7c076b61770b -> f7d7a1bdecea0875c31215b468d1ea3c
  custom:SearchIndexIgnoredProperties: e643bd26f0fe6173181afceb89e7c659 -> 
  custom:scripting/monoscript/fileName/UnityEngine_ColorWrap.cs: bd8e985ef59408a673873236ce871e73 -> a2199b901d8d68ac06d36f834d48f0de
  custom:AudioImporter_EditorPlatform: d09bf68614088b80899f8185d706f6e7 -> 
  custom:scripting/monoscript/fileName/Tutorial_BaseClassWrap.cs: 0cb2af1d083b0b2c5e8cb36d24bfb39c -> 82bd31d966804ddf94755f42eec25c75
  custom:scripting/monoscript/fileName/UnityEngine_Ray2DWrap.cs: 0739f12fd5151febac857f4bf1dfbf4b -> 3948513cbdb210ff5fa49a4b2880e106
  custom:scripting/monoscript/fileName/UnityEngine_ComponentWrap.cs: e27295da2190ed2ebf55b5ac632d7f35 -> 3c3e0b9fedb2878f9f3fac771839136b
  custom:scripting/monoscript/fileName/System_ObjectWrap.cs: c4f7132fadbd7f5f459fdffb106ce8ad -> 9fb5e5ed9e38c23dad1e0232edf0373b
  custom:scripting/monoscript/fileName/XLuaTest_Foo1ParentWrap.cs: 4d06c6c313846bbd2659cf013bd8c081 -> bc3faaa30d66f1a9334279476c37b2a8
  custom:scripting/monoscript/fileName/XLuaTest_FooExtensionWrap.cs: 0cf66dd4ab170a1f2008f8b97f4f2106 -> 778d9d5cc8332e1d0739618b88aa2bb9
  custom:scripting/monoscript/fileName/UnityEngine_QuaternionWrap.cs: d7776a0aea79cbcec5ba2c36565a1173 -> 2be38f3d0f8715c9babd38533b7cc2f6
  custom:scripting/monoscript/fileName/UnityEngine_AnimationCurveWrap.cs: f2332648b2113d579022f7ac44ddf1a2 -> a1b4a7dab75f49fff03082ff025e4e5e
  custom:scripting/monoscript/fileName/XLuaTest_IExchangerBridge.cs: dbb2be54f36a2496a4425e7ceb90b9b9 -> a1b04ba231b7210d75c48779fb061387
  custom:scripting/monoscript/fileName/UnityEngine_LightWrap.cs: d3e76313bbab2d6f78618d0a96177993 -> afdccdb78964e15816bd84ff574e1d72
  custom:scripting/monoscript/fileName/System_Collections_IEnumeratorBridge.cs: e58d0dcf0aa39125fd572da9408c5a63 -> a6b8b2b6997973169c6bebc4e00197c3
  custom:video-encoder-webm-vp8: eb34c28f22e8b96e1ab97ce403110664 -> 
  custom:scripting/monoscript/fileName/XLuaTest_Foo2ParentWrap.cs: 3cfc8bf6cad7ab5669e86f82da9efffc -> e55fdaf088679107b1602d0f4f018827
  custom:scripting/monoscript/fileName/Tutorial_CSCallLua_ItfDBridge.cs: d05148e45525d393370f3ca919d4cdc0 -> 4e0a8d0795850c18cf92cbc673dc6199
  custom:scripting/monoscript/fileName/UnityEngine_Vector2Wrap.cs: dfd1be4a9f736e54a226859ba85dbc30 -> d8bd11c5df83747314d76d2e1152a25a
  custom:audio-decoder-ogg-vorbis: bf7c407c2cedff20999df2af8eb42d56 -> 
  custom:scripting/monoscript/fileName/UnityEngine_GameObjectWrap.cs: c4cddad80b77cae4a3f64483d25e1457 -> 499beb086fe32ba82bd6b30d04f108ea
  custom:scripting/monoscript/fileName/XLuaTest_NoGcWrap.cs: 7c2153fc9ca9cd0a3cc8b2d8a5de2fcd -> b8ab725f3034c7583c772afc97e73cfe
  custom:scripting/monoscript/fileName/UnityEngine_DebugWrap.cs: a14c41c7fbd7dec62bec687de4c6fe27 -> 2a23054f13a8c643d838dbc57d787e1a
  custom:scripting/monoscript/fileName/UnityEngine_SkinnedMeshRendererWrap.cs: 9ad169117eb1ff375ebe298216e6901c -> e6c3bb62aa80867a3afe5dcbb6224761
  custom:scripting/monoscript/fileName/UnityEngine_TextAssetWrap.cs: a895654ec821ef871bab45f0bf4ab1bf -> 96eae3d139831963806db363328bfefe
  custom:scripting/monoscript/fileName/UnityEngine_TransformWrap.cs: 1ec7fdf0df78c54383c54d4890267885 -> 50d916bbc9cc3aa204547c1dbcf1b841
  custom:scripting/monoscript/fileName/UnityEngine_RendererWrap.cs: f2bb488dcafa31d4d1829db70de7e3de -> e28d66316639c5d4634a4f4176885c0f
  custom:audio-encoder-webm-vorbis: bf7c407c2cedff20999df2af8eb42d56 -> 
  custom:scripting/monoscript/fileName/XLuaTest_LuaBehaviourWrap.cs: eb21b90bdd58645712610184d1a6b02e -> 8a24807dde2ec4b5434d8876b84591df
  custom:scripting/monoscript/fileName/UnityEngine_Vector4Wrap.cs: 4736b1d9605ba5be814644e3bcc9e928 -> e876ed87f63c3dc401e686c851325f69
  custom:scripting/monoscript/fileName/XLuaTest_MyStructWrap.cs: 55519c14d8f95433c1b6e262daa1d322 -> bcfe0251bd793e1e64a466467ef9f39d
  custom:scripting/monoscript/fileName/UnityEngine_ObjectWrap.cs: acbfc6ebce3660b3cec600cb246312ee -> d239f04268fb712161f840d533347443
  custom:scripting/precompiled-assembly-types:Assembly-CSharp: 7f215f4b51c6a6c7c1fbe1effeda673d -> 6d2cbbca728bbcc514a1a97e862a8e21
  custom:scripting/monoscript/fileName/Tutorial_ICalcWrap.cs: 9802804745e09aa6d92fbca1a46de55a -> 03d02c9cf202af74271e6b9339f2aa97
========================================================================
Received Prepare
Refreshing native plugins compatible for Editor in 8.34 ms, found 4 plugins.
Preloading 0 native plugins for Editor in 0.00 ms.
Unloading 4 Unused Serialized files (Serialized files now loaded: 0)
Unloading 4 unused Assets / (313.1 KB). Loaded Objects now: 4840.
Memory consumption went from 84.8 MB to 84.5 MB.
Total: 7.777200 ms (FindLiveObjects: 1.024000 ms CreateObjectMapping: 1.532900 ms MarkObjects: 5.065800 ms  DeleteObjects: 0.152300 ms)

Prepare: number of updated asset objects reloaded= 0
AssetImportParameters requested are different than current active one (requested -> active):
  custom:scripting/monoscript/fileName/XLuaTest_InvokeLua_ICalcBridge.cs: 30fde9c3feb0b30e098352b4dfeb9cae -> 39dbaec3aa6ccdef5b8e133e5c8d912d
  custom:scripting/monoscript/fileName/UnityEngine_BehaviourWrap.cs: 50be6300a89da29ca17ad67a2589a5ca -> 07f04650a03b829841e9fab9d7740454
  custom:scripting/monoscript/fileName/UnityEngine_WaitForSecondsWrap.cs: 14ce79597090ca49f32e5242d176e3e0 -> f924ebf1733d94f4d65590a1a94e6531
  custom:scripting/monoscript/fileName/XLuaTest_PeddingWrap.cs: 904ed3ab876976c36018836c17a5f7cd -> 87db0d803af8b6af633a98194cb11698
  custom:container-demuxer-ogg: 62fdf1f143b41e24485cea50d1cbac27 -> 
  custom:scripting/monoscript/fileName/UnityEngine_Vector3Wrap.cs: ce0a23addf1a2b20f8676787382fe6da -> 63f465b9380555daafea25b4176adba5
  custom:scripting/monoscript/fileName/UnityEngine_RayWrap.cs: 1b2ced459e0f7fe10c0b5b9489be6f35 -> 0b84fbe6cabdb1173feb41e835ef3a40
  custom:scripting/monoscript/fileName/WrapPusher.cs: 3b3bd77f226a0f893aad8e7367a0f06b -> a7d84f614ae4cd3b956f9b8556cfd18e
  custom:scripting/monoscript/fileName/Tutorial_DerivedClassWrap.cs: a9f1f1a33e70d4aca6ed43632ef080bc -> 1a8da11bcfc26039296e071510ba3246
  custom:video-decoder-ogg-theora: a1e56fd34408186e4bbccfd4996cb3dc -> 
  custom:scripting/monoscript/fileName/XLuaTest_Foo2ChildWrap.cs: f25917eb49d7296a35740a2c6a4d40ec -> 30fab5c82eb5f5ffb38a0a6d668c1895
  custom:framework-win-MediaFoundation: 216162199b28c13a410421893ffa2e32 -> 
  custom:scripting/monoscript/fileName/UnityEngine_TimeWrap.cs: 582bbe1acbebc99abd038879d2ce291a -> 5e744018ad83dc4e6b5341356b280ff7
  custom:scripting/monoscript/fileName/UnityEngine_AnimationClipWrap.cs: 35e9dbce44e2400ca249a1b04e238032 -> 77a92debc688d37d0c76ed29e7849dc6
  custom:scripting/monoscript/fileName/UnityEngine_MonoBehaviourWrap.cs: ab88a4de07d1ed4d6902d46f78a9c2a5 -> 04d351bf9d6db68acd2847f2651b2d6b
  custom:scripting/monoscript/fileName/UnityEngine_MathfWrap.cs: b8423f29ae782d824fe5861eb133fe99 -> 333033f071a58c53b030860e1dc36f4e
  custom:scripting/monoscript/fileName/XLuaTest_Foo1ChildWrap.cs: 4e50b7c1fc1d91200bd6d308925718b7 -> 1c5e3d8cdf39c119ce22e5be32eae9dd
  custom:scripting/monoscript/fileName/UnityEngine_ResourcesWrap.cs: 7881eec03c10cac6aed4968059672b77 -> 698ab99237a4262ce7f88356cded464a
  custom:CustomObjectIndexerAttribute: 9a22284fe3817be447336de3de66b15e -> 
  custom:scripting/monoscript/fileName/EnumWrap.cs: e1678317fb40b1504377930932a65f00 -> 71aaf938165cbdbb0ac6c90ffee86023
  custom:container-demuxer-webm: 4f35f7cbe854078d1ac9338744f61a02 -> 
  custom:scripting/monoscript/fileName/UnityEngine_ParticleSystemWrap.cs: ea70451eecfa9db0287288ead2570a87 -> eee33c4ac5a2b762ef5a90683fe90f0f
  custom:scripting/monoscript/fileName/XLuaTest_BaseTestWrap.cs: 07e45de8fa2ee7650261714b0c2efcd8 -> 4f21680da7e23ca573808ca54815d505
  custom:scripting/monoscript/fileName/UnityEngine_BoundsWrap.cs: 0ac99f7c45b4a0aef916e0e5b49238c9 -> 3dd26eeb95bac2de8ce2da585d995261
  custom:scripting/monoscript/fileName/PackUnpack.cs: 7bf1a1e4b9a6d19c982a86f574107fe4 -> 273cbe68a303e04c83210a0d1b0dbfc8
  custom:scripting/monoscript/fileName/UnityEngine_KeyframeWrap.cs: 198c4d7f205e316a3726e83558840a1d -> f022c20884bfebd1cdba5d0a32b69287
  custom:scripting/monoscript/fileName/DelegatesGensBridge.cs: 14979ecd91d982a7d4b63ce8b241a2cb -> 9b33d1c344798966a03eb7d32474259e
  custom:container-muxer-webm: aa71ff27fc2769a1b78a27578f13a17b -> 
  custom:video-decoder-webm-vp8: 9c59270c3fd7afecdb556c50c9e8de78 -> 
  custom:scripting/monoscript/fileName/XLuaTest_FooWrap.cs: 94d50054e40ab48511cae7fb0b602c9b -> abbeeb9782209030752aecf7c8307085
  custom:scripting/monoscript/fileName/Tutorial_DerivedClassExtensionsWrap.cs: 8d3a8d18ccf52ef11958b45f9012fc25 -> e71c7199b289862c70f81cc97fad9cd1
  custom:scripting/monoscript/fileName/System_Collections_Generic_List_1_System_Int32_Wrap.cs: 17851e7c00326059ae0787338228160b -> 0d81f6d3ce2afe6f735fa61fb6f44318
  custom:scripting/monoscript/fileName/XLuaGenAutoRegister.cs: d853ef44aabfccb80e0b7c076b61770b -> f7d7a1bdecea0875c31215b468d1ea3c
  custom:SearchIndexIgnoredProperties: e643bd26f0fe6173181afceb89e7c659 -> 
  custom:scripting/monoscript/fileName/UnityEngine_ColorWrap.cs: bd8e985ef59408a673873236ce871e73 -> a2199b901d8d68ac06d36f834d48f0de
  custom:AudioImporter_EditorPlatform: d09bf68614088b80899f8185d706f6e7 -> 
  custom:scripting/monoscript/fileName/Tutorial_BaseClassWrap.cs: 0cb2af1d083b0b2c5e8cb36d24bfb39c -> 82bd31d966804ddf94755f42eec25c75
  custom:scripting/monoscript/fileName/UnityEngine_Ray2DWrap.cs: 0739f12fd5151febac857f4bf1dfbf4b -> 3948513cbdb210ff5fa49a4b2880e106
  custom:scripting/monoscript/fileName/UnityEngine_ComponentWrap.cs: e27295da2190ed2ebf55b5ac632d7f35 -> 3c3e0b9fedb2878f9f3fac771839136b
  custom:scripting/monoscript/fileName/System_ObjectWrap.cs: c4f7132fadbd7f5f459fdffb106ce8ad -> 9fb5e5ed9e38c23dad1e0232edf0373b
  custom:scripting/monoscript/fileName/XLuaTest_Foo1ParentWrap.cs: 4d06c6c313846bbd2659cf013bd8c081 -> bc3faaa30d66f1a9334279476c37b2a8
  custom:scripting/monoscript/fileName/XLuaTest_FooExtensionWrap.cs: 0cf66dd4ab170a1f2008f8b97f4f2106 -> 778d9d5cc8332e1d0739618b88aa2bb9
  custom:scripting/monoscript/fileName/UnityEngine_QuaternionWrap.cs: d7776a0aea79cbcec5ba2c36565a1173 -> 2be38f3d0f8715c9babd38533b7cc2f6
  custom:scripting/monoscript/fileName/UnityEngine_AnimationCurveWrap.cs: f2332648b2113d579022f7ac44ddf1a2 -> a1b4a7dab75f49fff03082ff025e4e5e
  custom:scripting/monoscript/fileName/XLuaTest_IExchangerBridge.cs: dbb2be54f36a2496a4425e7ceb90b9b9 -> a1b04ba231b7210d75c48779fb061387
  custom:scripting/monoscript/fileName/UnityEngine_LightWrap.cs: d3e76313bbab2d6f78618d0a96177993 -> afdccdb78964e15816bd84ff574e1d72
  custom:scripting/monoscript/fileName/System_Collections_IEnumeratorBridge.cs: e58d0dcf0aa39125fd572da9408c5a63 -> a6b8b2b6997973169c6bebc4e00197c3
  custom:video-encoder-webm-vp8: eb34c28f22e8b96e1ab97ce403110664 -> 
  custom:scripting/monoscript/fileName/XLuaTest_Foo2ParentWrap.cs: 3cfc8bf6cad7ab5669e86f82da9efffc -> e55fdaf088679107b1602d0f4f018827
  custom:scripting/monoscript/fileName/Tutorial_CSCallLua_ItfDBridge.cs: d05148e45525d393370f3ca919d4cdc0 -> 4e0a8d0795850c18cf92cbc673dc6199
  custom:scripting/monoscript/fileName/UnityEngine_Vector2Wrap.cs: dfd1be4a9f736e54a226859ba85dbc30 -> d8bd11c5df83747314d76d2e1152a25a
  custom:audio-decoder-ogg-vorbis: bf7c407c2cedff20999df2af8eb42d56 -> 
  custom:scripting/monoscript/fileName/UnityEngine_GameObjectWrap.cs: c4cddad80b77cae4a3f64483d25e1457 -> 499beb086fe32ba82bd6b30d04f108ea
  custom:scripting/monoscript/fileName/XLuaTest_NoGcWrap.cs: 7c2153fc9ca9cd0a3cc8b2d8a5de2fcd -> b8ab725f3034c7583c772afc97e73cfe
  custom:scripting/monoscript/fileName/UnityEngine_DebugWrap.cs: a14c41c7fbd7dec62bec687de4c6fe27 -> 2a23054f13a8c643d838dbc57d787e1a
  custom:scripting/monoscript/fileName/UnityEngine_SkinnedMeshRendererWrap.cs: 9ad169117eb1ff375ebe298216e6901c -> e6c3bb62aa80867a3afe5dcbb6224761
  custom:scripting/monoscript/fileName/UnityEngine_TextAssetWrap.cs: a895654ec821ef871bab45f0bf4ab1bf -> 96eae3d139831963806db363328bfefe
  custom:scripting/monoscript/fileName/UnityEngine_TransformWrap.cs: 1ec7fdf0df78c54383c54d4890267885 -> 50d916bbc9cc3aa204547c1dbcf1b841
  custom:scripting/monoscript/fileName/UnityEngine_RendererWrap.cs: f2bb488dcafa31d4d1829db70de7e3de -> e28d66316639c5d4634a4f4176885c0f
  custom:audio-encoder-webm-vorbis: bf7c407c2cedff20999df2af8eb42d56 -> 
  custom:scripting/monoscript/fileName/XLuaTest_LuaBehaviourWrap.cs: eb21b90bdd58645712610184d1a6b02e -> 8a24807dde2ec4b5434d8876b84591df
  custom:scripting/monoscript/fileName/UnityEngine_Vector4Wrap.cs: 4736b1d9605ba5be814644e3bcc9e928 -> e876ed87f63c3dc401e686c851325f69
  custom:scripting/monoscript/fileName/XLuaTest_MyStructWrap.cs: 55519c14d8f95433c1b6e262daa1d322 -> bcfe0251bd793e1e64a466467ef9f39d
  custom:scripting/monoscript/fileName/UnityEngine_ObjectWrap.cs: acbfc6ebce3660b3cec600cb246312ee -> d239f04268fb712161f840d533347443
  custom:scripting/precompiled-assembly-types:Assembly-CSharp: 7f215f4b51c6a6c7c1fbe1effeda673d -> 6d2cbbca728bbcc514a1a97e862a8e21
  custom:scripting/monoscript/fileName/Tutorial_ICalcWrap.cs: 9802804745e09aa6d92fbca1a46de55a -> 03d02c9cf202af74271e6b9339f2aa97
========================================================================
Received Prepare
Caller must complete domain reload
Begin MonoManager ReloadAssembly
- Loaded All Assemblies, in  0.655 seconds
Native extension for WindowsStandalone target not found
Mono: successfully reloaded assembly
- Finished resetting the current domain, in  1.203 seconds
Domain Reload Profiling: 1854ms
	BeginReloadAssembly (188ms)
		ExecutionOrderSort (0ms)
		DisableScriptedObjects (4ms)
		BackupInstance (0ms)
		ReleaseScriptingObjects (0ms)
		CreateAndSetChildDomain (36ms)
	RebuildCommonClasses (47ms)
	RebuildNativeTypeToScriptingClass (15ms)
	initialDomainReloadingComplete (36ms)
	LoadAllAssembliesAndSetupDomain (364ms)
		LoadAssemblies (425ms)
		RebuildTransferFunctionScriptingTraits (0ms)
		AnalyzeDomain (54ms)
			TypeCache.Refresh (22ms)
				TypeCache.ScanAssembly (3ms)
			ScanForSourceGeneratedMonoScriptInfo (19ms)
			ResolveRequiredComponents (12ms)
	FinalizeReload (1204ms)
		ReleaseScriptCaches (0ms)
		RebuildScriptCaches (0ms)
		SetupLoadedEditorAssemblies (531ms)
			LogAssemblyErrors (0ms)
			InitializePlatformSupportModulesInManaged (6ms)
			SetLoadedEditorAssemblies (3ms)
			RefreshPlugins (0ms)
			BeforeProcessingInitializeOnLoad (78ms)
			ProcessInitializeOnLoadAttributes (362ms)
			ProcessInitializeOnLoadMethodAttributes (72ms)
			AfterProcessingInitializeOnLoad (10ms)
			EditorAssembliesLoaded (0ms)
		ExecutionOrderSort2 (0ms)
		AwakeInstancesAfterBackupRestoration (9ms)
Refreshing native plugins compatible for Editor in 5.90 ms, found 4 plugins.
Preloading 0 native plugins for Editor in 0.00 ms.
Unloading 4311 Unused Serialized files (Serialized files now loaded: 0)
Unloading 17 unused Assets / (331.9 KB). Loaded Objects now: 4843.
Memory consumption went from 151.4 MB to 151.1 MB.
Total: 3.531100 ms (FindLiveObjects: 0.438600 ms CreateObjectMapping: 0.357600 ms MarkObjects: 2.587000 ms  DeleteObjects: 0.146100 ms)

Prepare: number of updated asset objects reloaded= 0
AssetImportParameters requested are different than current active one (requested -> active):
  custom:scripting/monoscript/fileName/XLuaTest_InvokeLua_ICalcBridge.cs: 30fde9c3feb0b30e098352b4dfeb9cae -> 39dbaec3aa6ccdef5b8e133e5c8d912d
  custom:scripting/monoscript/fileName/UnityEngine_BehaviourWrap.cs: 50be6300a89da29ca17ad67a2589a5ca -> 07f04650a03b829841e9fab9d7740454
  custom:scripting/monoscript/fileName/UnityEngine_WaitForSecondsWrap.cs: 14ce79597090ca49f32e5242d176e3e0 -> f924ebf1733d94f4d65590a1a94e6531
  custom:scripting/monoscript/fileName/XLuaTest_PeddingWrap.cs: 904ed3ab876976c36018836c17a5f7cd -> 87db0d803af8b6af633a98194cb11698
  custom:container-demuxer-ogg: 62fdf1f143b41e24485cea50d1cbac27 -> 
  custom:scripting/monoscript/fileName/UnityEngine_Vector3Wrap.cs: ce0a23addf1a2b20f8676787382fe6da -> 63f465b9380555daafea25b4176adba5
  custom:scripting/monoscript/fileName/UnityEngine_RayWrap.cs: 1b2ced459e0f7fe10c0b5b9489be6f35 -> 0b84fbe6cabdb1173feb41e835ef3a40
  custom:scripting/monoscript/fileName/WrapPusher.cs: 3b3bd77f226a0f893aad8e7367a0f06b -> a7d84f614ae4cd3b956f9b8556cfd18e
  custom:scripting/monoscript/fileName/Tutorial_DerivedClassWrap.cs: a9f1f1a33e70d4aca6ed43632ef080bc -> 1a8da11bcfc26039296e071510ba3246
  custom:video-decoder-ogg-theora: a1e56fd34408186e4bbccfd4996cb3dc -> 
  custom:scripting/monoscript/fileName/XLuaTest_Foo2ChildWrap.cs: f25917eb49d7296a35740a2c6a4d40ec -> 30fab5c82eb5f5ffb38a0a6d668c1895
  custom:framework-win-MediaFoundation: 216162199b28c13a410421893ffa2e32 -> 
  custom:scripting/monoscript/fileName/UnityEngine_TimeWrap.cs: 582bbe1acbebc99abd038879d2ce291a -> 5e744018ad83dc4e6b5341356b280ff7
  custom:scripting/monoscript/fileName/UnityEngine_AnimationClipWrap.cs: 35e9dbce44e2400ca249a1b04e238032 -> 77a92debc688d37d0c76ed29e7849dc6
  custom:scripting/monoscript/fileName/UnityEngine_MonoBehaviourWrap.cs: ab88a4de07d1ed4d6902d46f78a9c2a5 -> 04d351bf9d6db68acd2847f2651b2d6b
  custom:scripting/monoscript/fileName/UnityEngine_MathfWrap.cs: b8423f29ae782d824fe5861eb133fe99 -> 333033f071a58c53b030860e1dc36f4e
  custom:scripting/monoscript/fileName/XLuaTest_Foo1ChildWrap.cs: 4e50b7c1fc1d91200bd6d308925718b7 -> 1c5e3d8cdf39c119ce22e5be32eae9dd
  custom:scripting/monoscript/fileName/UnityEngine_ResourcesWrap.cs: 7881eec03c10cac6aed4968059672b77 -> 698ab99237a4262ce7f88356cded464a
  custom:CustomObjectIndexerAttribute: 9a22284fe3817be447336de3de66b15e -> 
  custom:scripting/monoscript/fileName/EnumWrap.cs: e1678317fb40b1504377930932a65f00 -> 71aaf938165cbdbb0ac6c90ffee86023
  custom:container-demuxer-webm: 4f35f7cbe854078d1ac9338744f61a02 -> 
  custom:scripting/monoscript/fileName/UnityEngine_ParticleSystemWrap.cs: ea70451eecfa9db0287288ead2570a87 -> eee33c4ac5a2b762ef5a90683fe90f0f
  custom:scripting/monoscript/fileName/XLuaTest_BaseTestWrap.cs: 07e45de8fa2ee7650261714b0c2efcd8 -> 4f21680da7e23ca573808ca54815d505
  custom:scripting/monoscript/fileName/UnityEngine_BoundsWrap.cs: 0ac99f7c45b4a0aef916e0e5b49238c9 -> 3dd26eeb95bac2de8ce2da585d995261
  custom:scripting/monoscript/fileName/PackUnpack.cs: 7bf1a1e4b9a6d19c982a86f574107fe4 -> 273cbe68a303e04c83210a0d1b0dbfc8
  custom:scripting/monoscript/fileName/UnityEngine_KeyframeWrap.cs: 198c4d7f205e316a3726e83558840a1d -> f022c20884bfebd1cdba5d0a32b69287
  custom:scripting/monoscript/fileName/DelegatesGensBridge.cs: 14979ecd91d982a7d4b63ce8b241a2cb -> 9b33d1c344798966a03eb7d32474259e
  custom:container-muxer-webm: aa71ff27fc2769a1b78a27578f13a17b -> 
  custom:video-decoder-webm-vp8: 9c59270c3fd7afecdb556c50c9e8de78 -> 
  custom:scripting/monoscript/fileName/XLuaTest_FooWrap.cs: 94d50054e40ab48511cae7fb0b602c9b -> abbeeb9782209030752aecf7c8307085
  custom:scripting/monoscript/fileName/Tutorial_DerivedClassExtensionsWrap.cs: 8d3a8d18ccf52ef11958b45f9012fc25 -> e71c7199b289862c70f81cc97fad9cd1
  custom:scripting/monoscript/fileName/System_Collections_Generic_List_1_System_Int32_Wrap.cs: 17851e7c00326059ae0787338228160b -> 0d81f6d3ce2afe6f735fa61fb6f44318
  custom:scripting/monoscript/fileName/XLuaGenAutoRegister.cs: d853ef44aabfccb80e0b7c076b61770b -> f7d7a1bdecea0875c31215b468d1ea3c
  custom:SearchIndexIgnoredProperties: e643bd26f0fe6173181afceb89e7c659 -> 
  custom:scripting/monoscript/fileName/UnityEngine_ColorWrap.cs: bd8e985ef59408a673873236ce871e73 -> a2199b901d8d68ac06d36f834d48f0de
  custom:AudioImporter_EditorPlatform: d09bf68614088b80899f8185d706f6e7 -> 
  custom:scripting/monoscript/fileName/Tutorial_BaseClassWrap.cs: 0cb2af1d083b0b2c5e8cb36d24bfb39c -> 82bd31d966804ddf94755f42eec25c75
  custom:scripting/monoscript/fileName/UnityEngine_Ray2DWrap.cs: 0739f12fd5151febac857f4bf1dfbf4b -> 3948513cbdb210ff5fa49a4b2880e106
  custom:scripting/monoscript/fileName/UnityEngine_ComponentWrap.cs: e27295da2190ed2ebf55b5ac632d7f35 -> 3c3e0b9fedb2878f9f3fac771839136b
  custom:scripting/monoscript/fileName/System_ObjectWrap.cs: c4f7132fadbd7f5f459fdffb106ce8ad -> 9fb5e5ed9e38c23dad1e0232edf0373b
  custom:scripting/monoscript/fileName/XLuaTest_Foo1ParentWrap.cs: 4d06c6c313846bbd2659cf013bd8c081 -> bc3faaa30d66f1a9334279476c37b2a8
  custom:scripting/monoscript/fileName/XLuaTest_FooExtensionWrap.cs: 0cf66dd4ab170a1f2008f8b97f4f2106 -> 778d9d5cc8332e1d0739618b88aa2bb9
  custom:scripting/monoscript/fileName/UnityEngine_QuaternionWrap.cs: d7776a0aea79cbcec5ba2c36565a1173 -> 2be38f3d0f8715c9babd38533b7cc2f6
  custom:scripting/monoscript/fileName/UnityEngine_AnimationCurveWrap.cs: f2332648b2113d579022f7ac44ddf1a2 -> a1b4a7dab75f49fff03082ff025e4e5e
  custom:scripting/monoscript/fileName/XLuaTest_IExchangerBridge.cs: dbb2be54f36a2496a4425e7ceb90b9b9 -> a1b04ba231b7210d75c48779fb061387
  custom:scripting/monoscript/fileName/UnityEngine_LightWrap.cs: d3e76313bbab2d6f78618d0a96177993 -> afdccdb78964e15816bd84ff574e1d72
  custom:scripting/monoscript/fileName/System_Collections_IEnumeratorBridge.cs: e58d0dcf0aa39125fd572da9408c5a63 -> a6b8b2b6997973169c6bebc4e00197c3
  custom:video-encoder-webm-vp8: eb34c28f22e8b96e1ab97ce403110664 -> 
  custom:scripting/monoscript/fileName/XLuaTest_Foo2ParentWrap.cs: 3cfc8bf6cad7ab5669e86f82da9efffc -> e55fdaf088679107b1602d0f4f018827
  custom:scripting/monoscript/fileName/Tutorial_CSCallLua_ItfDBridge.cs: d05148e45525d393370f3ca919d4cdc0 -> 4e0a8d0795850c18cf92cbc673dc6199
  custom:scripting/monoscript/fileName/UnityEngine_Vector2Wrap.cs: dfd1be4a9f736e54a226859ba85dbc30 -> d8bd11c5df83747314d76d2e1152a25a
  custom:audio-decoder-ogg-vorbis: bf7c407c2cedff20999df2af8eb42d56 -> 
  custom:scripting/monoscript/fileName/UnityEngine_GameObjectWrap.cs: c4cddad80b77cae4a3f64483d25e1457 -> 499beb086fe32ba82bd6b30d04f108ea
  custom:scripting/monoscript/fileName/XLuaTest_NoGcWrap.cs: 7c2153fc9ca9cd0a3cc8b2d8a5de2fcd -> b8ab725f3034c7583c772afc97e73cfe
  custom:scripting/monoscript/fileName/UnityEngine_DebugWrap.cs: a14c41c7fbd7dec62bec687de4c6fe27 -> 2a23054f13a8c643d838dbc57d787e1a
  custom:scripting/monoscript/fileName/UnityEngine_SkinnedMeshRendererWrap.cs: 9ad169117eb1ff375ebe298216e6901c -> e6c3bb62aa80867a3afe5dcbb6224761
  custom:scripting/monoscript/fileName/UnityEngine_TextAssetWrap.cs: a895654ec821ef871bab45f0bf4ab1bf -> 96eae3d139831963806db363328bfefe
  custom:scripting/monoscript/fileName/UnityEngine_TransformWrap.cs: 1ec7fdf0df78c54383c54d4890267885 -> 50d916bbc9cc3aa204547c1dbcf1b841
  custom:scripting/monoscript/fileName/UnityEngine_RendererWrap.cs: f2bb488dcafa31d4d1829db70de7e3de -> e28d66316639c5d4634a4f4176885c0f
  custom:audio-encoder-webm-vorbis: bf7c407c2cedff20999df2af8eb42d56 -> 
  custom:scripting/monoscript/fileName/XLuaTest_LuaBehaviourWrap.cs: eb21b90bdd58645712610184d1a6b02e -> 8a24807dde2ec4b5434d8876b84591df
  custom:scripting/monoscript/fileName/UnityEngine_Vector4Wrap.cs: 4736b1d9605ba5be814644e3bcc9e928 -> e876ed87f63c3dc401e686c851325f69
  custom:scripting/monoscript/fileName/XLuaTest_MyStructWrap.cs: 55519c14d8f95433c1b6e262daa1d322 -> bcfe0251bd793e1e64a466467ef9f39d
  custom:scripting/monoscript/fileName/UnityEngine_ObjectWrap.cs: acbfc6ebce3660b3cec600cb246312ee -> d239f04268fb712161f840d533347443
  custom:scripting/precompiled-assembly-types:Assembly-CSharp: 7f215f4b51c6a6c7c1fbe1effeda673d -> 6d2cbbca728bbcc514a1a97e862a8e21
  custom:scripting/monoscript/fileName/Tutorial_ICalcWrap.cs: 9802804745e09aa6d92fbca1a46de55a -> 03d02c9cf202af74271e6b9339f2aa97
========================================================================
Received Prepare
Caller must complete domain reload
Begin MonoManager ReloadAssembly
- Loaded All Assemblies, in  0.568 seconds
Native extension for WindowsStandalone target not found
Mono: successfully reloaded assembly
- Finished resetting the current domain, in  1.212 seconds
Domain Reload Profiling: 1777ms
	BeginReloadAssembly (177ms)
		ExecutionOrderSort (0ms)
		DisableScriptedObjects (4ms)
		BackupInstance (0ms)
		ReleaseScriptingObjects (0ms)
		CreateAndSetChildDomain (34ms)
	RebuildCommonClasses (35ms)
	RebuildNativeTypeToScriptingClass (11ms)
	initialDomainReloadingComplete (33ms)
	LoadAllAssembliesAndSetupDomain (308ms)
		LoadAssemblies (391ms)
		RebuildTransferFunctionScriptingTraits (0ms)
		AnalyzeDomain (24ms)
			TypeCache.Refresh (12ms)
				TypeCache.ScanAssembly (0ms)
			ScanForSourceGeneratedMonoScriptInfo (0ms)
			ResolveRequiredComponents (7ms)
	FinalizeReload (1213ms)
		ReleaseScriptCaches (0ms)
		RebuildScriptCaches (0ms)
		SetupLoadedEditorAssemblies (573ms)
			LogAssemblyErrors (0ms)
			InitializePlatformSupportModulesInManaged (6ms)
			SetLoadedEditorAssemblies (3ms)
			RefreshPlugins (0ms)
			BeforeProcessingInitializeOnLoad (69ms)
			ProcessInitializeOnLoadAttributes (405ms)
			ProcessInitializeOnLoadMethodAttributes (80ms)
			AfterProcessingInitializeOnLoad (9ms)
			EditorAssembliesLoaded (1ms)
		ExecutionOrderSort2 (0ms)
		AwakeInstancesAfterBackupRestoration (7ms)
Refreshing native plugins compatible for Editor in 10.38 ms, found 4 plugins.
Preloading 0 native plugins for Editor in 0.00 ms.
Unloading 4311 Unused Serialized files (Serialized files now loaded: 0)
Unloading 17 unused Assets / (332.0 KB). Loaded Objects now: 4846.
Memory consumption went from 151.4 MB to 151.1 MB.
Total: 3.854600 ms (FindLiveObjects: 0.531100 ms CreateObjectMapping: 0.662700 ms MarkObjects: 2.514300 ms  DeleteObjects: 0.145300 ms)

Prepare: number of updated asset objects reloaded= 0
AssetImportParameters requested are different than current active one (requested -> active):
  custom:scripting/monoscript/fileName/XLuaTest_InvokeLua_ICalcBridge.cs: 30fde9c3feb0b30e098352b4dfeb9cae -> 39dbaec3aa6ccdef5b8e133e5c8d912d
  custom:scripting/monoscript/fileName/UnityEngine_BehaviourWrap.cs: 50be6300a89da29ca17ad67a2589a5ca -> 07f04650a03b829841e9fab9d7740454
  custom:scripting/monoscript/fileName/UnityEngine_WaitForSecondsWrap.cs: 14ce79597090ca49f32e5242d176e3e0 -> f924ebf1733d94f4d65590a1a94e6531
  custom:scripting/monoscript/fileName/XLuaTest_PeddingWrap.cs: 904ed3ab876976c36018836c17a5f7cd -> 87db0d803af8b6af633a98194cb11698
  custom:container-demuxer-ogg: 62fdf1f143b41e24485cea50d1cbac27 -> 
  custom:scripting/monoscript/fileName/UnityEngine_Vector3Wrap.cs: ce0a23addf1a2b20f8676787382fe6da -> 63f465b9380555daafea25b4176adba5
  custom:scripting/monoscript/fileName/UnityEngine_RayWrap.cs: 1b2ced459e0f7fe10c0b5b9489be6f35 -> 0b84fbe6cabdb1173feb41e835ef3a40
  custom:scripting/monoscript/fileName/WrapPusher.cs: 3b3bd77f226a0f893aad8e7367a0f06b -> a7d84f614ae4cd3b956f9b8556cfd18e
  custom:scripting/monoscript/fileName/Tutorial_DerivedClassWrap.cs: a9f1f1a33e70d4aca6ed43632ef080bc -> 1a8da11bcfc26039296e071510ba3246
  custom:video-decoder-ogg-theora: a1e56fd34408186e4bbccfd4996cb3dc -> 
  custom:scripting/monoscript/fileName/XLuaTest_Foo2ChildWrap.cs: f25917eb49d7296a35740a2c6a4d40ec -> 30fab5c82eb5f5ffb38a0a6d668c1895
  custom:framework-win-MediaFoundation: 216162199b28c13a410421893ffa2e32 -> 
  custom:scripting/monoscript/fileName/UnityEngine_TimeWrap.cs: 582bbe1acbebc99abd038879d2ce291a -> 5e744018ad83dc4e6b5341356b280ff7
  custom:scripting/monoscript/fileName/UnityEngine_AnimationClipWrap.cs: 35e9dbce44e2400ca249a1b04e238032 -> 77a92debc688d37d0c76ed29e7849dc6
  custom:scripting/monoscript/fileName/UnityEngine_MonoBehaviourWrap.cs: ab88a4de07d1ed4d6902d46f78a9c2a5 -> 04d351bf9d6db68acd2847f2651b2d6b
  custom:scripting/monoscript/fileName/UnityEngine_MathfWrap.cs: b8423f29ae782d824fe5861eb133fe99 -> 333033f071a58c53b030860e1dc36f4e
  custom:scripting/monoscript/fileName/XLuaTest_Foo1ChildWrap.cs: 4e50b7c1fc1d91200bd6d308925718b7 -> 1c5e3d8cdf39c119ce22e5be32eae9dd
  custom:scripting/monoscript/fileName/UnityEngine_ResourcesWrap.cs: 7881eec03c10cac6aed4968059672b77 -> 698ab99237a4262ce7f88356cded464a
  custom:CustomObjectIndexerAttribute: 9a22284fe3817be447336de3de66b15e -> 
  custom:scripting/monoscript/fileName/EnumWrap.cs: e1678317fb40b1504377930932a65f00 -> 71aaf938165cbdbb0ac6c90ffee86023
  custom:container-demuxer-webm: 4f35f7cbe854078d1ac9338744f61a02 -> 
  custom:scripting/monoscript/fileName/UnityEngine_ParticleSystemWrap.cs: ea70451eecfa9db0287288ead2570a87 -> eee33c4ac5a2b762ef5a90683fe90f0f
  custom:scripting/monoscript/fileName/XLuaTest_BaseTestWrap.cs: 07e45de8fa2ee7650261714b0c2efcd8 -> 4f21680da7e23ca573808ca54815d505
  custom:scripting/monoscript/fileName/UnityEngine_BoundsWrap.cs: 0ac99f7c45b4a0aef916e0e5b49238c9 -> 3dd26eeb95bac2de8ce2da585d995261
  custom:scripting/monoscript/fileName/PackUnpack.cs: 7bf1a1e4b9a6d19c982a86f574107fe4 -> 273cbe68a303e04c83210a0d1b0dbfc8
  custom:scripting/monoscript/fileName/UnityEngine_KeyframeWrap.cs: 198c4d7f205e316a3726e83558840a1d -> f022c20884bfebd1cdba5d0a32b69287
  custom:scripting/monoscript/fileName/DelegatesGensBridge.cs: 14979ecd91d982a7d4b63ce8b241a2cb -> 9b33d1c344798966a03eb7d32474259e
  custom:container-muxer-webm: aa71ff27fc2769a1b78a27578f13a17b -> 
  custom:video-decoder-webm-vp8: 9c59270c3fd7afecdb556c50c9e8de78 -> 
  custom:scripting/monoscript/fileName/XLuaTest_FooWrap.cs: 94d50054e40ab48511cae7fb0b602c9b -> abbeeb9782209030752aecf7c8307085
  custom:scripting/monoscript/fileName/Tutorial_DerivedClassExtensionsWrap.cs: 8d3a8d18ccf52ef11958b45f9012fc25 -> e71c7199b289862c70f81cc97fad9cd1
  custom:scripting/monoscript/fileName/System_Collections_Generic_List_1_System_Int32_Wrap.cs: 17851e7c00326059ae0787338228160b -> 0d81f6d3ce2afe6f735fa61fb6f44318
  custom:scripting/monoscript/fileName/XLuaGenAutoRegister.cs: d853ef44aabfccb80e0b7c076b61770b -> f7d7a1bdecea0875c31215b468d1ea3c
  custom:SearchIndexIgnoredProperties: e643bd26f0fe6173181afceb89e7c659 -> 
  custom:scripting/monoscript/fileName/UnityEngine_ColorWrap.cs: bd8e985ef59408a673873236ce871e73 -> a2199b901d8d68ac06d36f834d48f0de
  custom:AudioImporter_EditorPlatform: d09bf68614088b80899f8185d706f6e7 -> 
  custom:scripting/monoscript/fileName/Tutorial_BaseClassWrap.cs: 0cb2af1d083b0b2c5e8cb36d24bfb39c -> 82bd31d966804ddf94755f42eec25c75
  custom:scripting/monoscript/fileName/UnityEngine_Ray2DWrap.cs: 0739f12fd5151febac857f4bf1dfbf4b -> 3948513cbdb210ff5fa49a4b2880e106
  custom:scripting/monoscript/fileName/UnityEngine_ComponentWrap.cs: e27295da2190ed2ebf55b5ac632d7f35 -> 3c3e0b9fedb2878f9f3fac771839136b
  custom:scripting/monoscript/fileName/System_ObjectWrap.cs: c4f7132fadbd7f5f459fdffb106ce8ad -> 9fb5e5ed9e38c23dad1e0232edf0373b
  custom:scripting/monoscript/fileName/XLuaTest_Foo1ParentWrap.cs: 4d06c6c313846bbd2659cf013bd8c081 -> bc3faaa30d66f1a9334279476c37b2a8
  custom:scripting/monoscript/fileName/XLuaTest_FooExtensionWrap.cs: 0cf66dd4ab170a1f2008f8b97f4f2106 -> 778d9d5cc8332e1d0739618b88aa2bb9
  custom:scripting/monoscript/fileName/UnityEngine_QuaternionWrap.cs: d7776a0aea79cbcec5ba2c36565a1173 -> 2be38f3d0f8715c9babd38533b7cc2f6
  custom:scripting/monoscript/fileName/UnityEngine_AnimationCurveWrap.cs: f2332648b2113d579022f7ac44ddf1a2 -> a1b4a7dab75f49fff03082ff025e4e5e
  custom:scripting/monoscript/fileName/XLuaTest_IExchangerBridge.cs: dbb2be54f36a2496a4425e7ceb90b9b9 -> a1b04ba231b7210d75c48779fb061387
  custom:scripting/monoscript/fileName/UnityEngine_LightWrap.cs: d3e76313bbab2d6f78618d0a96177993 -> afdccdb78964e15816bd84ff574e1d72
  custom:scripting/monoscript/fileName/System_Collections_IEnumeratorBridge.cs: e58d0dcf0aa39125fd572da9408c5a63 -> a6b8b2b6997973169c6bebc4e00197c3
  custom:video-encoder-webm-vp8: eb34c28f22e8b96e1ab97ce403110664 -> 
  custom:scripting/monoscript/fileName/XLuaTest_Foo2ParentWrap.cs: 3cfc8bf6cad7ab5669e86f82da9efffc -> e55fdaf088679107b1602d0f4f018827
  custom:scripting/monoscript/fileName/Tutorial_CSCallLua_ItfDBridge.cs: d05148e45525d393370f3ca919d4cdc0 -> 4e0a8d0795850c18cf92cbc673dc6199
  custom:scripting/monoscript/fileName/UnityEngine_Vector2Wrap.cs: dfd1be4a9f736e54a226859ba85dbc30 -> d8bd11c5df83747314d76d2e1152a25a
  custom:audio-decoder-ogg-vorbis: bf7c407c2cedff20999df2af8eb42d56 -> 
  custom:scripting/monoscript/fileName/UnityEngine_GameObjectWrap.cs: c4cddad80b77cae4a3f64483d25e1457 -> 499beb086fe32ba82bd6b30d04f108ea
  custom:scripting/monoscript/fileName/XLuaTest_NoGcWrap.cs: 7c2153fc9ca9cd0a3cc8b2d8a5de2fcd -> b8ab725f3034c7583c772afc97e73cfe
  custom:scripting/monoscript/fileName/UnityEngine_DebugWrap.cs: a14c41c7fbd7dec62bec687de4c6fe27 -> 2a23054f13a8c643d838dbc57d787e1a
  custom:scripting/monoscript/fileName/UnityEngine_SkinnedMeshRendererWrap.cs: 9ad169117eb1ff375ebe298216e6901c -> e6c3bb62aa80867a3afe5dcbb6224761
  custom:scripting/monoscript/fileName/UnityEngine_TextAssetWrap.cs: a895654ec821ef871bab45f0bf4ab1bf -> 96eae3d139831963806db363328bfefe
  custom:scripting/monoscript/fileName/UnityEngine_TransformWrap.cs: 1ec7fdf0df78c54383c54d4890267885 -> 50d916bbc9cc3aa204547c1dbcf1b841
  custom:scripting/monoscript/fileName/UnityEngine_RendererWrap.cs: f2bb488dcafa31d4d1829db70de7e3de -> e28d66316639c5d4634a4f4176885c0f
  custom:audio-encoder-webm-vorbis: bf7c407c2cedff20999df2af8eb42d56 -> 
  custom:scripting/monoscript/fileName/XLuaTest_LuaBehaviourWrap.cs: eb21b90bdd58645712610184d1a6b02e -> 8a24807dde2ec4b5434d8876b84591df
  custom:scripting/monoscript/fileName/UnityEngine_Vector4Wrap.cs: 4736b1d9605ba5be814644e3bcc9e928 -> e876ed87f63c3dc401e686c851325f69
  custom:scripting/monoscript/fileName/XLuaTest_MyStructWrap.cs: 55519c14d8f95433c1b6e262daa1d322 -> bcfe0251bd793e1e64a466467ef9f39d
  custom:scripting/monoscript/fileName/UnityEngine_ObjectWrap.cs: acbfc6ebce3660b3cec600cb246312ee -> d239f04268fb712161f840d533347443
  custom:scripting/precompiled-assembly-types:Assembly-CSharp: 7f215f4b51c6a6c7c1fbe1effeda673d -> 6d2cbbca728bbcc514a1a97e862a8e21
  custom:scripting/monoscript/fileName/Tutorial_ICalcWrap.cs: 9802804745e09aa6d92fbca1a46de55a -> 03d02c9cf202af74271e6b9339f2aa97
========================================================================
Received Prepare
Refreshing native plugins compatible for Editor in 6.73 ms, found 4 plugins.
Preloading 0 native plugins for Editor in 0.00 ms.
Unloading 4 Unused Serialized files (Serialized files now loaded: 0)
Unloading 4 unused Assets / (313.1 KB). Loaded Objects now: 4846.
Memory consumption went from 84.8 MB to 84.5 MB.
Total: 2.915100 ms (FindLiveObjects: 0.371600 ms CreateObjectMapping: 0.282500 ms MarkObjects: 2.166600 ms  DeleteObjects: 0.093600 ms)

Prepare: number of updated asset objects reloaded= 0
AssetImportParameters requested are different than current active one (requested -> active):
  custom:scripting/monoscript/fileName/XLuaTest_InvokeLua_ICalcBridge.cs: 30fde9c3feb0b30e098352b4dfeb9cae -> 39dbaec3aa6ccdef5b8e133e5c8d912d
  custom:scripting/monoscript/fileName/UnityEngine_BehaviourWrap.cs: 50be6300a89da29ca17ad67a2589a5ca -> 07f04650a03b829841e9fab9d7740454
  custom:scripting/monoscript/fileName/UnityEngine_WaitForSecondsWrap.cs: 14ce79597090ca49f32e5242d176e3e0 -> f924ebf1733d94f4d65590a1a94e6531
  custom:scripting/monoscript/fileName/XLuaTest_PeddingWrap.cs: 904ed3ab876976c36018836c17a5f7cd -> 87db0d803af8b6af633a98194cb11698
  custom:container-demuxer-ogg: 62fdf1f143b41e24485cea50d1cbac27 -> 
  custom:scripting/monoscript/fileName/UnityEngine_Vector3Wrap.cs: ce0a23addf1a2b20f8676787382fe6da -> 63f465b9380555daafea25b4176adba5
  custom:scripting/monoscript/fileName/UnityEngine_RayWrap.cs: 1b2ced459e0f7fe10c0b5b9489be6f35 -> 0b84fbe6cabdb1173feb41e835ef3a40
  custom:scripting/monoscript/fileName/WrapPusher.cs: 3b3bd77f226a0f893aad8e7367a0f06b -> a7d84f614ae4cd3b956f9b8556cfd18e
  custom:scripting/monoscript/fileName/Tutorial_DerivedClassWrap.cs: a9f1f1a33e70d4aca6ed43632ef080bc -> 1a8da11bcfc26039296e071510ba3246
  custom:video-decoder-ogg-theora: a1e56fd34408186e4bbccfd4996cb3dc -> 
  custom:scripting/monoscript/fileName/XLuaTest_Foo2ChildWrap.cs: f25917eb49d7296a35740a2c6a4d40ec -> 30fab5c82eb5f5ffb38a0a6d668c1895
  custom:framework-win-MediaFoundation: 216162199b28c13a410421893ffa2e32 -> 
  custom:scripting/monoscript/fileName/UnityEngine_TimeWrap.cs: 582bbe1acbebc99abd038879d2ce291a -> 5e744018ad83dc4e6b5341356b280ff7
  custom:scripting/monoscript/fileName/UnityEngine_AnimationClipWrap.cs: 35e9dbce44e2400ca249a1b04e238032 -> 77a92debc688d37d0c76ed29e7849dc6
  custom:scripting/monoscript/fileName/UnityEngine_MonoBehaviourWrap.cs: ab88a4de07d1ed4d6902d46f78a9c2a5 -> 04d351bf9d6db68acd2847f2651b2d6b
  custom:scripting/monoscript/fileName/UnityEngine_MathfWrap.cs: b8423f29ae782d824fe5861eb133fe99 -> 333033f071a58c53b030860e1dc36f4e
  custom:scripting/monoscript/fileName/XLuaTest_Foo1ChildWrap.cs: 4e50b7c1fc1d91200bd6d308925718b7 -> 1c5e3d8cdf39c119ce22e5be32eae9dd
  custom:scripting/monoscript/fileName/UnityEngine_ResourcesWrap.cs: 7881eec03c10cac6aed4968059672b77 -> 698ab99237a4262ce7f88356cded464a
  custom:CustomObjectIndexerAttribute: 9a22284fe3817be447336de3de66b15e -> 
  custom:scripting/monoscript/fileName/EnumWrap.cs: e1678317fb40b1504377930932a65f00 -> 71aaf938165cbdbb0ac6c90ffee86023
  custom:container-demuxer-webm: 4f35f7cbe854078d1ac9338744f61a02 -> 
  custom:scripting/monoscript/fileName/UnityEngine_ParticleSystemWrap.cs: ea70451eecfa9db0287288ead2570a87 -> eee33c4ac5a2b762ef5a90683fe90f0f
  custom:scripting/monoscript/fileName/XLuaTest_BaseTestWrap.cs: 07e45de8fa2ee7650261714b0c2efcd8 -> 4f21680da7e23ca573808ca54815d505
  custom:scripting/monoscript/fileName/UnityEngine_BoundsWrap.cs: 0ac99f7c45b4a0aef916e0e5b49238c9 -> 3dd26eeb95bac2de8ce2da585d995261
  custom:scripting/monoscript/fileName/PackUnpack.cs: 7bf1a1e4b9a6d19c982a86f574107fe4 -> 273cbe68a303e04c83210a0d1b0dbfc8
  custom:scripting/monoscript/fileName/UnityEngine_KeyframeWrap.cs: 198c4d7f205e316a3726e83558840a1d -> f022c20884bfebd1cdba5d0a32b69287
  custom:scripting/monoscript/fileName/DelegatesGensBridge.cs: 14979ecd91d982a7d4b63ce8b241a2cb -> 9b33d1c344798966a03eb7d32474259e
  custom:container-muxer-webm: aa71ff27fc2769a1b78a27578f13a17b -> 
  custom:video-decoder-webm-vp8: 9c59270c3fd7afecdb556c50c9e8de78 -> 
  custom:scripting/monoscript/fileName/XLuaTest_FooWrap.cs: 94d50054e40ab48511cae7fb0b602c9b -> abbeeb9782209030752aecf7c8307085
  custom:scripting/monoscript/fileName/Tutorial_DerivedClassExtensionsWrap.cs: 8d3a8d18ccf52ef11958b45f9012fc25 -> e71c7199b289862c70f81cc97fad9cd1
  custom:scripting/monoscript/fileName/System_Collections_Generic_List_1_System_Int32_Wrap.cs: 17851e7c00326059ae0787338228160b -> 0d81f6d3ce2afe6f735fa61fb6f44318
  custom:scripting/monoscript/fileName/XLuaGenAutoRegister.cs: d853ef44aabfccb80e0b7c076b61770b -> f7d7a1bdecea0875c31215b468d1ea3c
  custom:SearchIndexIgnoredProperties: e643bd26f0fe6173181afceb89e7c659 -> 
  custom:scripting/monoscript/fileName/UnityEngine_ColorWrap.cs: bd8e985ef59408a673873236ce871e73 -> a2199b901d8d68ac06d36f834d48f0de
  custom:AudioImporter_EditorPlatform: d09bf68614088b80899f8185d706f6e7 -> 
  custom:scripting/monoscript/fileName/Tutorial_BaseClassWrap.cs: 0cb2af1d083b0b2c5e8cb36d24bfb39c -> 82bd31d966804ddf94755f42eec25c75
  custom:scripting/monoscript/fileName/UnityEngine_Ray2DWrap.cs: 0739f12fd5151febac857f4bf1dfbf4b -> 3948513cbdb210ff5fa49a4b2880e106
  custom:scripting/monoscript/fileName/UnityEngine_ComponentWrap.cs: e27295da2190ed2ebf55b5ac632d7f35 -> 3c3e0b9fedb2878f9f3fac771839136b
  custom:scripting/monoscript/fileName/System_ObjectWrap.cs: c4f7132fadbd7f5f459fdffb106ce8ad -> 9fb5e5ed9e38c23dad1e0232edf0373b
  custom:scripting/monoscript/fileName/XLuaTest_Foo1ParentWrap.cs: 4d06c6c313846bbd2659cf013bd8c081 -> bc3faaa30d66f1a9334279476c37b2a8
  custom:scripting/monoscript/fileName/XLuaTest_FooExtensionWrap.cs: 0cf66dd4ab170a1f2008f8b97f4f2106 -> 778d9d5cc8332e1d0739618b88aa2bb9
  custom:scripting/monoscript/fileName/UnityEngine_QuaternionWrap.cs: d7776a0aea79cbcec5ba2c36565a1173 -> 2be38f3d0f8715c9babd38533b7cc2f6
  custom:scripting/monoscript/fileName/UnityEngine_AnimationCurveWrap.cs: f2332648b2113d579022f7ac44ddf1a2 -> a1b4a7dab75f49fff03082ff025e4e5e
  custom:scripting/monoscript/fileName/XLuaTest_IExchangerBridge.cs: dbb2be54f36a2496a4425e7ceb90b9b9 -> a1b04ba231b7210d75c48779fb061387
  custom:scripting/monoscript/fileName/UnityEngine_LightWrap.cs: d3e76313bbab2d6f78618d0a96177993 -> afdccdb78964e15816bd84ff574e1d72
  custom:scripting/monoscript/fileName/System_Collections_IEnumeratorBridge.cs: e58d0dcf0aa39125fd572da9408c5a63 -> a6b8b2b6997973169c6bebc4e00197c3
  custom:video-encoder-webm-vp8: eb34c28f22e8b96e1ab97ce403110664 -> 
  custom:scripting/monoscript/fileName/XLuaTest_Foo2ParentWrap.cs: 3cfc8bf6cad7ab5669e86f82da9efffc -> e55fdaf088679107b1602d0f4f018827
  custom:scripting/monoscript/fileName/Tutorial_CSCallLua_ItfDBridge.cs: d05148e45525d393370f3ca919d4cdc0 -> 4e0a8d0795850c18cf92cbc673dc6199
  custom:scripting/monoscript/fileName/UnityEngine_Vector2Wrap.cs: dfd1be4a9f736e54a226859ba85dbc30 -> d8bd11c5df83747314d76d2e1152a25a
  custom:audio-decoder-ogg-vorbis: bf7c407c2cedff20999df2af8eb42d56 -> 
  custom:scripting/monoscript/fileName/UnityEngine_GameObjectWrap.cs: c4cddad80b77cae4a3f64483d25e1457 -> 499beb086fe32ba82bd6b30d04f108ea
  custom:scripting/monoscript/fileName/XLuaTest_NoGcWrap.cs: 7c2153fc9ca9cd0a3cc8b2d8a5de2fcd -> b8ab725f3034c7583c772afc97e73cfe
  custom:scripting/monoscript/fileName/UnityEngine_DebugWrap.cs: a14c41c7fbd7dec62bec687de4c6fe27 -> 2a23054f13a8c643d838dbc57d787e1a
  custom:scripting/monoscript/fileName/UnityEngine_SkinnedMeshRendererWrap.cs: 9ad169117eb1ff375ebe298216e6901c -> e6c3bb62aa80867a3afe5dcbb6224761
  custom:scripting/monoscript/fileName/UnityEngine_TextAssetWrap.cs: a895654ec821ef871bab45f0bf4ab1bf -> 96eae3d139831963806db363328bfefe
  custom:scripting/monoscript/fileName/UnityEngine_TransformWrap.cs: 1ec7fdf0df78c54383c54d4890267885 -> 50d916bbc9cc3aa204547c1dbcf1b841
  custom:scripting/monoscript/fileName/UnityEngine_RendererWrap.cs: f2bb488dcafa31d4d1829db70de7e3de -> e28d66316639c5d4634a4f4176885c0f
  custom:audio-encoder-webm-vorbis: bf7c407c2cedff20999df2af8eb42d56 -> 
  custom:scripting/monoscript/fileName/XLuaTest_LuaBehaviourWrap.cs: eb21b90bdd58645712610184d1a6b02e -> 8a24807dde2ec4b5434d8876b84591df
  custom:scripting/monoscript/fileName/UnityEngine_Vector4Wrap.cs: 4736b1d9605ba5be814644e3bcc9e928 -> e876ed87f63c3dc401e686c851325f69
  custom:scripting/monoscript/fileName/XLuaTest_MyStructWrap.cs: 55519c14d8f95433c1b6e262daa1d322 -> bcfe0251bd793e1e64a466467ef9f39d
  custom:scripting/monoscript/fileName/UnityEngine_ObjectWrap.cs: acbfc6ebce3660b3cec600cb246312ee -> d239f04268fb712161f840d533347443
  custom:scripting/precompiled-assembly-types:Assembly-CSharp: 7f215f4b51c6a6c7c1fbe1effeda673d -> 6d2cbbca728bbcc514a1a97e862a8e21
  custom:scripting/monoscript/fileName/Tutorial_ICalcWrap.cs: 9802804745e09aa6d92fbca1a46de55a -> 03d02c9cf202af74271e6b9339f2aa97
========================================================================
Received Prepare
Caller must complete domain reload
Begin MonoManager ReloadAssembly
- Loaded All Assemblies, in  0.575 seconds
Native extension for WindowsStandalone target not found
Mono: successfully reloaded assembly
- Finished resetting the current domain, in  1.283 seconds
Domain Reload Profiling: 1855ms
	BeginReloadAssembly (179ms)
		ExecutionOrderSort (0ms)
		DisableScriptedObjects (4ms)
		BackupInstance (0ms)
		ReleaseScriptingObjects (0ms)
		CreateAndSetChildDomain (36ms)
	RebuildCommonClasses (49ms)
	RebuildNativeTypeToScriptingClass (10ms)
	initialDomainReloadingComplete (30ms)
	LoadAllAssembliesAndSetupDomain (303ms)
		LoadAssemblies (377ms)
		RebuildTransferFunctionScriptingTraits (0ms)
		AnalyzeDomain (32ms)
			TypeCache.Refresh (24ms)
				TypeCache.ScanAssembly (0ms)
			ScanForSourceGeneratedMonoScriptInfo (0ms)
			ResolveRequiredComponents (7ms)
	FinalizeReload (1283ms)
		ReleaseScriptCaches (0ms)
		RebuildScriptCaches (0ms)
		SetupLoadedEditorAssemblies (587ms)
			LogAssemblyErrors (0ms)
			InitializePlatformSupportModulesInManaged (5ms)
			SetLoadedEditorAssemblies (4ms)
			RefreshPlugins (0ms)
			BeforeProcessingInitializeOnLoad (75ms)
			ProcessInitializeOnLoadAttributes (412ms)
			ProcessInitializeOnLoadMethodAttributes (83ms)
			AfterProcessingInitializeOnLoad (7ms)
			EditorAssembliesLoaded (0ms)
		ExecutionOrderSort2 (0ms)
		AwakeInstancesAfterBackupRestoration (9ms)
Refreshing native plugins compatible for Editor in 11.60 ms, found 4 plugins.
Preloading 0 native plugins for Editor in 0.00 ms.
Unloading 4311 Unused Serialized files (Serialized files now loaded: 0)
Unloading 17 unused Assets / (331.9 KB). Loaded Objects now: 4849.
Memory consumption went from 151.4 MB to 151.1 MB.
Total: 6.648400 ms (FindLiveObjects: 0.473000 ms CreateObjectMapping: 0.400100 ms MarkObjects: 5.038400 ms  DeleteObjects: 0.733000 ms)

Prepare: number of updated asset objects reloaded= 0
AssetImportParameters requested are different than current active one (requested -> active):
  custom:scripting/monoscript/fileName/XLuaTest_InvokeLua_ICalcBridge.cs: 30fde9c3feb0b30e098352b4dfeb9cae -> 39dbaec3aa6ccdef5b8e133e5c8d912d
  custom:scripting/monoscript/fileName/UnityEngine_BehaviourWrap.cs: 50be6300a89da29ca17ad67a2589a5ca -> 07f04650a03b829841e9fab9d7740454
  custom:scripting/monoscript/fileName/UnityEngine_WaitForSecondsWrap.cs: 14ce79597090ca49f32e5242d176e3e0 -> f924ebf1733d94f4d65590a1a94e6531
  custom:scripting/monoscript/fileName/XLuaTest_PeddingWrap.cs: 904ed3ab876976c36018836c17a5f7cd -> 87db0d803af8b6af633a98194cb11698
  custom:container-demuxer-ogg: 62fdf1f143b41e24485cea50d1cbac27 -> 
  custom:scripting/monoscript/fileName/UnityEngine_Vector3Wrap.cs: ce0a23addf1a2b20f8676787382fe6da -> 63f465b9380555daafea25b4176adba5
  custom:scripting/monoscript/fileName/UnityEngine_RayWrap.cs: 1b2ced459e0f7fe10c0b5b9489be6f35 -> 0b84fbe6cabdb1173feb41e835ef3a40
  custom:scripting/monoscript/fileName/WrapPusher.cs: 3b3bd77f226a0f893aad8e7367a0f06b -> a7d84f614ae4cd3b956f9b8556cfd18e
  custom:scripting/monoscript/fileName/Tutorial_DerivedClassWrap.cs: a9f1f1a33e70d4aca6ed43632ef080bc -> 1a8da11bcfc26039296e071510ba3246
  custom:video-decoder-ogg-theora: a1e56fd34408186e4bbccfd4996cb3dc -> 
  custom:scripting/monoscript/fileName/XLuaTest_Foo2ChildWrap.cs: f25917eb49d7296a35740a2c6a4d40ec -> 30fab5c82eb5f5ffb38a0a6d668c1895
  custom:framework-win-MediaFoundation: 216162199b28c13a410421893ffa2e32 -> 
  custom:scripting/monoscript/fileName/UnityEngine_TimeWrap.cs: 582bbe1acbebc99abd038879d2ce291a -> 5e744018ad83dc4e6b5341356b280ff7
  custom:scripting/monoscript/fileName/UnityEngine_AnimationClipWrap.cs: 35e9dbce44e2400ca249a1b04e238032 -> 77a92debc688d37d0c76ed29e7849dc6
  custom:scripting/monoscript/fileName/UnityEngine_MonoBehaviourWrap.cs: ab88a4de07d1ed4d6902d46f78a9c2a5 -> 04d351bf9d6db68acd2847f2651b2d6b
  custom:scripting/monoscript/fileName/UnityEngine_MathfWrap.cs: b8423f29ae782d824fe5861eb133fe99 -> 333033f071a58c53b030860e1dc36f4e
  custom:scripting/monoscript/fileName/XLuaTest_Foo1ChildWrap.cs: 4e50b7c1fc1d91200bd6d308925718b7 -> 1c5e3d8cdf39c119ce22e5be32eae9dd
  custom:scripting/monoscript/fileName/UnityEngine_ResourcesWrap.cs: 7881eec03c10cac6aed4968059672b77 -> 698ab99237a4262ce7f88356cded464a
  custom:CustomObjectIndexerAttribute: 9a22284fe3817be447336de3de66b15e -> 
  custom:scripting/monoscript/fileName/EnumWrap.cs: e1678317fb40b1504377930932a65f00 -> 71aaf938165cbdbb0ac6c90ffee86023
  custom:container-demuxer-webm: 4f35f7cbe854078d1ac9338744f61a02 -> 
  custom:scripting/monoscript/fileName/UnityEngine_ParticleSystemWrap.cs: ea70451eecfa9db0287288ead2570a87 -> eee33c4ac5a2b762ef5a90683fe90f0f
  custom:scripting/monoscript/fileName/XLuaTest_BaseTestWrap.cs: 07e45de8fa2ee7650261714b0c2efcd8 -> 4f21680da7e23ca573808ca54815d505
  custom:scripting/monoscript/fileName/UnityEngine_BoundsWrap.cs: 0ac99f7c45b4a0aef916e0e5b49238c9 -> 3dd26eeb95bac2de8ce2da585d995261
  custom:scripting/monoscript/fileName/PackUnpack.cs: 7bf1a1e4b9a6d19c982a86f574107fe4 -> 273cbe68a303e04c83210a0d1b0dbfc8
  custom:scripting/monoscript/fileName/UnityEngine_KeyframeWrap.cs: 198c4d7f205e316a3726e83558840a1d -> f022c20884bfebd1cdba5d0a32b69287
  custom:scripting/monoscript/fileName/DelegatesGensBridge.cs: 14979ecd91d982a7d4b63ce8b241a2cb -> 9b33d1c344798966a03eb7d32474259e
  custom:container-muxer-webm: aa71ff27fc2769a1b78a27578f13a17b -> 
  custom:video-decoder-webm-vp8: 9c59270c3fd7afecdb556c50c9e8de78 -> 
  custom:scripting/monoscript/fileName/XLuaTest_FooWrap.cs: 94d50054e40ab48511cae7fb0b602c9b -> abbeeb9782209030752aecf7c8307085
  custom:scripting/monoscript/fileName/Tutorial_DerivedClassExtensionsWrap.cs: 8d3a8d18ccf52ef11958b45f9012fc25 -> e71c7199b289862c70f81cc97fad9cd1
  custom:scripting/monoscript/fileName/System_Collections_Generic_List_1_System_Int32_Wrap.cs: 17851e7c00326059ae0787338228160b -> 0d81f6d3ce2afe6f735fa61fb6f44318
  custom:scripting/monoscript/fileName/XLuaGenAutoRegister.cs: d853ef44aabfccb80e0b7c076b61770b -> f7d7a1bdecea0875c31215b468d1ea3c
  custom:SearchIndexIgnoredProperties: e643bd26f0fe6173181afceb89e7c659 -> 
  custom:scripting/monoscript/fileName/UnityEngine_ColorWrap.cs: bd8e985ef59408a673873236ce871e73 -> a2199b901d8d68ac06d36f834d48f0de
  custom:AudioImporter_EditorPlatform: d09bf68614088b80899f8185d706f6e7 -> 
  custom:scripting/monoscript/fileName/Tutorial_BaseClassWrap.cs: 0cb2af1d083b0b2c5e8cb36d24bfb39c -> 82bd31d966804ddf94755f42eec25c75
  custom:scripting/monoscript/fileName/UnityEngine_Ray2DWrap.cs: 0739f12fd5151febac857f4bf1dfbf4b -> 3948513cbdb210ff5fa49a4b2880e106
  custom:scripting/monoscript/fileName/UnityEngine_ComponentWrap.cs: e27295da2190ed2ebf55b5ac632d7f35 -> 3c3e0b9fedb2878f9f3fac771839136b
  custom:scripting/monoscript/fileName/System_ObjectWrap.cs: c4f7132fadbd7f5f459fdffb106ce8ad -> 9fb5e5ed9e38c23dad1e0232edf0373b
  custom:scripting/monoscript/fileName/XLuaTest_Foo1ParentWrap.cs: 4d06c6c313846bbd2659cf013bd8c081 -> bc3faaa30d66f1a9334279476c37b2a8
  custom:scripting/monoscript/fileName/XLuaTest_FooExtensionWrap.cs: 0cf66dd4ab170a1f2008f8b97f4f2106 -> 778d9d5cc8332e1d0739618b88aa2bb9
  custom:scripting/monoscript/fileName/UnityEngine_QuaternionWrap.cs: d7776a0aea79cbcec5ba2c36565a1173 -> 2be38f3d0f8715c9babd38533b7cc2f6
  custom:scripting/monoscript/fileName/UnityEngine_AnimationCurveWrap.cs: f2332648b2113d579022f7ac44ddf1a2 -> a1b4a7dab75f49fff03082ff025e4e5e
  custom:scripting/monoscript/fileName/XLuaTest_IExchangerBridge.cs: dbb2be54f36a2496a4425e7ceb90b9b9 -> a1b04ba231b7210d75c48779fb061387
  custom:scripting/monoscript/fileName/UnityEngine_LightWrap.cs: d3e76313bbab2d6f78618d0a96177993 -> afdccdb78964e15816bd84ff574e1d72
  custom:scripting/monoscript/fileName/System_Collections_IEnumeratorBridge.cs: e58d0dcf0aa39125fd572da9408c5a63 -> a6b8b2b6997973169c6bebc4e00197c3
  custom:video-encoder-webm-vp8: eb34c28f22e8b96e1ab97ce403110664 -> 
  custom:scripting/monoscript/fileName/XLuaTest_Foo2ParentWrap.cs: 3cfc8bf6cad7ab5669e86f82da9efffc -> e55fdaf088679107b1602d0f4f018827
  custom:scripting/monoscript/fileName/Tutorial_CSCallLua_ItfDBridge.cs: d05148e45525d393370f3ca919d4cdc0 -> 4e0a8d0795850c18cf92cbc673dc6199
  custom:scripting/monoscript/fileName/UnityEngine_Vector2Wrap.cs: dfd1be4a9f736e54a226859ba85dbc30 -> d8bd11c5df83747314d76d2e1152a25a
  custom:audio-decoder-ogg-vorbis: bf7c407c2cedff20999df2af8eb42d56 -> 
  custom:scripting/monoscript/fileName/UnityEngine_GameObjectWrap.cs: c4cddad80b77cae4a3f64483d25e1457 -> 499beb086fe32ba82bd6b30d04f108ea
  custom:scripting/monoscript/fileName/XLuaTest_NoGcWrap.cs: 7c2153fc9ca9cd0a3cc8b2d8a5de2fcd -> b8ab725f3034c7583c772afc97e73cfe
  custom:scripting/monoscript/fileName/UnityEngine_DebugWrap.cs: a14c41c7fbd7dec62bec687de4c6fe27 -> 2a23054f13a8c643d838dbc57d787e1a
  custom:scripting/monoscript/fileName/UnityEngine_SkinnedMeshRendererWrap.cs: 9ad169117eb1ff375ebe298216e6901c -> e6c3bb62aa80867a3afe5dcbb6224761
  custom:scripting/monoscript/fileName/UnityEngine_TextAssetWrap.cs: a895654ec821ef871bab45f0bf4ab1bf -> 96eae3d139831963806db363328bfefe
  custom:scripting/monoscript/fileName/UnityEngine_TransformWrap.cs: 1ec7fdf0df78c54383c54d4890267885 -> 50d916bbc9cc3aa204547c1dbcf1b841
  custom:scripting/monoscript/fileName/UnityEngine_RendererWrap.cs: f2bb488dcafa31d4d1829db70de7e3de -> e28d66316639c5d4634a4f4176885c0f
  custom:audio-encoder-webm-vorbis: bf7c407c2cedff20999df2af8eb42d56 -> 
  custom:scripting/monoscript/fileName/XLuaTest_LuaBehaviourWrap.cs: eb21b90bdd58645712610184d1a6b02e -> 8a24807dde2ec4b5434d8876b84591df
  custom:scripting/monoscript/fileName/UnityEngine_Vector4Wrap.cs: 4736b1d9605ba5be814644e3bcc9e928 -> e876ed87f63c3dc401e686c851325f69
  custom:scripting/monoscript/fileName/XLuaTest_MyStructWrap.cs: 55519c14d8f95433c1b6e262daa1d322 -> bcfe0251bd793e1e64a466467ef9f39d
  custom:scripting/monoscript/fileName/UnityEngine_ObjectWrap.cs: acbfc6ebce3660b3cec600cb246312ee -> d239f04268fb712161f840d533347443
  custom:scripting/precompiled-assembly-types:Assembly-CSharp: 7f215f4b51c6a6c7c1fbe1effeda673d -> 6d2cbbca728bbcc514a1a97e862a8e21
  custom:scripting/monoscript/fileName/Tutorial_ICalcWrap.cs: 9802804745e09aa6d92fbca1a46de55a -> 03d02c9cf202af74271e6b9339f2aa97
========================================================================
Received Prepare
Caller must complete domain reload
Begin MonoManager ReloadAssembly
- Loaded All Assemblies, in  0.602 seconds
Native extension for WindowsStandalone target not found
Mono: successfully reloaded assembly
- Finished resetting the current domain, in  1.376 seconds
Domain Reload Profiling: 1975ms
	BeginReloadAssembly (182ms)
		ExecutionOrderSort (0ms)
		DisableScriptedObjects (4ms)
		BackupInstance (0ms)
		ReleaseScriptingObjects (0ms)
		CreateAndSetChildDomain (36ms)
	RebuildCommonClasses (37ms)
	RebuildNativeTypeToScriptingClass (11ms)
	initialDomainReloadingComplete (32ms)
	LoadAllAssembliesAndSetupDomain (336ms)
		LoadAssemblies (376ms)
		RebuildTransferFunctionScriptingTraits (0ms)
		AnalyzeDomain (70ms)
			TypeCache.Refresh (35ms)
				TypeCache.ScanAssembly (5ms)
			ScanForSourceGeneratedMonoScriptInfo (26ms)
			ResolveRequiredComponents (8ms)
	FinalizeReload (1376ms)
		ReleaseScriptCaches (0ms)
		RebuildScriptCaches (0ms)
		SetupLoadedEditorAssemblies (622ms)
			LogAssemblyErrors (0ms)
			InitializePlatformSupportModulesInManaged (9ms)
			SetLoadedEditorAssemblies (6ms)
			RefreshPlugins (0ms)
			BeforeProcessingInitializeOnLoad (100ms)
			ProcessInitializeOnLoadAttributes (429ms)
			ProcessInitializeOnLoadMethodAttributes (67ms)
			AfterProcessingInitializeOnLoad (11ms)
			EditorAssembliesLoaded (0ms)
		ExecutionOrderSort2 (0ms)
		AwakeInstancesAfterBackupRestoration (7ms)
Refreshing native plugins compatible for Editor in 8.22 ms, found 4 plugins.
Preloading 0 native plugins for Editor in 0.00 ms.
Unloading 4311 Unused Serialized files (Serialized files now loaded: 0)
Unloading 17 unused Assets / (331.5 KB). Loaded Objects now: 4852.
Memory consumption went from 151.5 MB to 151.1 MB.
Total: 4.228800 ms (FindLiveObjects: 0.892500 ms CreateObjectMapping: 0.734200 ms MarkObjects: 2.435600 ms  DeleteObjects: 0.164700 ms)

Prepare: number of updated asset objects reloaded= 0
AssetImportParameters requested are different than current active one (requested -> active):
  custom:scripting/monoscript/fileName/AsyncTest.cs: ba7b296f91a53eb12a2f973e4bfe6187 -> 76ce712e1c4d409aac5fa695d71d244a
  custom:scripting/monoscript/fileName/XLuaTest_InvokeLua_ICalcBridge.cs: 30fde9c3feb0b30e098352b4dfeb9cae -> 39dbaec3aa6ccdef5b8e133e5c8d912d
  custom:scripting/monoscript/fileName/UnityEngine_BehaviourWrap.cs: 50be6300a89da29ca17ad67a2589a5ca -> 07f04650a03b829841e9fab9d7740454
  custom:scripting/monoscript/fileName/CoroutineTest.cs: 8ff63a150c08cc9bc1500a6e3305dabe -> b55b07dbd7b0751be4b88111c51a8597
  custom:scripting/monoscript/fileName/UnityEngine_WaitForSecondsWrap.cs: 14ce79597090ca49f32e5242d176e3e0 -> f924ebf1733d94f4d65590a1a94e6531
  custom:scripting/monoscript/fileName/XLuaTest_PeddingWrap.cs: 904ed3ab876976c36018836c17a5f7cd -> 87db0d803af8b6af633a98194cb11698
  custom:scripting/monoscript/fileName/LuaBehaviour.cs: c26b3945b1b2533a373318992b28370d -> 8501f2955baa2ae1e4b9dc9f246b814a
  custom:container-demuxer-ogg: 62fdf1f143b41e24485cea50d1cbac27 -> 
  custom:scripting/monoscript/fileName/ObjectTranslatorPool.cs: 0fcc88f1a2575820f34ed99efa865239 -> c088e49ccc65541c1471becee0155ecc
  custom:scripting/monoscript/fileName/ByFile.cs: 4175f9d405491cf5cd12d69fd7ad338b -> 6f3dfbef5ea17c4620534958e4e26f3b
  custom:scripting/monoscript/fileName/ObjectCasters.cs: 2e05dcad88217340e3469b49cb484a5e -> 0c1ed1f1cf3d518e5e522f4d874c21c2
  custom:scripting/monoscript/fileName/UnityEngine_Vector3Wrap.cs: ce0a23addf1a2b20f8676787382fe6da -> 63f465b9380555daafea25b4176adba5
  custom:scripting/monoscript/fileName/ReImplementInLua.cs: 95b77c9b6059158d95dc9a7ae2d1cdb1 -> ccd60d267132159582621b9635d9b5d9
  custom:scripting/monoscript/fileName/UnityEngine_RayWrap.cs: 1b2ced459e0f7fe10c0b5b9489be6f35 -> 0b84fbe6cabdb1173feb41e835ef3a40
  custom:scripting/monoscript/fileName/HotfixTest.cs: 1c02fcc866280314c2a4f14c6d154faa -> 3960e9f9315d94bf0223f379bfbd4a4a
  custom:scripting/monoscript/fileName/WrapPusher.cs: 3b3bd77f226a0f893aad8e7367a0f06b -> a7d84f614ae4cd3b956f9b8556cfd18e
  custom:scripting/monoscript/fileName/RawObject.cs: b7277126f2de8ab75c184e0ffceaa264 -> e4d66a2fce5b764d8103d4567ed38606
  custom:scripting/monoscript/fileName/Tutorial_DerivedClassWrap.cs: a9f1f1a33e70d4aca6ed43632ef080bc -> 1a8da11bcfc26039296e071510ba3246
  custom:video-decoder-ogg-theora: a1e56fd34408186e4bbccfd4996cb3dc -> 
  custom:scripting/monoscript/fileName/LuaTable.cs: 831d394b03ebb276485eae65adc1ccd5 -> afc244f7b5f5d0300b37ddf3297901ec
  custom:scripting/monoscript/fileName/XLuaTest_Foo2ChildWrap.cs: f25917eb49d7296a35740a2c6a4d40ec -> 30fab5c82eb5f5ffb38a0a6d668c1895
  custom:framework-win-MediaFoundation: 216162199b28c13a410421893ffa2e32 -> 
  custom:scripting/monoscript/fileName/UnityEngine_TimeWrap.cs: 582bbe1acbebc99abd038879d2ce291a -> 5e744018ad83dc4e6b5341356b280ff7
  custom:scripting/monoscript/fileName/ObjectTranslator.cs: 3684f948a56ed5cf93b0514e484d3f48 -> dd3d0b582d45a9b753aab5e6237efeb3
  custom:scripting/monoscript/fileName/UnityEngine_AnimationClipWrap.cs: 35e9dbce44e2400ca249a1b04e238032 -> 77a92debc688d37d0c76ed29e7849dc6
  custom:scripting/monoscript/fileName/UnityEngine_MonoBehaviourWrap.cs: ab88a4de07d1ed4d6902d46f78a9c2a5 -> 04d351bf9d6db68acd2847f2651b2d6b
  custom:scripting/monoscript/fileName/UnityEngine_MathfWrap.cs: b8423f29ae782d824fe5861eb133fe99 -> 333033f071a58c53b030860e1dc36f4e
  custom:scripting/monoscript/fileName/Helloworld.cs: 0111736be64650c2c199ab4f2d2240c1 -> 5df6067a12a0276271ef7e4b2f46b98d
  custom:scripting/monoscript/fileName/HotfixTest2.cs: 8e85738438913476ef9e5c92cd26daad -> e6fb5855d637d49dacea7216888e03f7
  custom:scripting/monoscript/fileName/LinkXmlGen.cs: 91d69328c4b5d0ada19c3766b1b6ad15 -> f26ca07c1d6ecd8bde6b48a50ed6d393
  custom:scripting/monoscript/fileName/XLuaTest_Foo1ChildWrap.cs: 4e50b7c1fc1d91200bd6d308925718b7 -> 1c5e3d8cdf39c119ce22e5be32eae9dd
  custom:scripting/monoscript/fileName/LuaDLL.cs: a461d359c0f868ea297a4d0e0fa0810d -> 61e98a188b5f49dbf1a755838a97959a
  custom:scripting/monoscript/fileName/GenAttributes.cs: eecd24d8570c09b2ce8b7a7a7f2d3d12 -> d46b0cff88dfb044f17f4aed96768af1
  custom:scripting/monoscript/fileName/UnityEngine_ResourcesWrap.cs: 7881eec03c10cac6aed4968059672b77 -> 698ab99237a4262ce7f88356cded464a
  custom:scripting/monoscript/fileName/ExampleConfig.cs: 01010b4aed93329e34ab2c68a0d8c398 -> 96766ead2b0a0269b4571117ad9e65bc
  custom:scripting/monoscript/fileName/CSCallLua.cs: e37f012e62a4c619428574814b983ced -> 9d2ef4b275968bd22a483233fb8b554e
  custom:scripting/monoscript/fileName/Utils.cs: cf685c01caf3a4f894711b47bbf947e6 -> 55f902a32cb309b7a62f1e16aa1d617d
  custom:CustomObjectIndexerAttribute: 9a22284fe3817be447336de3de66b15e -> 
  custom:scripting/monoscript/fileName/LuaEnv.cs: 39b0b6f887cfc0f9d8b8bab4d9210e8f -> 89231863be1481a3b9e862fc4fbe0062
  custom:scripting/monoscript/fileName/EnumWrap.cs: e1678317fb40b1504377930932a65f00 -> 71aaf938165cbdbb0ac6c90ffee86023
  custom:container-demuxer-webm: 4f35f7cbe854078d1ac9338744f61a02 -> 
  custom:scripting/monoscript/fileName/UnityEngine_ParticleSystemWrap.cs: ea70451eecfa9db0287288ead2570a87 -> eee33c4ac5a2b762ef5a90683fe90f0f
  custom:scripting/monoscript/fileName/LuaException.cs: 1ddffcc2e8b89810add964c77207e13b -> c33171da8599ff6293dbea39eed5f2df
  custom:scripting/monoscript/fileName/InvokeLua.cs: 8d1030f275cd4c779c8aadb220460431 -> 7479efa8aadd7aed0020601aa4374477
  custom:scripting/monoscript/fileName/XLuaTest_BaseTestWrap.cs: 07e45de8fa2ee7650261714b0c2efcd8 -> 4f21680da7e23ca573808ca54815d505
  custom:scripting/monoscript/fileName/UnityEngine_BoundsWrap.cs: 0ac99f7c45b4a0aef916e0e5b49238c9 -> 3dd26eeb95bac2de8ce2da585d995261
  custom:scripting/monoscript/fileName/PackUnpack.cs: 7bf1a1e4b9a6d19c982a86f574107fe4 -> 273cbe68a303e04c83210a0d1b0dbfc8
  custom:scripting/monoscript/fileName/UnityEngine_KeyframeWrap.cs: 198c4d7f205e316a3726e83558840a1d -> f022c20884bfebd1cdba5d0a32b69287
  custom:scripting/monoscript/fileName/DelegatesGensBridge.cs: 14979ecd91d982a7d4b63ce8b241a2cb -> 9b33d1c344798966a03eb7d32474259e
  custom:scripting/monoscript/fileName/SignatureLoader.cs: f9b5b4f501bbc4033b1d26e1c53bc27d -> 2543099e1b7f94e78f488961484e5e52
  custom:scripting/monoscript/fileName/Coroutine_Runner.cs: 931214e1a723b03a7a230109c4225361 -> 690ad48fe9500ae79da028936c127982
  custom:container-muxer-webm: aa71ff27fc2769a1b78a27578f13a17b -> 
  custom:scripting/monoscript/fileName/NoGc.cs: 93f5576a58657b60a9c431df8280450e -> 468686911b292518222c0fc5fca7afd3
  custom:scripting/monoscript/fileName/ObjectPool.cs: bd4befac00d17d6ebf9e5f1d7d75cb4c -> 41af867cc123c070dfe6b15d45bb5402
  custom:video-decoder-webm-vp8: 9c59270c3fd7afecdb556c50c9e8de78 -> 
  custom:scripting/monoscript/fileName/XLuaTest_FooWrap.cs: 94d50054e40ab48511cae7fb0b602c9b -> abbeeb9782209030752aecf7c8307085
  custom:scripting/monoscript/fileName/Report.cs: 3c6fcdd086fb055c4c3456a5e0e35198 -> e51741919754948773e5898850c9f663
  custom:scripting/monoscript/fileName/Tutorial_DerivedClassExtensionsWrap.cs: 8d3a8d18ccf52ef11958b45f9012fc25 -> e71c7199b289862c70f81cc97fad9cd1
  custom:scripting/monoscript/fileName/System_Collections_Generic_List_1_System_Int32_Wrap.cs: 17851e7c00326059ae0787338228160b -> 0d81f6d3ce2afe6f735fa61fb6f44318
  custom:scripting/monoscript/fileName/XLuaGenAutoRegister.cs: d853ef44aabfccb80e0b7c076b61770b -> f7d7a1bdecea0875c31215b468d1ea3c
  custom:SearchIndexIgnoredProperties: e643bd26f0fe6173181afceb89e7c659 -> 
  custom:scripting/monoscript/fileName/UnityEngine_ColorWrap.cs: bd8e985ef59408a673873236ce871e73 -> a2199b901d8d68ac06d36f834d48f0de
  custom:AudioImporter_EditorPlatform: d09bf68614088b80899f8185d706f6e7 -> 
  custom:scripting/monoscript/fileName/GenericMethodExample.cs: 71308a9675c9d31b6584afd047da40d6 -> c3c4960d5a8b500e2f93697b37d06ae2
  custom:scripting/monoscript/fileName/TypeExtensions.cs: 68c704b8c6c4fa976b931eabe81ac9ee -> 6ecc1d6c2137d4648cc597a57d0741c7
  custom:scripting/monoscript/fileName/Tutorial_BaseClassWrap.cs: 0cb2af1d083b0b2c5e8cb36d24bfb39c -> 82bd31d966804ddf94755f42eec25c75
  custom:scripting/monoscript/fileName/UnityEngine_Ray2DWrap.cs: 0739f12fd5151febac857f4bf1dfbf4b -> 3948513cbdb210ff5fa49a4b2880e106
  custom:scripting/monoscript/fileName/UnityEngine_ComponentWrap.cs: e27295da2190ed2ebf55b5ac632d7f35 -> 3c3e0b9fedb2878f9f3fac771839136b
  custom:scripting/monoscript/fileName/CustomLoader.cs: 612387837da882e343b6793882f715b4 -> 3c04d951376acd618234995a34635baf
  custom:scripting/monoscript/fileName/BuildFromCLI.cs: a3c0f780c3b3a6e3a59fd5c2a4761ee3 -> ef1665cfd7adbd546e15cd58c9f7c486
  custom:scripting/monoscript/fileName/System_ObjectWrap.cs: c4f7132fadbd7f5f459fdffb106ce8ad -> 9fb5e5ed9e38c23dad1e0232edf0373b
  custom:scripting/monoscript/fileName/XLuaTest_Foo1ParentWrap.cs: 4d06c6c313846bbd2659cf013bd8c081 -> bc3faaa30d66f1a9334279476c37b2a8
  custom:scripting/monoscript/fileName/StatefullTest.cs: ac9082cda8d79beb987af6f68f5d30cd -> 5d22c8326914d95b29e418e9d014cf15
  custom:scripting/monoscript/fileName/InternalGlobals.cs: c7a0f72bef146ff41c15b3b535d6bdf9 -> 009e626d008ed11807341f4cf6fb3a9c
  custom:scripting/monoscript/fileName/XLuaTest_FooExtensionWrap.cs: 0cf66dd4ab170a1f2008f8b97f4f2106 -> 778d9d5cc8332e1d0739618b88aa2bb9
  custom:scripting/monoscript/fileName/DelegateBridge.cs: 59e13ad21dfacf0ee52e76776a9542b7 -> 4daef522f87298a8262553f6fd5bf8f2
  custom:scripting/monoscript/fileName/Foo.cs: b60484b40971b80860ed72eb65234dc1 -> f1cbde57f1c636c66a444cf720c99995
  custom:scripting/monoscript/fileName/UnityEngine_QuaternionWrap.cs: d7776a0aea79cbcec5ba2c36565a1173 -> 2be38f3d0f8715c9babd38533b7cc2f6
  custom:scripting/monoscript/fileName/ExampleGenConfig.cs: 402439a475ab0614d6514789dc967063 -> 2d21554d83bd53efca28765b954d65c7
  custom:scripting/monoscript/fileName/TemplateRef.cs: 894e64faa8518e7345655e4a3a343abf -> e57f72b6ec3c4672428b8339ce53c07a
  custom:scripting/monoscript/fileName/ByString.cs: 83f4bb3773b202a1550c80bc6c09d1a8 -> 71ac2dce49068f904e2150c45e200cdb
  custom:scripting/monoscript/fileName/UnityEngine_AnimationCurveWrap.cs: f2332648b2113d579022f7ac44ddf1a2 -> a1b4a7dab75f49fff03082ff025e4e5e
  custom:scripting/monoscript/fileName/XLuaTest_IExchangerBridge.cs: dbb2be54f36a2496a4425e7ceb90b9b9 -> a1b04ba231b7210d75c48779fb061387
  custom:scripting/monoscript/fileName/LuaBase.cs: fd57dc59c72dd7c1f0204d91abf1345d -> f0e74d4e175e23617aebee3a1fbf3735
  custom:scripting/monoscript/fileName/UnityEngine_LightWrap.cs: d3e76313bbab2d6f78618d0a96177993 -> afdccdb78964e15816bd84ff574e1d72
  custom:scripting/monoscript/fileName/System_Collections_IEnumeratorBridge.cs: e58d0dcf0aa39125fd572da9408c5a63 -> a6b8b2b6997973169c6bebc4e00197c3
  custom:scripting/monoscript/fileName/GenericDelegateBridge.cs: 14979ecd91d982a7d4b63ce8b241a2cb -> 9b33d1c344798966a03eb7d32474259e
  custom:video-encoder-webm-vp8: eb34c28f22e8b96e1ab97ce403110664 -> 
  custom:scripting/monoscript/fileName/LuaCallCs.cs: d69c2b3b74160f3f6c507a63e395d1b8 -> 80d51efbfa90ec9a93bf6c4f217fae70
  custom:scripting/monoscript/fileName/XLuaTest_Foo2ParentWrap.cs: 3cfc8bf6cad7ab5669e86f82da9efffc -> e55fdaf088679107b1602d0f4f018827
  custom:scripting/monoscript/fileName/Tutorial_CSCallLua_ItfDBridge.cs: d05148e45525d393370f3ca919d4cdc0 -> 4e0a8d0795850c18cf92cbc673dc6199
  custom:scripting/monoscript/fileName/UnityEngine_Vector2Wrap.cs: dfd1be4a9f736e54a226859ba85dbc30 -> d8bd11c5df83747314d76d2e1152a25a
  custom:audio-decoder-ogg-vorbis: bf7c407c2cedff20999df2af8eb42d56 -> 
  custom:scripting/monoscript/fileName/UnityEngine_GameObjectWrap.cs: c4cddad80b77cae4a3f64483d25e1457 -> 499beb086fe32ba82bd6b30d04f108ea
  custom:scripting/monoscript/fileName/XLuaTest_NoGcWrap.cs: 7c2153fc9ca9cd0a3cc8b2d8a5de2fcd -> b8ab725f3034c7583c772afc97e73cfe
  custom:scripting/monoscript/fileName/UnityEngine_DebugWrap.cs: a14c41c7fbd7dec62bec687de4c6fe27 -> 2a23054f13a8c643d838dbc57d787e1a
  custom:scripting/monoscript/fileName/TemplateEngine.cs: d4247539e36868281066dc2ffa847cbd -> 196c6eecd2e70276dab2c9a7b0cf2d59
  custom:scripting/monoscript/fileName/UnityEngine_SkinnedMeshRendererWrap.cs: 9ad169117eb1ff375ebe298216e6901c -> e6c3bb62aa80867a3afe5dcbb6224761
  custom:scripting/monoscript/fileName/CopyByValue.cs: 7bf1a1e4b9a6d19c982a86f574107fe4 -> 273cbe68a303e04c83210a0d1b0dbfc8
  custom:scripting/monoscript/fileName/Generator.cs: 5c2a3602a0cfb4641043518ccc18ad89 -> e11eefc36c86800da100cf1a4789c73c
  custom:scripting/monoscript/fileName/SignatureLoaderTest.cs: 37ed863ad0370c096ad98942100ce390 -> 8c9bdabb3430d1beabc1824b7aff6019
  custom:scripting/monoscript/fileName/HotfixTestCfg.cs: 7d41c7a61129380f568a08461036f7c3 -> a7321a5cbaeb2b6b22c71e624ff03625
  custom:scripting/monoscript/fileName/MessageBox.cs: 17d47f136e1a2eb08b8ca17667071821 -> febd8bda4c1c594acb6f720026ed3aee
  custom:scripting/monoscript/fileName/UnityEngine_TextAssetWrap.cs: a895654ec821ef871bab45f0bf4ab1bf -> 96eae3d139831963806db363328bfefe
  custom:scripting/monoscript/fileName/XLuaUnityDefaultConfig.cs: 847f92567dd164ad0f0a1c4536b7e6e7 -> 12ee8270b5ca2ec2875a29a6c838143c
  custom:scripting/monoscript/fileName/UnityEngine_TransformWrap.cs: 1ec7fdf0df78c54383c54d4890267885 -> 50d916bbc9cc3aa204547c1dbcf1b841
  custom:scripting/monoscript/fileName/UnityEngine_RendererWrap.cs: f2bb488dcafa31d4d1829db70de7e3de -> e28d66316639c5d4634a4f4176885c0f
  custom:scripting/monoscript/fileName/LuaFunction.cs: 6bea6a53e0ef7f4c19887edd95529fba -> 9f9e88fec2de37a51bb5cc9b6b08d6b9
  custom:audio-encoder-webm-vorbis: bf7c407c2cedff20999df2af8eb42d56 -> 
  custom:scripting/monoscript/fileName/XLuaTest_LuaBehaviourWrap.cs: eb21b90bdd58645712610184d1a6b02e -> 8a24807dde2ec4b5434d8876b84591df
  custom:scripting/monoscript/fileName/UnityEngine_Vector4Wrap.cs: 4736b1d9605ba5be814644e3bcc9e928 -> e876ed87f63c3dc401e686c851325f69
  custom:scripting/precompiled-assembly-types:Assembly-CSharp-Editor: 8329d2703a1fb80f61cc70ee984418c3 -> f3104d4e56e8a73f04df252396e09d4f
  custom:scripting/monoscript/fileName/XLuaTest_MyStructWrap.cs: 55519c14d8f95433c1b6e262daa1d322 -> bcfe0251bd793e1e64a466467ef9f39d
  custom:scripting/monoscript/fileName/StaticLuaCallbacks.cs: 806d4721af6e97ac563013320c7b3d7a -> 9d25aed2b0bb83738cfec7ef5ea55802
  custom:scripting/monoscript/fileName/UnityEngine_ObjectWrap.cs: acbfc6ebce3660b3cec600cb246312ee -> d239f04268fb712161f840d533347443
  custom:scripting/monoscript/fileName/RawObjectTest.cs: c3d9c6b1a141374366b8d8ccf99991a4 -> af9e06db1e13155c5410c0aa29232eac
  custom:scripting/monoscript/fileName/MethodWarpsCache.cs: a0fd87c86e3eda41e7890d27658be598 -> 182591812fc1e7cc805d3eb126c7629a
  custom:scripting/precompiled-assembly-types:Assembly-CSharp: cfa94845adbe4abbe3ad7874ae813a74 -> 6d2cbbca728bbcc514a1a97e862a8e21
  custom:scripting/monoscript/fileName/Tutorial_ICalcWrap.cs: 9802804745e09aa6d92fbca1a46de55a -> 03d02c9cf202af74271e6b9339f2aa97
========================================================================
Received Prepare
Caller must complete domain reload
Begin MonoManager ReloadAssembly
- Loaded All Assemblies, in  0.602 seconds
Native extension for WindowsStandalone target not found
Mono: successfully reloaded assembly
- Finished resetting the current domain, in  1.318 seconds
Domain Reload Profiling: 1916ms
	BeginReloadAssembly (203ms)
		ExecutionOrderSort (0ms)
		DisableScriptedObjects (4ms)
		BackupInstance (0ms)
		ReleaseScriptingObjects (0ms)
		CreateAndSetChildDomain (50ms)
	RebuildCommonClasses (39ms)
	RebuildNativeTypeToScriptingClass (13ms)
	initialDomainReloadingComplete (37ms)
	LoadAllAssembliesAndSetupDomain (306ms)
		LoadAssemblies (393ms)
		RebuildTransferFunctionScriptingTraits (0ms)
		AnalyzeDomain (28ms)
			TypeCache.Refresh (16ms)
				TypeCache.ScanAssembly (0ms)
			ScanForSourceGeneratedMonoScriptInfo (0ms)
			ResolveRequiredComponents (10ms)
	FinalizeReload (1318ms)
		ReleaseScriptCaches (0ms)
		RebuildScriptCaches (0ms)
		SetupLoadedEditorAssemblies (620ms)
			LogAssemblyErrors (0ms)
			InitializePlatformSupportModulesInManaged (6ms)
			SetLoadedEditorAssemblies (5ms)
			RefreshPlugins (0ms)
			BeforeProcessingInitializeOnLoad (87ms)
			ProcessInitializeOnLoadAttributes (424ms)
			ProcessInitializeOnLoadMethodAttributes (87ms)
			AfterProcessingInitializeOnLoad (11ms)
			EditorAssembliesLoaded (0ms)
		ExecutionOrderSort2 (0ms)
		AwakeInstancesAfterBackupRestoration (9ms)
Refreshing native plugins compatible for Editor in 8.73 ms, found 4 plugins.
Preloading 0 native plugins for Editor in 0.00 ms.
Unloading 4311 Unused Serialized files (Serialized files now loaded: 0)
Unloading 17 unused Assets / (331.9 KB). Loaded Objects now: 4855.
Memory consumption went from 151.5 MB to 151.1 MB.
Total: 3.552300 ms (FindLiveObjects: 0.403200 ms CreateObjectMapping: 0.461600 ms MarkObjects: 2.541700 ms  DeleteObjects: 0.144800 ms)

Prepare: number of updated asset objects reloaded= 0
AssetImportParameters requested are different than current active one (requested -> active):
  custom:scripting/monoscript/fileName/AsyncTest.cs: ba7b296f91a53eb12a2f973e4bfe6187 -> 76ce712e1c4d409aac5fa695d71d244a
  custom:scripting/monoscript/fileName/XLuaTest_InvokeLua_ICalcBridge.cs: 30fde9c3feb0b30e098352b4dfeb9cae -> 39dbaec3aa6ccdef5b8e133e5c8d912d
  custom:scripting/monoscript/fileName/UnityEngine_BehaviourWrap.cs: 50be6300a89da29ca17ad67a2589a5ca -> 07f04650a03b829841e9fab9d7740454
  custom:scripting/monoscript/fileName/CoroutineTest.cs: 8ff63a150c08cc9bc1500a6e3305dabe -> b55b07dbd7b0751be4b88111c51a8597
  custom:scripting/monoscript/fileName/UnityEngine_WaitForSecondsWrap.cs: 14ce79597090ca49f32e5242d176e3e0 -> f924ebf1733d94f4d65590a1a94e6531
  custom:scripting/monoscript/fileName/XLuaTest_PeddingWrap.cs: 904ed3ab876976c36018836c17a5f7cd -> 87db0d803af8b6af633a98194cb11698
  custom:scripting/monoscript/fileName/LuaBehaviour.cs: c26b3945b1b2533a373318992b28370d -> 8501f2955baa2ae1e4b9dc9f246b814a
  custom:container-demuxer-ogg: 62fdf1f143b41e24485cea50d1cbac27 -> 
  custom:scripting/monoscript/fileName/ObjectTranslatorPool.cs: 0fcc88f1a2575820f34ed99efa865239 -> c088e49ccc65541c1471becee0155ecc
  custom:scripting/monoscript/fileName/ByFile.cs: 4175f9d405491cf5cd12d69fd7ad338b -> 6f3dfbef5ea17c4620534958e4e26f3b
  custom:scripting/monoscript/fileName/ObjectCasters.cs: 2e05dcad88217340e3469b49cb484a5e -> 0c1ed1f1cf3d518e5e522f4d874c21c2
  custom:scripting/monoscript/fileName/UnityEngine_Vector3Wrap.cs: ce0a23addf1a2b20f8676787382fe6da -> 63f465b9380555daafea25b4176adba5
  custom:scripting/monoscript/fileName/ReImplementInLua.cs: 95b77c9b6059158d95dc9a7ae2d1cdb1 -> ccd60d267132159582621b9635d9b5d9
  custom:scripting/monoscript/fileName/UnityEngine_RayWrap.cs: 1b2ced459e0f7fe10c0b5b9489be6f35 -> 0b84fbe6cabdb1173feb41e835ef3a40
  custom:scripting/monoscript/fileName/HotfixTest.cs: 1c02fcc866280314c2a4f14c6d154faa -> 3960e9f9315d94bf0223f379bfbd4a4a
  custom:scripting/monoscript/fileName/WrapPusher.cs: 3b3bd77f226a0f893aad8e7367a0f06b -> a7d84f614ae4cd3b956f9b8556cfd18e
  custom:scripting/monoscript/fileName/RawObject.cs: b7277126f2de8ab75c184e0ffceaa264 -> e4d66a2fce5b764d8103d4567ed38606
  custom:scripting/monoscript/fileName/Tutorial_DerivedClassWrap.cs: a9f1f1a33e70d4aca6ed43632ef080bc -> 1a8da11bcfc26039296e071510ba3246
  custom:video-decoder-ogg-theora: a1e56fd34408186e4bbccfd4996cb3dc -> 
  custom:scripting/monoscript/fileName/LuaTable.cs: 831d394b03ebb276485eae65adc1ccd5 -> afc244f7b5f5d0300b37ddf3297901ec
  custom:scripting/monoscript/fileName/XLuaTest_Foo2ChildWrap.cs: f25917eb49d7296a35740a2c6a4d40ec -> 30fab5c82eb5f5ffb38a0a6d668c1895
  custom:framework-win-MediaFoundation: 216162199b28c13a410421893ffa2e32 -> 
  custom:scripting/monoscript/fileName/UnityEngine_TimeWrap.cs: 582bbe1acbebc99abd038879d2ce291a -> 5e744018ad83dc4e6b5341356b280ff7
  custom:scripting/monoscript/fileName/ObjectTranslator.cs: 3684f948a56ed5cf93b0514e484d3f48 -> dd3d0b582d45a9b753aab5e6237efeb3
  custom:scripting/monoscript/fileName/UnityEngine_AnimationClipWrap.cs: 35e9dbce44e2400ca249a1b04e238032 -> 77a92debc688d37d0c76ed29e7849dc6
  custom:scripting/monoscript/fileName/UnityEngine_MonoBehaviourWrap.cs: ab88a4de07d1ed4d6902d46f78a9c2a5 -> 04d351bf9d6db68acd2847f2651b2d6b
  custom:scripting/monoscript/fileName/UnityEngine_MathfWrap.cs: b8423f29ae782d824fe5861eb133fe99 -> 333033f071a58c53b030860e1dc36f4e
  custom:scripting/monoscript/fileName/Helloworld.cs: 0111736be64650c2c199ab4f2d2240c1 -> 5df6067a12a0276271ef7e4b2f46b98d
  custom:scripting/monoscript/fileName/HotfixTest2.cs: 8e85738438913476ef9e5c92cd26daad -> e6fb5855d637d49dacea7216888e03f7
  custom:scripting/monoscript/fileName/LinkXmlGen.cs: 91d69328c4b5d0ada19c3766b1b6ad15 -> f26ca07c1d6ecd8bde6b48a50ed6d393
  custom:scripting/monoscript/fileName/XLuaTest_Foo1ChildWrap.cs: 4e50b7c1fc1d91200bd6d308925718b7 -> 1c5e3d8cdf39c119ce22e5be32eae9dd
  custom:scripting/monoscript/fileName/LuaDLL.cs: a461d359c0f868ea297a4d0e0fa0810d -> 61e98a188b5f49dbf1a755838a97959a
  custom:scripting/monoscript/fileName/GenAttributes.cs: eecd24d8570c09b2ce8b7a7a7f2d3d12 -> d46b0cff88dfb044f17f4aed96768af1
  custom:scripting/monoscript/fileName/UnityEngine_ResourcesWrap.cs: 7881eec03c10cac6aed4968059672b77 -> 698ab99237a4262ce7f88356cded464a
  custom:scripting/monoscript/fileName/ExampleConfig.cs: 01010b4aed93329e34ab2c68a0d8c398 -> 96766ead2b0a0269b4571117ad9e65bc
  custom:scripting/monoscript/fileName/CSCallLua.cs: e37f012e62a4c619428574814b983ced -> 9d2ef4b275968bd22a483233fb8b554e
  custom:scripting/monoscript/fileName/Utils.cs: cf685c01caf3a4f894711b47bbf947e6 -> 55f902a32cb309b7a62f1e16aa1d617d
  custom:CustomObjectIndexerAttribute: 9a22284fe3817be447336de3de66b15e -> 
  custom:scripting/monoscript/fileName/LuaEnv.cs: 39b0b6f887cfc0f9d8b8bab4d9210e8f -> 89231863be1481a3b9e862fc4fbe0062
  custom:scripting/monoscript/fileName/EnumWrap.cs: e1678317fb40b1504377930932a65f00 -> 71aaf938165cbdbb0ac6c90ffee86023
  custom:container-demuxer-webm: 4f35f7cbe854078d1ac9338744f61a02 -> 
  custom:scripting/monoscript/fileName/UnityEngine_ParticleSystemWrap.cs: ea70451eecfa9db0287288ead2570a87 -> eee33c4ac5a2b762ef5a90683fe90f0f
  custom:scripting/monoscript/fileName/LuaException.cs: 1ddffcc2e8b89810add964c77207e13b -> c33171da8599ff6293dbea39eed5f2df
  custom:scripting/monoscript/fileName/InvokeLua.cs: 8d1030f275cd4c779c8aadb220460431 -> 7479efa8aadd7aed0020601aa4374477
  custom:scripting/monoscript/fileName/XLuaTest_BaseTestWrap.cs: 07e45de8fa2ee7650261714b0c2efcd8 -> 4f21680da7e23ca573808ca54815d505
  custom:scripting/monoscript/fileName/UnityEngine_BoundsWrap.cs: 0ac99f7c45b4a0aef916e0e5b49238c9 -> 3dd26eeb95bac2de8ce2da585d995261
  custom:scripting/monoscript/fileName/PackUnpack.cs: 7bf1a1e4b9a6d19c982a86f574107fe4 -> 273cbe68a303e04c83210a0d1b0dbfc8
  custom:scripting/monoscript/fileName/UnityEngine_KeyframeWrap.cs: 198c4d7f205e316a3726e83558840a1d -> f022c20884bfebd1cdba5d0a32b69287
  custom:scripting/monoscript/fileName/DelegatesGensBridge.cs: 14979ecd91d982a7d4b63ce8b241a2cb -> 9b33d1c344798966a03eb7d32474259e
  custom:scripting/monoscript/fileName/SignatureLoader.cs: f9b5b4f501bbc4033b1d26e1c53bc27d -> 2543099e1b7f94e78f488961484e5e52
  custom:scripting/monoscript/fileName/Coroutine_Runner.cs: 931214e1a723b03a7a230109c4225361 -> 690ad48fe9500ae79da028936c127982
  custom:container-muxer-webm: aa71ff27fc2769a1b78a27578f13a17b -> 
  custom:scripting/monoscript/fileName/NoGc.cs: 93f5576a58657b60a9c431df8280450e -> 468686911b292518222c0fc5fca7afd3
  custom:scripting/monoscript/fileName/ObjectPool.cs: bd4befac00d17d6ebf9e5f1d7d75cb4c -> 41af867cc123c070dfe6b15d45bb5402
  custom:video-decoder-webm-vp8: 9c59270c3fd7afecdb556c50c9e8de78 -> 
  custom:scripting/monoscript/fileName/XLuaTest_FooWrap.cs: 94d50054e40ab48511cae7fb0b602c9b -> abbeeb9782209030752aecf7c8307085
  custom:scripting/monoscript/fileName/Report.cs: 3c6fcdd086fb055c4c3456a5e0e35198 -> e51741919754948773e5898850c9f663
  custom:scripting/monoscript/fileName/Tutorial_DerivedClassExtensionsWrap.cs: 8d3a8d18ccf52ef11958b45f9012fc25 -> e71c7199b289862c70f81cc97fad9cd1
  custom:scripting/monoscript/fileName/System_Collections_Generic_List_1_System_Int32_Wrap.cs: 17851e7c00326059ae0787338228160b -> 0d81f6d3ce2afe6f735fa61fb6f44318
  custom:scripting/monoscript/fileName/XLuaGenAutoRegister.cs: d853ef44aabfccb80e0b7c076b61770b -> f7d7a1bdecea0875c31215b468d1ea3c
  custom:SearchIndexIgnoredProperties: e643bd26f0fe6173181afceb89e7c659 -> 
  custom:scripting/monoscript/fileName/UnityEngine_ColorWrap.cs: bd8e985ef59408a673873236ce871e73 -> a2199b901d8d68ac06d36f834d48f0de
  custom:AudioImporter_EditorPlatform: d09bf68614088b80899f8185d706f6e7 -> 
  custom:scripting/monoscript/fileName/GenericMethodExample.cs: 71308a9675c9d31b6584afd047da40d6 -> c3c4960d5a8b500e2f93697b37d06ae2
  custom:scripting/monoscript/fileName/TypeExtensions.cs: 68c704b8c6c4fa976b931eabe81ac9ee -> 6ecc1d6c2137d4648cc597a57d0741c7
  custom:scripting/monoscript/fileName/Tutorial_BaseClassWrap.cs: 0cb2af1d083b0b2c5e8cb36d24bfb39c -> 82bd31d966804ddf94755f42eec25c75
  custom:scripting/monoscript/fileName/UnityEngine_Ray2DWrap.cs: 0739f12fd5151febac857f4bf1dfbf4b -> 3948513cbdb210ff5fa49a4b2880e106
  custom:scripting/monoscript/fileName/UnityEngine_ComponentWrap.cs: e27295da2190ed2ebf55b5ac632d7f35 -> 3c3e0b9fedb2878f9f3fac771839136b
  custom:scripting/monoscript/fileName/CustomLoader.cs: 612387837da882e343b6793882f715b4 -> 3c04d951376acd618234995a34635baf
  custom:scripting/monoscript/fileName/BuildFromCLI.cs: a3c0f780c3b3a6e3a59fd5c2a4761ee3 -> ef1665cfd7adbd546e15cd58c9f7c486
  custom:scripting/monoscript/fileName/System_ObjectWrap.cs: c4f7132fadbd7f5f459fdffb106ce8ad -> 9fb5e5ed9e38c23dad1e0232edf0373b
  custom:scripting/monoscript/fileName/XLuaTest_Foo1ParentWrap.cs: 4d06c6c313846bbd2659cf013bd8c081 -> bc3faaa30d66f1a9334279476c37b2a8
  custom:scripting/monoscript/fileName/StatefullTest.cs: ac9082cda8d79beb987af6f68f5d30cd -> 5d22c8326914d95b29e418e9d014cf15
  custom:scripting/monoscript/fileName/InternalGlobals.cs: c7a0f72bef146ff41c15b3b535d6bdf9 -> 009e626d008ed11807341f4cf6fb3a9c
  custom:scripting/monoscript/fileName/XLuaTest_FooExtensionWrap.cs: 0cf66dd4ab170a1f2008f8b97f4f2106 -> 778d9d5cc8332e1d0739618b88aa2bb9
  custom:scripting/monoscript/fileName/DelegateBridge.cs: 59e13ad21dfacf0ee52e76776a9542b7 -> 4daef522f87298a8262553f6fd5bf8f2
  custom:scripting/monoscript/fileName/Foo.cs: b60484b40971b80860ed72eb65234dc1 -> f1cbde57f1c636c66a444cf720c99995
  custom:scripting/monoscript/fileName/UnityEngine_QuaternionWrap.cs: d7776a0aea79cbcec5ba2c36565a1173 -> 2be38f3d0f8715c9babd38533b7cc2f6
  custom:scripting/monoscript/fileName/ExampleGenConfig.cs: 402439a475ab0614d6514789dc967063 -> 2d21554d83bd53efca28765b954d65c7
  custom:scripting/monoscript/fileName/TemplateRef.cs: 894e64faa8518e7345655e4a3a343abf -> e57f72b6ec3c4672428b8339ce53c07a
  custom:scripting/monoscript/fileName/ByString.cs: 83f4bb3773b202a1550c80bc6c09d1a8 -> 71ac2dce49068f904e2150c45e200cdb
  custom:scripting/monoscript/fileName/UnityEngine_AnimationCurveWrap.cs: f2332648b2113d579022f7ac44ddf1a2 -> a1b4a7dab75f49fff03082ff025e4e5e
  custom:scripting/monoscript/fileName/XLuaTest_IExchangerBridge.cs: dbb2be54f36a2496a4425e7ceb90b9b9 -> a1b04ba231b7210d75c48779fb061387
  custom:scripting/monoscript/fileName/LuaBase.cs: fd57dc59c72dd7c1f0204d91abf1345d -> f0e74d4e175e23617aebee3a1fbf3735
  custom:scripting/monoscript/fileName/UnityEngine_LightWrap.cs: d3e76313bbab2d6f78618d0a96177993 -> afdccdb78964e15816bd84ff574e1d72
  custom:scripting/monoscript/fileName/System_Collections_IEnumeratorBridge.cs: e58d0dcf0aa39125fd572da9408c5a63 -> a6b8b2b6997973169c6bebc4e00197c3
  custom:scripting/monoscript/fileName/GenericDelegateBridge.cs: 14979ecd91d982a7d4b63ce8b241a2cb -> 9b33d1c344798966a03eb7d32474259e
  custom:video-encoder-webm-vp8: eb34c28f22e8b96e1ab97ce403110664 -> 
  custom:scripting/monoscript/fileName/LuaCallCs.cs: d69c2b3b74160f3f6c507a63e395d1b8 -> 80d51efbfa90ec9a93bf6c4f217fae70
  custom:scripting/monoscript/fileName/XLuaTest_Foo2ParentWrap.cs: 3cfc8bf6cad7ab5669e86f82da9efffc -> e55fdaf088679107b1602d0f4f018827
  custom:scripting/monoscript/fileName/Tutorial_CSCallLua_ItfDBridge.cs: d05148e45525d393370f3ca919d4cdc0 -> 4e0a8d0795850c18cf92cbc673dc6199
  custom:scripting/monoscript/fileName/UnityEngine_Vector2Wrap.cs: dfd1be4a9f736e54a226859ba85dbc30 -> d8bd11c5df83747314d76d2e1152a25a
  custom:audio-decoder-ogg-vorbis: bf7c407c2cedff20999df2af8eb42d56 -> 
  custom:scripting/monoscript/fileName/UnityEngine_GameObjectWrap.cs: c4cddad80b77cae4a3f64483d25e1457 -> 499beb086fe32ba82bd6b30d04f108ea
  custom:scripting/monoscript/fileName/XLuaTest_NoGcWrap.cs: 7c2153fc9ca9cd0a3cc8b2d8a5de2fcd -> b8ab725f3034c7583c772afc97e73cfe
  custom:scripting/monoscript/fileName/UnityEngine_DebugWrap.cs: a14c41c7fbd7dec62bec687de4c6fe27 -> 2a23054f13a8c643d838dbc57d787e1a
  custom:scripting/monoscript/fileName/TemplateEngine.cs: d4247539e36868281066dc2ffa847cbd -> 196c6eecd2e70276dab2c9a7b0cf2d59
  custom:scripting/monoscript/fileName/UnityEngine_SkinnedMeshRendererWrap.cs: 9ad169117eb1ff375ebe298216e6901c -> e6c3bb62aa80867a3afe5dcbb6224761
  custom:scripting/monoscript/fileName/CopyByValue.cs: 7bf1a1e4b9a6d19c982a86f574107fe4 -> 273cbe68a303e04c83210a0d1b0dbfc8
  custom:scripting/monoscript/fileName/Generator.cs: 5c2a3602a0cfb4641043518ccc18ad89 -> e11eefc36c86800da100cf1a4789c73c
  custom:scripting/monoscript/fileName/SignatureLoaderTest.cs: 37ed863ad0370c096ad98942100ce390 -> 8c9bdabb3430d1beabc1824b7aff6019
  custom:scripting/monoscript/fileName/HotfixTestCfg.cs: 7d41c7a61129380f568a08461036f7c3 -> a7321a5cbaeb2b6b22c71e624ff03625
  custom:scripting/monoscript/fileName/MessageBox.cs: 17d47f136e1a2eb08b8ca17667071821 -> febd8bda4c1c594acb6f720026ed3aee
  custom:scripting/monoscript/fileName/UnityEngine_TextAssetWrap.cs: a895654ec821ef871bab45f0bf4ab1bf -> 96eae3d139831963806db363328bfefe
  custom:scripting/monoscript/fileName/XLuaUnityDefaultConfig.cs: 847f92567dd164ad0f0a1c4536b7e6e7 -> 12ee8270b5ca2ec2875a29a6c838143c
  custom:scripting/monoscript/fileName/UnityEngine_TransformWrap.cs: 1ec7fdf0df78c54383c54d4890267885 -> 50d916bbc9cc3aa204547c1dbcf1b841
  custom:scripting/monoscript/fileName/UnityEngine_RendererWrap.cs: f2bb488dcafa31d4d1829db70de7e3de -> e28d66316639c5d4634a4f4176885c0f
  custom:scripting/monoscript/fileName/LuaFunction.cs: 6bea6a53e0ef7f4c19887edd95529fba -> 9f9e88fec2de37a51bb5cc9b6b08d6b9
  custom:audio-encoder-webm-vorbis: bf7c407c2cedff20999df2af8eb42d56 -> 
  custom:scripting/monoscript/fileName/XLuaTest_LuaBehaviourWrap.cs: eb21b90bdd58645712610184d1a6b02e -> 8a24807dde2ec4b5434d8876b84591df
  custom:scripting/monoscript/fileName/UnityEngine_Vector4Wrap.cs: 4736b1d9605ba5be814644e3bcc9e928 -> e876ed87f63c3dc401e686c851325f69
  custom:scripting/precompiled-assembly-types:Assembly-CSharp-Editor: 8329d2703a1fb80f61cc70ee984418c3 -> f3104d4e56e8a73f04df252396e09d4f
  custom:scripting/monoscript/fileName/XLuaTest_MyStructWrap.cs: 55519c14d8f95433c1b6e262daa1d322 -> bcfe0251bd793e1e64a466467ef9f39d
  custom:scripting/monoscript/fileName/StaticLuaCallbacks.cs: 806d4721af6e97ac563013320c7b3d7a -> 9d25aed2b0bb83738cfec7ef5ea55802
  custom:scripting/monoscript/fileName/UnityEngine_ObjectWrap.cs: acbfc6ebce3660b3cec600cb246312ee -> d239f04268fb712161f840d533347443
  custom:scripting/monoscript/fileName/RawObjectTest.cs: c3d9c6b1a141374366b8d8ccf99991a4 -> af9e06db1e13155c5410c0aa29232eac
  custom:scripting/monoscript/fileName/MethodWarpsCache.cs: a0fd87c86e3eda41e7890d27658be598 -> 182591812fc1e7cc805d3eb126c7629a
  custom:scripting/precompiled-assembly-types:Assembly-CSharp: cfa94845adbe4abbe3ad7874ae813a74 -> 6d2cbbca728bbcc514a1a97e862a8e21
  custom:scripting/monoscript/fileName/Tutorial_ICalcWrap.cs: 9802804745e09aa6d92fbca1a46de55a -> 03d02c9cf202af74271e6b9339f2aa97
========================================================================
Received Prepare
Caller must complete domain reload
Begin MonoManager ReloadAssembly
- Loaded All Assemblies, in  0.692 seconds
Native extension for WindowsStandalone target not found
Mono: successfully reloaded assembly
- Finished resetting the current domain, in  1.132 seconds
Domain Reload Profiling: 1820ms
	BeginReloadAssembly (198ms)
		ExecutionOrderSort (0ms)
		DisableScriptedObjects (4ms)
		BackupInstance (0ms)
		ReleaseScriptingObjects (0ms)
		CreateAndSetChildDomain (42ms)
	RebuildCommonClasses (39ms)
	RebuildNativeTypeToScriptingClass (18ms)
	initialDomainReloadingComplete (48ms)
	LoadAllAssembliesAndSetupDomain (384ms)
		LoadAssemblies (448ms)
		RebuildTransferFunctionScriptingTraits (0ms)
		AnalyzeDomain (52ms)
			TypeCache.Refresh (18ms)
				TypeCache.ScanAssembly (1ms)
			ScanForSourceGeneratedMonoScriptInfo (23ms)
			ResolveRequiredComponents (10ms)
	FinalizeReload (1133ms)
		ReleaseScriptCaches (0ms)
		RebuildScriptCaches (0ms)
		SetupLoadedEditorAssemblies (477ms)
			LogAssemblyErrors (0ms)
			InitializePlatformSupportModulesInManaged (5ms)
			SetLoadedEditorAssemblies (3ms)
			RefreshPlugins (0ms)
			BeforeProcessingInitializeOnLoad (67ms)
			ProcessInitializeOnLoadAttributes (330ms)
			ProcessInitializeOnLoadMethodAttributes (63ms)
			AfterProcessingInitializeOnLoad (8ms)
			EditorAssembliesLoaded (0ms)
		ExecutionOrderSort2 (0ms)
		AwakeInstancesAfterBackupRestoration (8ms)
Refreshing native plugins compatible for Editor in 9.44 ms, found 4 plugins.
Preloading 0 native plugins for Editor in 0.00 ms.
Unloading 4311 Unused Serialized files (Serialized files now loaded: 0)
Unloading 17 unused Assets / (332.0 KB). Loaded Objects now: 4858.
Memory consumption went from 151.5 MB to 151.1 MB.
Total: 3.137800 ms (FindLiveObjects: 0.386700 ms CreateObjectMapping: 0.351300 ms MarkObjects: 2.253900 ms  DeleteObjects: 0.145000 ms)

Prepare: number of updated asset objects reloaded= 0
AssetImportParameters requested are different than current active one (requested -> active):
  custom:scripting/monoscript/fileName/AsyncTest.cs: ba7b296f91a53eb12a2f973e4bfe6187 -> 76ce712e1c4d409aac5fa695d71d244a
  custom:scripting/monoscript/fileName/XLuaTest_InvokeLua_ICalcBridge.cs: 30fde9c3feb0b30e098352b4dfeb9cae -> 39dbaec3aa6ccdef5b8e133e5c8d912d
  custom:scripting/monoscript/fileName/UnityEngine_BehaviourWrap.cs: 50be6300a89da29ca17ad67a2589a5ca -> 07f04650a03b829841e9fab9d7740454
  custom:scripting/monoscript/fileName/CoroutineTest.cs: 8ff63a150c08cc9bc1500a6e3305dabe -> b55b07dbd7b0751be4b88111c51a8597
  custom:scripting/monoscript/fileName/UnityEngine_WaitForSecondsWrap.cs: 14ce79597090ca49f32e5242d176e3e0 -> f924ebf1733d94f4d65590a1a94e6531
  custom:scripting/monoscript/fileName/XLuaTest_PeddingWrap.cs: 904ed3ab876976c36018836c17a5f7cd -> 87db0d803af8b6af633a98194cb11698
  custom:scripting/monoscript/fileName/LuaBehaviour.cs: c26b3945b1b2533a373318992b28370d -> 8501f2955baa2ae1e4b9dc9f246b814a
  custom:container-demuxer-ogg: 62fdf1f143b41e24485cea50d1cbac27 -> 
  custom:scripting/monoscript/fileName/ObjectTranslatorPool.cs: 0fcc88f1a2575820f34ed99efa865239 -> c088e49ccc65541c1471becee0155ecc
  custom:scripting/monoscript/fileName/ByFile.cs: 4175f9d405491cf5cd12d69fd7ad338b -> 6f3dfbef5ea17c4620534958e4e26f3b
  custom:scripting/monoscript/fileName/ObjectCasters.cs: 2e05dcad88217340e3469b49cb484a5e -> 0c1ed1f1cf3d518e5e522f4d874c21c2
  custom:scripting/monoscript/fileName/UnityEngine_Vector3Wrap.cs: ce0a23addf1a2b20f8676787382fe6da -> 63f465b9380555daafea25b4176adba5
  custom:scripting/monoscript/fileName/ReImplementInLua.cs: 95b77c9b6059158d95dc9a7ae2d1cdb1 -> ccd60d267132159582621b9635d9b5d9
  custom:scripting/monoscript/fileName/UnityEngine_RayWrap.cs: 1b2ced459e0f7fe10c0b5b9489be6f35 -> 0b84fbe6cabdb1173feb41e835ef3a40
  custom:scripting/monoscript/fileName/HotfixTest.cs: 1c02fcc866280314c2a4f14c6d154faa -> 3960e9f9315d94bf0223f379bfbd4a4a
  custom:scripting/monoscript/fileName/WrapPusher.cs: 3b3bd77f226a0f893aad8e7367a0f06b -> a7d84f614ae4cd3b956f9b8556cfd18e
  custom:scripting/monoscript/fileName/RawObject.cs: b7277126f2de8ab75c184e0ffceaa264 -> e4d66a2fce5b764d8103d4567ed38606
  custom:scripting/monoscript/fileName/Tutorial_DerivedClassWrap.cs: a9f1f1a33e70d4aca6ed43632ef080bc -> 1a8da11bcfc26039296e071510ba3246
  custom:video-decoder-ogg-theora: a1e56fd34408186e4bbccfd4996cb3dc -> 
  custom:scripting/monoscript/fileName/LuaTable.cs: 831d394b03ebb276485eae65adc1ccd5 -> afc244f7b5f5d0300b37ddf3297901ec
  custom:scripting/monoscript/fileName/XLuaTest_Foo2ChildWrap.cs: f25917eb49d7296a35740a2c6a4d40ec -> 30fab5c82eb5f5ffb38a0a6d668c1895
  custom:framework-win-MediaFoundation: 216162199b28c13a410421893ffa2e32 -> 
  custom:scripting/monoscript/fileName/UnityEngine_TimeWrap.cs: 582bbe1acbebc99abd038879d2ce291a -> 5e744018ad83dc4e6b5341356b280ff7
  custom:scripting/monoscript/fileName/ObjectTranslator.cs: 3684f948a56ed5cf93b0514e484d3f48 -> dd3d0b582d45a9b753aab5e6237efeb3
  custom:scripting/monoscript/fileName/UnityEngine_AnimationClipWrap.cs: 35e9dbce44e2400ca249a1b04e238032 -> 77a92debc688d37d0c76ed29e7849dc6
  custom:scripting/monoscript/fileName/UnityEngine_MonoBehaviourWrap.cs: ab88a4de07d1ed4d6902d46f78a9c2a5 -> 04d351bf9d6db68acd2847f2651b2d6b
  custom:scripting/monoscript/fileName/UnityEngine_MathfWrap.cs: b8423f29ae782d824fe5861eb133fe99 -> 333033f071a58c53b030860e1dc36f4e
  custom:scripting/monoscript/fileName/Helloworld.cs: 0111736be64650c2c199ab4f2d2240c1 -> 5df6067a12a0276271ef7e4b2f46b98d
  custom:scripting/monoscript/fileName/HotfixTest2.cs: 8e85738438913476ef9e5c92cd26daad -> e6fb5855d637d49dacea7216888e03f7
  custom:scripting/monoscript/fileName/LinkXmlGen.cs: 91d69328c4b5d0ada19c3766b1b6ad15 -> f26ca07c1d6ecd8bde6b48a50ed6d393
  custom:scripting/monoscript/fileName/XLuaTest_Foo1ChildWrap.cs: 4e50b7c1fc1d91200bd6d308925718b7 -> 1c5e3d8cdf39c119ce22e5be32eae9dd
  custom:scripting/monoscript/fileName/LuaDLL.cs: a461d359c0f868ea297a4d0e0fa0810d -> 61e98a188b5f49dbf1a755838a97959a
  custom:scripting/monoscript/fileName/GenAttributes.cs: eecd24d8570c09b2ce8b7a7a7f2d3d12 -> d46b0cff88dfb044f17f4aed96768af1
  custom:scripting/monoscript/fileName/UnityEngine_ResourcesWrap.cs: 7881eec03c10cac6aed4968059672b77 -> 698ab99237a4262ce7f88356cded464a
  custom:scripting/monoscript/fileName/ExampleConfig.cs: 01010b4aed93329e34ab2c68a0d8c398 -> 96766ead2b0a0269b4571117ad9e65bc
  custom:scripting/monoscript/fileName/CSCallLua.cs: e37f012e62a4c619428574814b983ced -> 9d2ef4b275968bd22a483233fb8b554e
  custom:scripting/monoscript/fileName/Utils.cs: cf685c01caf3a4f894711b47bbf947e6 -> 55f902a32cb309b7a62f1e16aa1d617d
  custom:CustomObjectIndexerAttribute: 9a22284fe3817be447336de3de66b15e -> 
  custom:scripting/monoscript/fileName/LuaEnv.cs: 39b0b6f887cfc0f9d8b8bab4d9210e8f -> 89231863be1481a3b9e862fc4fbe0062
  custom:scripting/monoscript/fileName/EnumWrap.cs: e1678317fb40b1504377930932a65f00 -> 71aaf938165cbdbb0ac6c90ffee86023
  custom:container-demuxer-webm: 4f35f7cbe854078d1ac9338744f61a02 -> 
  custom:scripting/monoscript/fileName/UnityEngine_ParticleSystemWrap.cs: ea70451eecfa9db0287288ead2570a87 -> eee33c4ac5a2b762ef5a90683fe90f0f
  custom:scripting/monoscript/fileName/LuaException.cs: 1ddffcc2e8b89810add964c77207e13b -> c33171da8599ff6293dbea39eed5f2df
  custom:scripting/monoscript/fileName/InvokeLua.cs: 8d1030f275cd4c779c8aadb220460431 -> 7479efa8aadd7aed0020601aa4374477
  custom:scripting/monoscript/fileName/XLuaTest_BaseTestWrap.cs: 07e45de8fa2ee7650261714b0c2efcd8 -> 4f21680da7e23ca573808ca54815d505
  custom:scripting/monoscript/fileName/UnityEngine_BoundsWrap.cs: 0ac99f7c45b4a0aef916e0e5b49238c9 -> 3dd26eeb95bac2de8ce2da585d995261
  custom:scripting/monoscript/fileName/PackUnpack.cs: 7bf1a1e4b9a6d19c982a86f574107fe4 -> 273cbe68a303e04c83210a0d1b0dbfc8
  custom:scripting/monoscript/fileName/UnityEngine_KeyframeWrap.cs: 198c4d7f205e316a3726e83558840a1d -> f022c20884bfebd1cdba5d0a32b69287
  custom:scripting/monoscript/fileName/DelegatesGensBridge.cs: 14979ecd91d982a7d4b63ce8b241a2cb -> 9b33d1c344798966a03eb7d32474259e
  custom:scripting/monoscript/fileName/SignatureLoader.cs: f9b5b4f501bbc4033b1d26e1c53bc27d -> 2543099e1b7f94e78f488961484e5e52
  custom:scripting/monoscript/fileName/Coroutine_Runner.cs: 931214e1a723b03a7a230109c4225361 -> 690ad48fe9500ae79da028936c127982
  custom:container-muxer-webm: aa71ff27fc2769a1b78a27578f13a17b -> 
  custom:scripting/monoscript/fileName/NoGc.cs: 93f5576a58657b60a9c431df8280450e -> 468686911b292518222c0fc5fca7afd3
  custom:scripting/monoscript/fileName/ObjectPool.cs: bd4befac00d17d6ebf9e5f1d7d75cb4c -> 41af867cc123c070dfe6b15d45bb5402
  custom:video-decoder-webm-vp8: 9c59270c3fd7afecdb556c50c9e8de78 -> 
  custom:scripting/monoscript/fileName/XLuaTest_FooWrap.cs: 94d50054e40ab48511cae7fb0b602c9b -> abbeeb9782209030752aecf7c8307085
  custom:scripting/monoscript/fileName/Report.cs: 3c6fcdd086fb055c4c3456a5e0e35198 -> e51741919754948773e5898850c9f663
  custom:scripting/monoscript/fileName/Tutorial_DerivedClassExtensionsWrap.cs: 8d3a8d18ccf52ef11958b45f9012fc25 -> e71c7199b289862c70f81cc97fad9cd1
  custom:scripting/monoscript/fileName/System_Collections_Generic_List_1_System_Int32_Wrap.cs: 17851e7c00326059ae0787338228160b -> 0d81f6d3ce2afe6f735fa61fb6f44318
  custom:scripting/monoscript/fileName/XLuaGenAutoRegister.cs: d853ef44aabfccb80e0b7c076b61770b -> f7d7a1bdecea0875c31215b468d1ea3c
  custom:SearchIndexIgnoredProperties: e643bd26f0fe6173181afceb89e7c659 -> 
  custom:scripting/monoscript/fileName/UnityEngine_ColorWrap.cs: bd8e985ef59408a673873236ce871e73 -> a2199b901d8d68ac06d36f834d48f0de
  custom:AudioImporter_EditorPlatform: d09bf68614088b80899f8185d706f6e7 -> 
  custom:scripting/monoscript/fileName/GenericMethodExample.cs: 71308a9675c9d31b6584afd047da40d6 -> c3c4960d5a8b500e2f93697b37d06ae2
  custom:scripting/monoscript/fileName/TypeExtensions.cs: 68c704b8c6c4fa976b931eabe81ac9ee -> 6ecc1d6c2137d4648cc597a57d0741c7
  custom:scripting/monoscript/fileName/Tutorial_BaseClassWrap.cs: 0cb2af1d083b0b2c5e8cb36d24bfb39c -> 82bd31d966804ddf94755f42eec25c75
  custom:scripting/monoscript/fileName/UnityEngine_Ray2DWrap.cs: 0739f12fd5151febac857f4bf1dfbf4b -> 3948513cbdb210ff5fa49a4b2880e106
  custom:scripting/monoscript/fileName/UnityEngine_ComponentWrap.cs: e27295da2190ed2ebf55b5ac632d7f35 -> 3c3e0b9fedb2878f9f3fac771839136b
  custom:scripting/monoscript/fileName/CustomLoader.cs: 612387837da882e343b6793882f715b4 -> 3c04d951376acd618234995a34635baf
  custom:scripting/monoscript/fileName/BuildFromCLI.cs: a3c0f780c3b3a6e3a59fd5c2a4761ee3 -> ef1665cfd7adbd546e15cd58c9f7c486
  custom:scripting/monoscript/fileName/System_ObjectWrap.cs: c4f7132fadbd7f5f459fdffb106ce8ad -> 9fb5e5ed9e38c23dad1e0232edf0373b
  custom:scripting/monoscript/fileName/XLuaTest_Foo1ParentWrap.cs: 4d06c6c313846bbd2659cf013bd8c081 -> bc3faaa30d66f1a9334279476c37b2a8
  custom:scripting/monoscript/fileName/StatefullTest.cs: ac9082cda8d79beb987af6f68f5d30cd -> 5d22c8326914d95b29e418e9d014cf15
  custom:scripting/monoscript/fileName/InternalGlobals.cs: c7a0f72bef146ff41c15b3b535d6bdf9 -> 009e626d008ed11807341f4cf6fb3a9c
  custom:scripting/monoscript/fileName/XLuaTest_FooExtensionWrap.cs: 0cf66dd4ab170a1f2008f8b97f4f2106 -> 778d9d5cc8332e1d0739618b88aa2bb9
  custom:scripting/monoscript/fileName/DelegateBridge.cs: 59e13ad21dfacf0ee52e76776a9542b7 -> 4daef522f87298a8262553f6fd5bf8f2
  custom:scripting/monoscript/fileName/Foo.cs: b60484b40971b80860ed72eb65234dc1 -> f1cbde57f1c636c66a444cf720c99995
  custom:scripting/monoscript/fileName/UnityEngine_QuaternionWrap.cs: d7776a0aea79cbcec5ba2c36565a1173 -> 2be38f3d0f8715c9babd38533b7cc2f6
  custom:scripting/monoscript/fileName/ExampleGenConfig.cs: 402439a475ab0614d6514789dc967063 -> 2d21554d83bd53efca28765b954d65c7
  custom:scripting/monoscript/fileName/TemplateRef.cs: 894e64faa8518e7345655e4a3a343abf -> e57f72b6ec3c4672428b8339ce53c07a
  custom:scripting/monoscript/fileName/ByString.cs: 83f4bb3773b202a1550c80bc6c09d1a8 -> 71ac2dce49068f904e2150c45e200cdb
  custom:scripting/monoscript/fileName/UnityEngine_AnimationCurveWrap.cs: f2332648b2113d579022f7ac44ddf1a2 -> a1b4a7dab75f49fff03082ff025e4e5e
  custom:scripting/monoscript/fileName/XLuaTest_IExchangerBridge.cs: dbb2be54f36a2496a4425e7ceb90b9b9 -> a1b04ba231b7210d75c48779fb061387
  custom:scripting/monoscript/fileName/LuaBase.cs: fd57dc59c72dd7c1f0204d91abf1345d -> f0e74d4e175e23617aebee3a1fbf3735
  custom:scripting/monoscript/fileName/UnityEngine_LightWrap.cs: d3e76313bbab2d6f78618d0a96177993 -> afdccdb78964e15816bd84ff574e1d72
  custom:scripting/monoscript/fileName/System_Collections_IEnumeratorBridge.cs: e58d0dcf0aa39125fd572da9408c5a63 -> a6b8b2b6997973169c6bebc4e00197c3
  custom:scripting/monoscript/fileName/GenericDelegateBridge.cs: 14979ecd91d982a7d4b63ce8b241a2cb -> 9b33d1c344798966a03eb7d32474259e
  custom:video-encoder-webm-vp8: eb34c28f22e8b96e1ab97ce403110664 -> 
  custom:scripting/monoscript/fileName/LuaCallCs.cs: d69c2b3b74160f3f6c507a63e395d1b8 -> 80d51efbfa90ec9a93bf6c4f217fae70
  custom:scripting/monoscript/fileName/XLuaTest_Foo2ParentWrap.cs: 3cfc8bf6cad7ab5669e86f82da9efffc -> e55fdaf088679107b1602d0f4f018827
  custom:scripting/monoscript/fileName/Tutorial_CSCallLua_ItfDBridge.cs: d05148e45525d393370f3ca919d4cdc0 -> 4e0a8d0795850c18cf92cbc673dc6199
  custom:scripting/monoscript/fileName/UnityEngine_Vector2Wrap.cs: dfd1be4a9f736e54a226859ba85dbc30 -> d8bd11c5df83747314d76d2e1152a25a
  custom:audio-decoder-ogg-vorbis: bf7c407c2cedff20999df2af8eb42d56 -> 
  custom:scripting/monoscript/fileName/UnityEngine_GameObjectWrap.cs: c4cddad80b77cae4a3f64483d25e1457 -> 499beb086fe32ba82bd6b30d04f108ea
  custom:scripting/monoscript/fileName/XLuaTest_NoGcWrap.cs: 7c2153fc9ca9cd0a3cc8b2d8a5de2fcd -> b8ab725f3034c7583c772afc97e73cfe
  custom:scripting/monoscript/fileName/UnityEngine_DebugWrap.cs: a14c41c7fbd7dec62bec687de4c6fe27 -> 2a23054f13a8c643d838dbc57d787e1a
  custom:scripting/monoscript/fileName/TemplateEngine.cs: d4247539e36868281066dc2ffa847cbd -> 196c6eecd2e70276dab2c9a7b0cf2d59
  custom:scripting/monoscript/fileName/UnityEngine_SkinnedMeshRendererWrap.cs: 9ad169117eb1ff375ebe298216e6901c -> e6c3bb62aa80867a3afe5dcbb6224761
  custom:scripting/monoscript/fileName/CopyByValue.cs: 7bf1a1e4b9a6d19c982a86f574107fe4 -> 273cbe68a303e04c83210a0d1b0dbfc8
  custom:scripting/monoscript/fileName/Generator.cs: 5c2a3602a0cfb4641043518ccc18ad89 -> e11eefc36c86800da100cf1a4789c73c
  custom:scripting/monoscript/fileName/SignatureLoaderTest.cs: 37ed863ad0370c096ad98942100ce390 -> 8c9bdabb3430d1beabc1824b7aff6019
  custom:scripting/monoscript/fileName/HotfixTestCfg.cs: 7d41c7a61129380f568a08461036f7c3 -> a7321a5cbaeb2b6b22c71e624ff03625
  custom:scripting/monoscript/fileName/MessageBox.cs: 17d47f136e1a2eb08b8ca17667071821 -> febd8bda4c1c594acb6f720026ed3aee
  custom:scripting/monoscript/fileName/UnityEngine_TextAssetWrap.cs: a895654ec821ef871bab45f0bf4ab1bf -> 96eae3d139831963806db363328bfefe
  custom:scripting/monoscript/fileName/XLuaUnityDefaultConfig.cs: 847f92567dd164ad0f0a1c4536b7e6e7 -> 12ee8270b5ca2ec2875a29a6c838143c
  custom:scripting/monoscript/fileName/UnityEngine_TransformWrap.cs: 1ec7fdf0df78c54383c54d4890267885 -> 50d916bbc9cc3aa204547c1dbcf1b841
  custom:scripting/monoscript/fileName/UnityEngine_RendererWrap.cs: f2bb488dcafa31d4d1829db70de7e3de -> e28d66316639c5d4634a4f4176885c0f
  custom:scripting/monoscript/fileName/LuaFunction.cs: 6bea6a53e0ef7f4c19887edd95529fba -> 9f9e88fec2de37a51bb5cc9b6b08d6b9
  custom:audio-encoder-webm-vorbis: bf7c407c2cedff20999df2af8eb42d56 -> 
  custom:scripting/monoscript/fileName/XLuaTest_LuaBehaviourWrap.cs: eb21b90bdd58645712610184d1a6b02e -> 8a24807dde2ec4b5434d8876b84591df
  custom:scripting/monoscript/fileName/UnityEngine_Vector4Wrap.cs: 4736b1d9605ba5be814644e3bcc9e928 -> e876ed87f63c3dc401e686c851325f69
  custom:scripting/precompiled-assembly-types:Assembly-CSharp-Editor: 8329d2703a1fb80f61cc70ee984418c3 -> f3104d4e56e8a73f04df252396e09d4f
  custom:scripting/monoscript/fileName/XLuaTest_MyStructWrap.cs: 55519c14d8f95433c1b6e262daa1d322 -> bcfe0251bd793e1e64a466467ef9f39d
  custom:scripting/monoscript/fileName/StaticLuaCallbacks.cs: 806d4721af6e97ac563013320c7b3d7a -> 9d25aed2b0bb83738cfec7ef5ea55802
  custom:scripting/monoscript/fileName/UnityEngine_ObjectWrap.cs: acbfc6ebce3660b3cec600cb246312ee -> d239f04268fb712161f840d533347443
  custom:scripting/monoscript/fileName/RawObjectTest.cs: c3d9c6b1a141374366b8d8ccf99991a4 -> af9e06db1e13155c5410c0aa29232eac
  custom:scripting/monoscript/fileName/MethodWarpsCache.cs: a0fd87c86e3eda41e7890d27658be598 -> 182591812fc1e7cc805d3eb126c7629a
  custom:scripting/precompiled-assembly-types:Assembly-CSharp: cfa94845adbe4abbe3ad7874ae813a74 -> 6d2cbbca728bbcc514a1a97e862a8e21
  custom:scripting/monoscript/fileName/Tutorial_ICalcWrap.cs: 9802804745e09aa6d92fbca1a46de55a -> 03d02c9cf202af74271e6b9339f2aa97
========================================================================
Received Prepare
Caller must complete domain reload
Begin MonoManager ReloadAssembly
- Loaded All Assemblies, in  0.658 seconds
Native extension for WindowsStandalone target not found
Mono: successfully reloaded assembly
- Finished resetting the current domain, in  1.152 seconds
Domain Reload Profiling: 1805ms
	BeginReloadAssembly (192ms)
		ExecutionOrderSort (0ms)
		DisableScriptedObjects (4ms)
		BackupInstance (0ms)
		ReleaseScriptingObjects (0ms)
		CreateAndSetChildDomain (38ms)
	RebuildCommonClasses (38ms)
	RebuildNativeTypeToScriptingClass (10ms)
	initialDomainReloadingComplete (35ms)
	LoadAllAssembliesAndSetupDomain (377ms)
		LoadAssemblies (427ms)
		RebuildTransferFunctionScriptingTraits (0ms)
		AnalyzeDomain (59ms)
			TypeCache.Refresh (32ms)
				TypeCache.ScanAssembly (4ms)
			ScanForSourceGeneratedMonoScriptInfo (16ms)
			ResolveRequiredComponents (7ms)
	FinalizeReload (1153ms)
		ReleaseScriptCaches (0ms)
		RebuildScriptCaches (0ms)
		SetupLoadedEditorAssemblies (505ms)
			LogAssemblyErrors (0ms)
			InitializePlatformSupportModulesInManaged (5ms)
			SetLoadedEditorAssemblies (3ms)
			RefreshPlugins (0ms)
			BeforeProcessingInitializeOnLoad (67ms)
			ProcessInitializeOnLoadAttributes (362ms)
			ProcessInitializeOnLoadMethodAttributes (60ms)
			AfterProcessingInitializeOnLoad (9ms)
			EditorAssembliesLoaded (0ms)
		ExecutionOrderSort2 (0ms)
		AwakeInstancesAfterBackupRestoration (7ms)
Refreshing native plugins compatible for Editor in 8.66 ms, found 4 plugins.
Preloading 0 native plugins for Editor in 0.00 ms.
Unloading 4364 Unused Serialized files (Serialized files now loaded: 0)
Unloading 17 unused Assets / (331.5 KB). Loaded Objects now: 4914.
Memory consumption went from 152.4 MB to 152.1 MB.
Total: 2.843600 ms (FindLiveObjects: 0.351700 ms CreateObjectMapping: 0.312800 ms MarkObjects: 2.070400 ms  DeleteObjects: 0.107600 ms)

Prepare: number of updated asset objects reloaded= 0
AssetImportParameters requested are different than current active one (requested -> active):
  custom:scripting/monoscript/fileName/AsyncTest.cs: ba7b296f91a53eb12a2f973e4bfe6187 -> 76ce712e1c4d409aac5fa695d71d244a
  custom:scripting/monoscript/fileName/XLuaTest_InvokeLua_ICalcBridge.cs: 30fde9c3feb0b30e098352b4dfeb9cae -> 39dbaec3aa6ccdef5b8e133e5c8d912d
  custom:scripting/monoscript/fileName/UnityEngine_BehaviourWrap.cs: 50be6300a89da29ca17ad67a2589a5ca -> 07f04650a03b829841e9fab9d7740454
  custom:scripting/monoscript/fileName/CoroutineTest.cs: 8ff63a150c08cc9bc1500a6e3305dabe -> b55b07dbd7b0751be4b88111c51a8597
  custom:scripting/monoscript/fileName/UnityEngine_WaitForSecondsWrap.cs: 14ce79597090ca49f32e5242d176e3e0 -> f924ebf1733d94f4d65590a1a94e6531
  custom:scripting/monoscript/fileName/XLuaTest_PeddingWrap.cs: 904ed3ab876976c36018836c17a5f7cd -> 87db0d803af8b6af633a98194cb11698
  custom:scripting/monoscript/fileName/LuaBehaviour.cs: c26b3945b1b2533a373318992b28370d -> 8501f2955baa2ae1e4b9dc9f246b814a
  custom:container-demuxer-ogg: 62fdf1f143b41e24485cea50d1cbac27 -> 
  custom:scripting/monoscript/fileName/ObjectTranslatorPool.cs: 0fcc88f1a2575820f34ed99efa865239 -> c088e49ccc65541c1471becee0155ecc
  custom:scripting/monoscript/fileName/ByFile.cs: 4175f9d405491cf5cd12d69fd7ad338b -> 6f3dfbef5ea17c4620534958e4e26f3b
  custom:scripting/monoscript/fileName/ObjectCasters.cs: 2e05dcad88217340e3469b49cb484a5e -> 0c1ed1f1cf3d518e5e522f4d874c21c2
  custom:scripting/monoscript/fileName/UnityEngine_Vector3Wrap.cs: ce0a23addf1a2b20f8676787382fe6da -> 63f465b9380555daafea25b4176adba5
  custom:scripting/monoscript/fileName/ReImplementInLua.cs: 95b77c9b6059158d95dc9a7ae2d1cdb1 -> ccd60d267132159582621b9635d9b5d9
  custom:scripting/monoscript/fileName/UnityEngine_RayWrap.cs: 1b2ced459e0f7fe10c0b5b9489be6f35 -> 0b84fbe6cabdb1173feb41e835ef3a40
  custom:scripting/monoscript/fileName/HotfixTest.cs: 1c02fcc866280314c2a4f14c6d154faa -> 3960e9f9315d94bf0223f379bfbd4a4a
  custom:scripting/monoscript/fileName/WrapPusher.cs: 3b3bd77f226a0f893aad8e7367a0f06b -> a7d84f614ae4cd3b956f9b8556cfd18e
  custom:scripting/monoscript/fileName/RawObject.cs: b7277126f2de8ab75c184e0ffceaa264 -> e4d66a2fce5b764d8103d4567ed38606
  custom:scripting/monoscript/fileName/Tutorial_DerivedClassWrap.cs: a9f1f1a33e70d4aca6ed43632ef080bc -> 1a8da11bcfc26039296e071510ba3246
  custom:video-decoder-ogg-theora: a1e56fd34408186e4bbccfd4996cb3dc -> 
  custom:scripting/monoscript/fileName/LuaTable.cs: 831d394b03ebb276485eae65adc1ccd5 -> afc244f7b5f5d0300b37ddf3297901ec
  custom:scripting/monoscript/fileName/XLuaTest_Foo2ChildWrap.cs: f25917eb49d7296a35740a2c6a4d40ec -> 30fab5c82eb5f5ffb38a0a6d668c1895
  custom:framework-win-MediaFoundation: 216162199b28c13a410421893ffa2e32 -> 
  custom:scripting/monoscript/fileName/UnityEngine_TimeWrap.cs: 582bbe1acbebc99abd038879d2ce291a -> 5e744018ad83dc4e6b5341356b280ff7
  custom:scripting/monoscript/fileName/ObjectTranslator.cs: 3684f948a56ed5cf93b0514e484d3f48 -> dd3d0b582d45a9b753aab5e6237efeb3
  custom:scripting/monoscript/fileName/UnityEngine_AnimationClipWrap.cs: 35e9dbce44e2400ca249a1b04e238032 -> 77a92debc688d37d0c76ed29e7849dc6
  custom:scripting/monoscript/fileName/UnityEngine_MonoBehaviourWrap.cs: ab88a4de07d1ed4d6902d46f78a9c2a5 -> 04d351bf9d6db68acd2847f2651b2d6b
  custom:scripting/monoscript/fileName/UnityEngine_MathfWrap.cs: b8423f29ae782d824fe5861eb133fe99 -> 333033f071a58c53b030860e1dc36f4e
  custom:scripting/monoscript/fileName/Helloworld.cs: 0111736be64650c2c199ab4f2d2240c1 -> 5df6067a12a0276271ef7e4b2f46b98d
  custom:scripting/monoscript/fileName/HotfixTest2.cs: 8e85738438913476ef9e5c92cd26daad -> e6fb5855d637d49dacea7216888e03f7
  custom:scripting/monoscript/fileName/LinkXmlGen.cs: 91d69328c4b5d0ada19c3766b1b6ad15 -> f26ca07c1d6ecd8bde6b48a50ed6d393
  custom:scripting/monoscript/fileName/XLuaTest_Foo1ChildWrap.cs: 4e50b7c1fc1d91200bd6d308925718b7 -> 1c5e3d8cdf39c119ce22e5be32eae9dd
  custom:scripting/monoscript/fileName/LuaDLL.cs: a461d359c0f868ea297a4d0e0fa0810d -> 61e98a188b5f49dbf1a755838a97959a
  custom:scripting/monoscript/fileName/GenAttributes.cs: eecd24d8570c09b2ce8b7a7a7f2d3d12 -> d46b0cff88dfb044f17f4aed96768af1
  custom:scripting/monoscript/fileName/UnityEngine_ResourcesWrap.cs: 7881eec03c10cac6aed4968059672b77 -> 698ab99237a4262ce7f88356cded464a
  custom:scripting/monoscript/fileName/ExampleConfig.cs: 01010b4aed93329e34ab2c68a0d8c398 -> 96766ead2b0a0269b4571117ad9e65bc
  custom:scripting/monoscript/fileName/CSCallLua.cs: e37f012e62a4c619428574814b983ced -> 9d2ef4b275968bd22a483233fb8b554e
  custom:scripting/monoscript/fileName/Utils.cs: cf685c01caf3a4f894711b47bbf947e6 -> 55f902a32cb309b7a62f1e16aa1d617d
  custom:CustomObjectIndexerAttribute: 9a22284fe3817be447336de3de66b15e -> 
  custom:scripting/monoscript/fileName/LuaEnv.cs: 39b0b6f887cfc0f9d8b8bab4d9210e8f -> 89231863be1481a3b9e862fc4fbe0062
  custom:scripting/monoscript/fileName/EnumWrap.cs: e1678317fb40b1504377930932a65f00 -> 71aaf938165cbdbb0ac6c90ffee86023
  custom:container-demuxer-webm: 4f35f7cbe854078d1ac9338744f61a02 -> 
  custom:scripting/monoscript/fileName/UnityEngine_ParticleSystemWrap.cs: ea70451eecfa9db0287288ead2570a87 -> eee33c4ac5a2b762ef5a90683fe90f0f
  custom:scripting/monoscript/fileName/LuaException.cs: 1ddffcc2e8b89810add964c77207e13b -> c33171da8599ff6293dbea39eed5f2df
  custom:scripting/monoscript/fileName/InvokeLua.cs: 8d1030f275cd4c779c8aadb220460431 -> 7479efa8aadd7aed0020601aa4374477
  custom:scripting/monoscript/fileName/XLuaTest_BaseTestWrap.cs: 07e45de8fa2ee7650261714b0c2efcd8 -> 4f21680da7e23ca573808ca54815d505
  custom:scripting/monoscript/fileName/UnityEngine_BoundsWrap.cs: 0ac99f7c45b4a0aef916e0e5b49238c9 -> 3dd26eeb95bac2de8ce2da585d995261
  custom:scripting/monoscript/fileName/PackUnpack.cs: 7bf1a1e4b9a6d19c982a86f574107fe4 -> 273cbe68a303e04c83210a0d1b0dbfc8
  custom:scripting/monoscript/fileName/UnityEngine_KeyframeWrap.cs: 198c4d7f205e316a3726e83558840a1d -> f022c20884bfebd1cdba5d0a32b69287
  custom:scripting/monoscript/fileName/DelegatesGensBridge.cs: 14979ecd91d982a7d4b63ce8b241a2cb -> 9b33d1c344798966a03eb7d32474259e
  custom:scripting/monoscript/fileName/SignatureLoader.cs: f9b5b4f501bbc4033b1d26e1c53bc27d -> 2543099e1b7f94e78f488961484e5e52
  custom:scripting/monoscript/fileName/Coroutine_Runner.cs: 931214e1a723b03a7a230109c4225361 -> 690ad48fe9500ae79da028936c127982
  custom:container-muxer-webm: aa71ff27fc2769a1b78a27578f13a17b -> 
  custom:scripting/monoscript/fileName/NoGc.cs: 93f5576a58657b60a9c431df8280450e -> 468686911b292518222c0fc5fca7afd3
  custom:scripting/monoscript/fileName/ObjectPool.cs: bd4befac00d17d6ebf9e5f1d7d75cb4c -> 41af867cc123c070dfe6b15d45bb5402
  custom:video-decoder-webm-vp8: 9c59270c3fd7afecdb556c50c9e8de78 -> 
  custom:scripting/monoscript/fileName/XLuaTest_FooWrap.cs: 94d50054e40ab48511cae7fb0b602c9b -> abbeeb9782209030752aecf7c8307085
  custom:scripting/monoscript/fileName/Report.cs: 3c6fcdd086fb055c4c3456a5e0e35198 -> e51741919754948773e5898850c9f663
  custom:scripting/monoscript/fileName/Tutorial_DerivedClassExtensionsWrap.cs: 8d3a8d18ccf52ef11958b45f9012fc25 -> e71c7199b289862c70f81cc97fad9cd1
  custom:scripting/monoscript/fileName/System_Collections_Generic_List_1_System_Int32_Wrap.cs: 17851e7c00326059ae0787338228160b -> 0d81f6d3ce2afe6f735fa61fb6f44318
  custom:scripting/monoscript/fileName/XLuaGenAutoRegister.cs: d853ef44aabfccb80e0b7c076b61770b -> f7d7a1bdecea0875c31215b468d1ea3c
  custom:SearchIndexIgnoredProperties: e643bd26f0fe6173181afceb89e7c659 -> 
  custom:scripting/monoscript/fileName/UnityEngine_ColorWrap.cs: bd8e985ef59408a673873236ce871e73 -> a2199b901d8d68ac06d36f834d48f0de
  custom:AudioImporter_EditorPlatform: d09bf68614088b80899f8185d706f6e7 -> 
  custom:scripting/monoscript/fileName/GenericMethodExample.cs: 71308a9675c9d31b6584afd047da40d6 -> c3c4960d5a8b500e2f93697b37d06ae2
  custom:scripting/monoscript/fileName/TypeExtensions.cs: 68c704b8c6c4fa976b931eabe81ac9ee -> 6ecc1d6c2137d4648cc597a57d0741c7
  custom:scripting/monoscript/fileName/Tutorial_BaseClassWrap.cs: 0cb2af1d083b0b2c5e8cb36d24bfb39c -> 82bd31d966804ddf94755f42eec25c75
  custom:scripting/monoscript/fileName/UnityEngine_Ray2DWrap.cs: 0739f12fd5151febac857f4bf1dfbf4b -> 3948513cbdb210ff5fa49a4b2880e106
  custom:scripting/monoscript/fileName/UnityEngine_ComponentWrap.cs: e27295da2190ed2ebf55b5ac632d7f35 -> 3c3e0b9fedb2878f9f3fac771839136b
  custom:scripting/monoscript/fileName/CustomLoader.cs: 612387837da882e343b6793882f715b4 -> 3c04d951376acd618234995a34635baf
  custom:scripting/monoscript/fileName/BuildFromCLI.cs: a3c0f780c3b3a6e3a59fd5c2a4761ee3 -> ef1665cfd7adbd546e15cd58c9f7c486
  custom:scripting/monoscript/fileName/System_ObjectWrap.cs: c4f7132fadbd7f5f459fdffb106ce8ad -> 9fb5e5ed9e38c23dad1e0232edf0373b
  custom:scripting/monoscript/fileName/XLuaTest_Foo1ParentWrap.cs: 4d06c6c313846bbd2659cf013bd8c081 -> bc3faaa30d66f1a9334279476c37b2a8
  custom:scripting/monoscript/fileName/StatefullTest.cs: ac9082cda8d79beb987af6f68f5d30cd -> 5d22c8326914d95b29e418e9d014cf15
  custom:scripting/monoscript/fileName/InternalGlobals.cs: c7a0f72bef146ff41c15b3b535d6bdf9 -> 009e626d008ed11807341f4cf6fb3a9c
  custom:scripting/monoscript/fileName/XLuaTest_FooExtensionWrap.cs: 0cf66dd4ab170a1f2008f8b97f4f2106 -> 778d9d5cc8332e1d0739618b88aa2bb9
  custom:scripting/monoscript/fileName/DelegateBridge.cs: 59e13ad21dfacf0ee52e76776a9542b7 -> 4daef522f87298a8262553f6fd5bf8f2
  custom:scripting/monoscript/fileName/Foo.cs: b60484b40971b80860ed72eb65234dc1 -> f1cbde57f1c636c66a444cf720c99995
  custom:scripting/monoscript/fileName/UnityEngine_QuaternionWrap.cs: d7776a0aea79cbcec5ba2c36565a1173 -> 2be38f3d0f8715c9babd38533b7cc2f6
  custom:scripting/monoscript/fileName/ExampleGenConfig.cs: 402439a475ab0614d6514789dc967063 -> 2d21554d83bd53efca28765b954d65c7
  custom:scripting/monoscript/fileName/TemplateRef.cs: 894e64faa8518e7345655e4a3a343abf -> e57f72b6ec3c4672428b8339ce53c07a
  custom:scripting/monoscript/fileName/ByString.cs: 83f4bb3773b202a1550c80bc6c09d1a8 -> 71ac2dce49068f904e2150c45e200cdb
  custom:scripting/monoscript/fileName/UnityEngine_AnimationCurveWrap.cs: f2332648b2113d579022f7ac44ddf1a2 -> a1b4a7dab75f49fff03082ff025e4e5e
  custom:scripting/monoscript/fileName/XLuaTest_IExchangerBridge.cs: dbb2be54f36a2496a4425e7ceb90b9b9 -> a1b04ba231b7210d75c48779fb061387
  custom:scripting/monoscript/fileName/LuaBase.cs: fd57dc59c72dd7c1f0204d91abf1345d -> f0e74d4e175e23617aebee3a1fbf3735
  custom:scripting/monoscript/fileName/UnityEngine_LightWrap.cs: d3e76313bbab2d6f78618d0a96177993 -> afdccdb78964e15816bd84ff574e1d72
  custom:scripting/monoscript/fileName/System_Collections_IEnumeratorBridge.cs: e58d0dcf0aa39125fd572da9408c5a63 -> a6b8b2b6997973169c6bebc4e00197c3
  custom:scripting/monoscript/fileName/GenericDelegateBridge.cs: 14979ecd91d982a7d4b63ce8b241a2cb -> 9b33d1c344798966a03eb7d32474259e
  custom:video-encoder-webm-vp8: eb34c28f22e8b96e1ab97ce403110664 -> 
  custom:scripting/monoscript/fileName/LuaCallCs.cs: d69c2b3b74160f3f6c507a63e395d1b8 -> 80d51efbfa90ec9a93bf6c4f217fae70
  custom:scripting/monoscript/fileName/XLuaTest_Foo2ParentWrap.cs: 3cfc8bf6cad7ab5669e86f82da9efffc -> e55fdaf088679107b1602d0f4f018827
  custom:scripting/monoscript/fileName/Tutorial_CSCallLua_ItfDBridge.cs: d05148e45525d393370f3ca919d4cdc0 -> 4e0a8d0795850c18cf92cbc673dc6199
  custom:scripting/monoscript/fileName/UnityEngine_Vector2Wrap.cs: dfd1be4a9f736e54a226859ba85dbc30 -> d8bd11c5df83747314d76d2e1152a25a
  custom:audio-decoder-ogg-vorbis: bf7c407c2cedff20999df2af8eb42d56 -> 
  custom:scripting/monoscript/fileName/UnityEngine_GameObjectWrap.cs: c4cddad80b77cae4a3f64483d25e1457 -> 499beb086fe32ba82bd6b30d04f108ea
  custom:scripting/monoscript/fileName/XLuaTest_NoGcWrap.cs: 7c2153fc9ca9cd0a3cc8b2d8a5de2fcd -> b8ab725f3034c7583c772afc97e73cfe
  custom:scripting/monoscript/fileName/UnityEngine_DebugWrap.cs: a14c41c7fbd7dec62bec687de4c6fe27 -> 2a23054f13a8c643d838dbc57d787e1a
  custom:scripting/monoscript/fileName/TemplateEngine.cs: d4247539e36868281066dc2ffa847cbd -> 196c6eecd2e70276dab2c9a7b0cf2d59
  custom:scripting/monoscript/fileName/UnityEngine_SkinnedMeshRendererWrap.cs: 9ad169117eb1ff375ebe298216e6901c -> e6c3bb62aa80867a3afe5dcbb6224761
  custom:scripting/monoscript/fileName/CopyByValue.cs: 7bf1a1e4b9a6d19c982a86f574107fe4 -> 273cbe68a303e04c83210a0d1b0dbfc8
  custom:scripting/monoscript/fileName/Generator.cs: 5c2a3602a0cfb4641043518ccc18ad89 -> e11eefc36c86800da100cf1a4789c73c
  custom:scripting/monoscript/fileName/SignatureLoaderTest.cs: 37ed863ad0370c096ad98942100ce390 -> 8c9bdabb3430d1beabc1824b7aff6019
  custom:scripting/monoscript/fileName/HotfixTestCfg.cs: 7d41c7a61129380f568a08461036f7c3 -> a7321a5cbaeb2b6b22c71e624ff03625
  custom:scripting/monoscript/fileName/MessageBox.cs: 17d47f136e1a2eb08b8ca17667071821 -> febd8bda4c1c594acb6f720026ed3aee
  custom:scripting/monoscript/fileName/UnityEngine_TextAssetWrap.cs: a895654ec821ef871bab45f0bf4ab1bf -> 96eae3d139831963806db363328bfefe
  custom:scripting/monoscript/fileName/XLuaUnityDefaultConfig.cs: 847f92567dd164ad0f0a1c4536b7e6e7 -> 12ee8270b5ca2ec2875a29a6c838143c
  custom:scripting/monoscript/fileName/UnityEngine_TransformWrap.cs: 1ec7fdf0df78c54383c54d4890267885 -> 50d916bbc9cc3aa204547c1dbcf1b841
  custom:scripting/monoscript/fileName/UnityEngine_RendererWrap.cs: f2bb488dcafa31d4d1829db70de7e3de -> e28d66316639c5d4634a4f4176885c0f
  custom:scripting/monoscript/fileName/LuaFunction.cs: 6bea6a53e0ef7f4c19887edd95529fba -> 9f9e88fec2de37a51bb5cc9b6b08d6b9
  custom:audio-encoder-webm-vorbis: bf7c407c2cedff20999df2af8eb42d56 -> 
  custom:scripting/monoscript/fileName/XLuaTest_LuaBehaviourWrap.cs: eb21b90bdd58645712610184d1a6b02e -> 8a24807dde2ec4b5434d8876b84591df
  custom:scripting/monoscript/fileName/UnityEngine_Vector4Wrap.cs: 4736b1d9605ba5be814644e3bcc9e928 -> e876ed87f63c3dc401e686c851325f69
  custom:scripting/precompiled-assembly-types:Assembly-CSharp-Editor: 8329d2703a1fb80f61cc70ee984418c3 -> f3104d4e56e8a73f04df252396e09d4f
  custom:scripting/monoscript/fileName/XLuaTest_MyStructWrap.cs: 55519c14d8f95433c1b6e262daa1d322 -> bcfe0251bd793e1e64a466467ef9f39d
  custom:scripting/monoscript/fileName/StaticLuaCallbacks.cs: 806d4721af6e97ac563013320c7b3d7a -> 9d25aed2b0bb83738cfec7ef5ea55802
  custom:scripting/monoscript/fileName/UnityEngine_ObjectWrap.cs: acbfc6ebce3660b3cec600cb246312ee -> d239f04268fb712161f840d533347443
  custom:scripting/monoscript/fileName/RawObjectTest.cs: c3d9c6b1a141374366b8d8ccf99991a4 -> af9e06db1e13155c5410c0aa29232eac
  custom:scripting/monoscript/fileName/MethodWarpsCache.cs: a0fd87c86e3eda41e7890d27658be598 -> 182591812fc1e7cc805d3eb126c7629a
  custom:scripting/precompiled-assembly-types:Assembly-CSharp: 99b328417248fea24142d71679fac050 -> 6d2cbbca728bbcc514a1a97e862a8e21
  custom:scripting/monoscript/fileName/Tutorial_ICalcWrap.cs: 9802804745e09aa6d92fbca1a46de55a -> 03d02c9cf202af74271e6b9339f2aa97
========================================================================
Received Prepare
Caller must complete domain reload
Begin MonoManager ReloadAssembly
- Loaded All Assemblies, in  0.650 seconds
Native extension for WindowsStandalone target not found
Mono: successfully reloaded assembly
- Finished resetting the current domain, in  1.309 seconds
Domain Reload Profiling: 1956ms
	BeginReloadAssembly (187ms)
		ExecutionOrderSort (0ms)
		DisableScriptedObjects (5ms)
		BackupInstance (0ms)
		ReleaseScriptingObjects (0ms)
		CreateAndSetChildDomain (39ms)
	RebuildCommonClasses (42ms)
	RebuildNativeTypeToScriptingClass (11ms)
	initialDomainReloadingComplete (40ms)
	LoadAllAssembliesAndSetupDomain (367ms)
		LoadAssemblies (438ms)
		RebuildTransferFunctionScriptingTraits (0ms)
		AnalyzeDomain (38ms)
			TypeCache.Refresh (26ms)
				TypeCache.ScanAssembly (0ms)
			ScanForSourceGeneratedMonoScriptInfo (0ms)
			ResolveRequiredComponents (9ms)
	FinalizeReload (1310ms)
		ReleaseScriptCaches (0ms)
		RebuildScriptCaches (0ms)
		SetupLoadedEditorAssemblies (605ms)
			LogAssemblyErrors (0ms)
			InitializePlatformSupportModulesInManaged (11ms)
			SetLoadedEditorAssemblies (3ms)
			RefreshPlugins (0ms)
			BeforeProcessingInitializeOnLoad (83ms)
			ProcessInitializeOnLoadAttributes (429ms)
			ProcessInitializeOnLoadMethodAttributes (69ms)
			AfterProcessingInitializeOnLoad (10ms)
			EditorAssembliesLoaded (0ms)
		ExecutionOrderSort2 (0ms)
		AwakeInstancesAfterBackupRestoration (8ms)
Refreshing native plugins compatible for Editor in 11.41 ms, found 4 plugins.
Preloading 0 native plugins for Editor in 0.00 ms.
Unloading 4364 Unused Serialized files (Serialized files now loaded: 0)
Unloading 17 unused Assets / (331.9 KB). Loaded Objects now: 4917.
Memory consumption went from 152.4 MB to 152.1 MB.
Total: 7.043500 ms (FindLiveObjects: 0.477100 ms CreateObjectMapping: 0.408800 ms MarkObjects: 5.609900 ms  DeleteObjects: 0.545000 ms)

Prepare: number of updated asset objects reloaded= 0
AssetImportParameters requested are different than current active one (requested -> active):
  custom:scripting/monoscript/fileName/AsyncTest.cs: ba7b296f91a53eb12a2f973e4bfe6187 -> 76ce712e1c4d409aac5fa695d71d244a
  custom:scripting/monoscript/fileName/XLuaTest_InvokeLua_ICalcBridge.cs: 30fde9c3feb0b30e098352b4dfeb9cae -> 39dbaec3aa6ccdef5b8e133e5c8d912d
  custom:scripting/monoscript/fileName/UnityEngine_BehaviourWrap.cs: 50be6300a89da29ca17ad67a2589a5ca -> 07f04650a03b829841e9fab9d7740454
  custom:scripting/monoscript/fileName/CoroutineTest.cs: 8ff63a150c08cc9bc1500a6e3305dabe -> b55b07dbd7b0751be4b88111c51a8597
  custom:scripting/monoscript/fileName/UnityEngine_WaitForSecondsWrap.cs: 14ce79597090ca49f32e5242d176e3e0 -> f924ebf1733d94f4d65590a1a94e6531
  custom:scripting/monoscript/fileName/XLuaTest_PeddingWrap.cs: 904ed3ab876976c36018836c17a5f7cd -> 87db0d803af8b6af633a98194cb11698
  custom:scripting/monoscript/fileName/LuaBehaviour.cs: c26b3945b1b2533a373318992b28370d -> 8501f2955baa2ae1e4b9dc9f246b814a
  custom:container-demuxer-ogg: 62fdf1f143b41e24485cea50d1cbac27 -> 
  custom:scripting/monoscript/fileName/ObjectTranslatorPool.cs: 0fcc88f1a2575820f34ed99efa865239 -> c088e49ccc65541c1471becee0155ecc
  custom:scripting/monoscript/fileName/ByFile.cs: 4175f9d405491cf5cd12d69fd7ad338b -> 6f3dfbef5ea17c4620534958e4e26f3b
  custom:scripting/monoscript/fileName/ObjectCasters.cs: 2e05dcad88217340e3469b49cb484a5e -> 0c1ed1f1cf3d518e5e522f4d874c21c2
  custom:scripting/monoscript/fileName/UnityEngine_Vector3Wrap.cs: ce0a23addf1a2b20f8676787382fe6da -> 63f465b9380555daafea25b4176adba5
  custom:scripting/monoscript/fileName/ReImplementInLua.cs: 95b77c9b6059158d95dc9a7ae2d1cdb1 -> ccd60d267132159582621b9635d9b5d9
  custom:scripting/monoscript/fileName/UnityEngine_RayWrap.cs: 1b2ced459e0f7fe10c0b5b9489be6f35 -> 0b84fbe6cabdb1173feb41e835ef3a40
  custom:scripting/monoscript/fileName/HotfixTest.cs: 1c02fcc866280314c2a4f14c6d154faa -> 3960e9f9315d94bf0223f379bfbd4a4a
  custom:scripting/monoscript/fileName/WrapPusher.cs: 3b3bd77f226a0f893aad8e7367a0f06b -> a7d84f614ae4cd3b956f9b8556cfd18e
  custom:scripting/monoscript/fileName/RawObject.cs: b7277126f2de8ab75c184e0ffceaa264 -> e4d66a2fce5b764d8103d4567ed38606
  custom:scripting/monoscript/fileName/Tutorial_DerivedClassWrap.cs: a9f1f1a33e70d4aca6ed43632ef080bc -> 1a8da11bcfc26039296e071510ba3246
  custom:video-decoder-ogg-theora: a1e56fd34408186e4bbccfd4996cb3dc -> 
  custom:scripting/monoscript/fileName/LuaTable.cs: 831d394b03ebb276485eae65adc1ccd5 -> afc244f7b5f5d0300b37ddf3297901ec
  custom:scripting/monoscript/fileName/XLuaTest_Foo2ChildWrap.cs: f25917eb49d7296a35740a2c6a4d40ec -> 30fab5c82eb5f5ffb38a0a6d668c1895
  custom:framework-win-MediaFoundation: 216162199b28c13a410421893ffa2e32 -> 
  custom:scripting/monoscript/fileName/UnityEngine_TimeWrap.cs: 582bbe1acbebc99abd038879d2ce291a -> 5e744018ad83dc4e6b5341356b280ff7
  custom:scripting/monoscript/fileName/ObjectTranslator.cs: 3684f948a56ed5cf93b0514e484d3f48 -> dd3d0b582d45a9b753aab5e6237efeb3
  custom:scripting/monoscript/fileName/UnityEngine_AnimationClipWrap.cs: 35e9dbce44e2400ca249a1b04e238032 -> 77a92debc688d37d0c76ed29e7849dc6
  custom:scripting/monoscript/fileName/UnityEngine_MonoBehaviourWrap.cs: ab88a4de07d1ed4d6902d46f78a9c2a5 -> 04d351bf9d6db68acd2847f2651b2d6b
  custom:scripting/monoscript/fileName/UnityEngine_MathfWrap.cs: b8423f29ae782d824fe5861eb133fe99 -> 333033f071a58c53b030860e1dc36f4e
  custom:scripting/monoscript/fileName/Helloworld.cs: 0111736be64650c2c199ab4f2d2240c1 -> 5df6067a12a0276271ef7e4b2f46b98d
  custom:scripting/monoscript/fileName/HotfixTest2.cs: 8e85738438913476ef9e5c92cd26daad -> e6fb5855d637d49dacea7216888e03f7
  custom:scripting/monoscript/fileName/LinkXmlGen.cs: 91d69328c4b5d0ada19c3766b1b6ad15 -> f26ca07c1d6ecd8bde6b48a50ed6d393
  custom:scripting/monoscript/fileName/XLuaTest_Foo1ChildWrap.cs: 4e50b7c1fc1d91200bd6d308925718b7 -> 1c5e3d8cdf39c119ce22e5be32eae9dd
  custom:scripting/monoscript/fileName/LuaDLL.cs: a461d359c0f868ea297a4d0e0fa0810d -> 61e98a188b5f49dbf1a755838a97959a
  custom:scripting/monoscript/fileName/GenAttributes.cs: eecd24d8570c09b2ce8b7a7a7f2d3d12 -> d46b0cff88dfb044f17f4aed96768af1
  custom:scripting/monoscript/fileName/UnityEngine_ResourcesWrap.cs: 7881eec03c10cac6aed4968059672b77 -> 698ab99237a4262ce7f88356cded464a
  custom:scripting/monoscript/fileName/ExampleConfig.cs: 01010b4aed93329e34ab2c68a0d8c398 -> 96766ead2b0a0269b4571117ad9e65bc
  custom:scripting/monoscript/fileName/CSCallLua.cs: e37f012e62a4c619428574814b983ced -> 9d2ef4b275968bd22a483233fb8b554e
  custom:scripting/monoscript/fileName/Utils.cs: cf685c01caf3a4f894711b47bbf947e6 -> 55f902a32cb309b7a62f1e16aa1d617d
  custom:CustomObjectIndexerAttribute: 9a22284fe3817be447336de3de66b15e -> 
  custom:scripting/monoscript/fileName/LuaEnv.cs: 39b0b6f887cfc0f9d8b8bab4d9210e8f -> 89231863be1481a3b9e862fc4fbe0062
  custom:scripting/monoscript/fileName/EnumWrap.cs: e1678317fb40b1504377930932a65f00 -> 71aaf938165cbdbb0ac6c90ffee86023
  custom:container-demuxer-webm: 4f35f7cbe854078d1ac9338744f61a02 -> 
  custom:scripting/monoscript/fileName/UnityEngine_ParticleSystemWrap.cs: ea70451eecfa9db0287288ead2570a87 -> eee33c4ac5a2b762ef5a90683fe90f0f
  custom:scripting/monoscript/fileName/LuaException.cs: 1ddffcc2e8b89810add964c77207e13b -> c33171da8599ff6293dbea39eed5f2df
  custom:scripting/monoscript/fileName/InvokeLua.cs: 8d1030f275cd4c779c8aadb220460431 -> 7479efa8aadd7aed0020601aa4374477
  custom:scripting/monoscript/fileName/XLuaTest_BaseTestWrap.cs: 07e45de8fa2ee7650261714b0c2efcd8 -> 4f21680da7e23ca573808ca54815d505
  custom:scripting/monoscript/fileName/UnityEngine_BoundsWrap.cs: 0ac99f7c45b4a0aef916e0e5b49238c9 -> 3dd26eeb95bac2de8ce2da585d995261
  custom:scripting/monoscript/fileName/PackUnpack.cs: 7bf1a1e4b9a6d19c982a86f574107fe4 -> 273cbe68a303e04c83210a0d1b0dbfc8
  custom:scripting/monoscript/fileName/UnityEngine_KeyframeWrap.cs: 198c4d7f205e316a3726e83558840a1d -> f022c20884bfebd1cdba5d0a32b69287
  custom:scripting/monoscript/fileName/DelegatesGensBridge.cs: 14979ecd91d982a7d4b63ce8b241a2cb -> 9b33d1c344798966a03eb7d32474259e
  custom:scripting/monoscript/fileName/SignatureLoader.cs: f9b5b4f501bbc4033b1d26e1c53bc27d -> 2543099e1b7f94e78f488961484e5e52
  custom:scripting/monoscript/fileName/Coroutine_Runner.cs: 931214e1a723b03a7a230109c4225361 -> 690ad48fe9500ae79da028936c127982
  custom:container-muxer-webm: aa71ff27fc2769a1b78a27578f13a17b -> 
  custom:scripting/monoscript/fileName/NoGc.cs: 93f5576a58657b60a9c431df8280450e -> 468686911b292518222c0fc5fca7afd3
  custom:scripting/monoscript/fileName/ObjectPool.cs: bd4befac00d17d6ebf9e5f1d7d75cb4c -> 41af867cc123c070dfe6b15d45bb5402
  custom:video-decoder-webm-vp8: 9c59270c3fd7afecdb556c50c9e8de78 -> 
  custom:scripting/monoscript/fileName/XLuaTest_FooWrap.cs: 94d50054e40ab48511cae7fb0b602c9b -> abbeeb9782209030752aecf7c8307085
  custom:scripting/monoscript/fileName/Report.cs: 3c6fcdd086fb055c4c3456a5e0e35198 -> e51741919754948773e5898850c9f663
  custom:scripting/monoscript/fileName/Tutorial_DerivedClassExtensionsWrap.cs: 8d3a8d18ccf52ef11958b45f9012fc25 -> e71c7199b289862c70f81cc97fad9cd1
  custom:scripting/monoscript/fileName/System_Collections_Generic_List_1_System_Int32_Wrap.cs: 17851e7c00326059ae0787338228160b -> 0d81f6d3ce2afe6f735fa61fb6f44318
  custom:scripting/monoscript/fileName/XLuaGenAutoRegister.cs: d853ef44aabfccb80e0b7c076b61770b -> f7d7a1bdecea0875c31215b468d1ea3c
  custom:SearchIndexIgnoredProperties: e643bd26f0fe6173181afceb89e7c659 -> 
  custom:scripting/monoscript/fileName/UnityEngine_ColorWrap.cs: bd8e985ef59408a673873236ce871e73 -> a2199b901d8d68ac06d36f834d48f0de
  custom:AudioImporter_EditorPlatform: d09bf68614088b80899f8185d706f6e7 -> 
  custom:scripting/monoscript/fileName/GenericMethodExample.cs: 71308a9675c9d31b6584afd047da40d6 -> c3c4960d5a8b500e2f93697b37d06ae2
  custom:scripting/monoscript/fileName/TypeExtensions.cs: 68c704b8c6c4fa976b931eabe81ac9ee -> 6ecc1d6c2137d4648cc597a57d0741c7
  custom:scripting/monoscript/fileName/Tutorial_BaseClassWrap.cs: 0cb2af1d083b0b2c5e8cb36d24bfb39c -> 82bd31d966804ddf94755f42eec25c75
  custom:scripting/monoscript/fileName/UnityEngine_Ray2DWrap.cs: 0739f12fd5151febac857f4bf1dfbf4b -> 3948513cbdb210ff5fa49a4b2880e106
  custom:scripting/monoscript/fileName/UnityEngine_ComponentWrap.cs: e27295da2190ed2ebf55b5ac632d7f35 -> 3c3e0b9fedb2878f9f3fac771839136b
  custom:scripting/monoscript/fileName/CustomLoader.cs: 612387837da882e343b6793882f715b4 -> 3c04d951376acd618234995a34635baf
  custom:scripting/monoscript/fileName/BuildFromCLI.cs: a3c0f780c3b3a6e3a59fd5c2a4761ee3 -> ef1665cfd7adbd546e15cd58c9f7c486
  custom:scripting/monoscript/fileName/System_ObjectWrap.cs: c4f7132fadbd7f5f459fdffb106ce8ad -> 9fb5e5ed9e38c23dad1e0232edf0373b
  custom:scripting/monoscript/fileName/XLuaTest_Foo1ParentWrap.cs: 4d06c6c313846bbd2659cf013bd8c081 -> bc3faaa30d66f1a9334279476c37b2a8
  custom:scripting/monoscript/fileName/StatefullTest.cs: ac9082cda8d79beb987af6f68f5d30cd -> 5d22c8326914d95b29e418e9d014cf15
  custom:scripting/monoscript/fileName/InternalGlobals.cs: c7a0f72bef146ff41c15b3b535d6bdf9 -> 009e626d008ed11807341f4cf6fb3a9c
  custom:scripting/monoscript/fileName/XLuaTest_FooExtensionWrap.cs: 0cf66dd4ab170a1f2008f8b97f4f2106 -> 778d9d5cc8332e1d0739618b88aa2bb9
  custom:scripting/monoscript/fileName/DelegateBridge.cs: 59e13ad21dfacf0ee52e76776a9542b7 -> 4daef522f87298a8262553f6fd5bf8f2
  custom:scripting/monoscript/fileName/Foo.cs: b60484b40971b80860ed72eb65234dc1 -> f1cbde57f1c636c66a444cf720c99995
  custom:scripting/monoscript/fileName/UnityEngine_QuaternionWrap.cs: d7776a0aea79cbcec5ba2c36565a1173 -> 2be38f3d0f8715c9babd38533b7cc2f6
  custom:scripting/monoscript/fileName/ExampleGenConfig.cs: 402439a475ab0614d6514789dc967063 -> 2d21554d83bd53efca28765b954d65c7
  custom:scripting/monoscript/fileName/TemplateRef.cs: 894e64faa8518e7345655e4a3a343abf -> e57f72b6ec3c4672428b8339ce53c07a
  custom:scripting/monoscript/fileName/ByString.cs: 83f4bb3773b202a1550c80bc6c09d1a8 -> 71ac2dce49068f904e2150c45e200cdb
  custom:scripting/monoscript/fileName/UnityEngine_AnimationCurveWrap.cs: f2332648b2113d579022f7ac44ddf1a2 -> a1b4a7dab75f49fff03082ff025e4e5e
  custom:scripting/monoscript/fileName/XLuaTest_IExchangerBridge.cs: dbb2be54f36a2496a4425e7ceb90b9b9 -> a1b04ba231b7210d75c48779fb061387
  custom:scripting/monoscript/fileName/LuaBase.cs: fd57dc59c72dd7c1f0204d91abf1345d -> f0e74d4e175e23617aebee3a1fbf3735
  custom:scripting/monoscript/fileName/UnityEngine_LightWrap.cs: d3e76313bbab2d6f78618d0a96177993 -> afdccdb78964e15816bd84ff574e1d72
  custom:scripting/monoscript/fileName/System_Collections_IEnumeratorBridge.cs: e58d0dcf0aa39125fd572da9408c5a63 -> a6b8b2b6997973169c6bebc4e00197c3
  custom:scripting/monoscript/fileName/GenericDelegateBridge.cs: 14979ecd91d982a7d4b63ce8b241a2cb -> 9b33d1c344798966a03eb7d32474259e
  custom:video-encoder-webm-vp8: eb34c28f22e8b96e1ab97ce403110664 -> 
  custom:scripting/monoscript/fileName/LuaCallCs.cs: d69c2b3b74160f3f6c507a63e395d1b8 -> 80d51efbfa90ec9a93bf6c4f217fae70
  custom:scripting/monoscript/fileName/XLuaTest_Foo2ParentWrap.cs: 3cfc8bf6cad7ab5669e86f82da9efffc -> e55fdaf088679107b1602d0f4f018827
  custom:scripting/monoscript/fileName/Tutorial_CSCallLua_ItfDBridge.cs: d05148e45525d393370f3ca919d4cdc0 -> 4e0a8d0795850c18cf92cbc673dc6199
  custom:scripting/monoscript/fileName/UnityEngine_Vector2Wrap.cs: dfd1be4a9f736e54a226859ba85dbc30 -> d8bd11c5df83747314d76d2e1152a25a
  custom:audio-decoder-ogg-vorbis: bf7c407c2cedff20999df2af8eb42d56 -> 
  custom:scripting/monoscript/fileName/UnityEngine_GameObjectWrap.cs: c4cddad80b77cae4a3f64483d25e1457 -> 499beb086fe32ba82bd6b30d04f108ea
  custom:scripting/monoscript/fileName/XLuaTest_NoGcWrap.cs: 7c2153fc9ca9cd0a3cc8b2d8a5de2fcd -> b8ab725f3034c7583c772afc97e73cfe
  custom:scripting/monoscript/fileName/UnityEngine_DebugWrap.cs: a14c41c7fbd7dec62bec687de4c6fe27 -> 2a23054f13a8c643d838dbc57d787e1a
  custom:scripting/monoscript/fileName/TemplateEngine.cs: d4247539e36868281066dc2ffa847cbd -> 196c6eecd2e70276dab2c9a7b0cf2d59
  custom:scripting/monoscript/fileName/UnityEngine_SkinnedMeshRendererWrap.cs: 9ad169117eb1ff375ebe298216e6901c -> e6c3bb62aa80867a3afe5dcbb6224761
  custom:scripting/monoscript/fileName/CopyByValue.cs: 7bf1a1e4b9a6d19c982a86f574107fe4 -> 273cbe68a303e04c83210a0d1b0dbfc8
  custom:scripting/monoscript/fileName/Generator.cs: 5c2a3602a0cfb4641043518ccc18ad89 -> e11eefc36c86800da100cf1a4789c73c
  custom:scripting/monoscript/fileName/SignatureLoaderTest.cs: 37ed863ad0370c096ad98942100ce390 -> 8c9bdabb3430d1beabc1824b7aff6019
  custom:scripting/monoscript/fileName/HotfixTestCfg.cs: 7d41c7a61129380f568a08461036f7c3 -> a7321a5cbaeb2b6b22c71e624ff03625
  custom:scripting/monoscript/fileName/MessageBox.cs: 17d47f136e1a2eb08b8ca17667071821 -> febd8bda4c1c594acb6f720026ed3aee
  custom:scripting/monoscript/fileName/UnityEngine_TextAssetWrap.cs: a895654ec821ef871bab45f0bf4ab1bf -> 96eae3d139831963806db363328bfefe
  custom:scripting/monoscript/fileName/XLuaUnityDefaultConfig.cs: 847f92567dd164ad0f0a1c4536b7e6e7 -> 12ee8270b5ca2ec2875a29a6c838143c
  custom:scripting/monoscript/fileName/UnityEngine_TransformWrap.cs: 1ec7fdf0df78c54383c54d4890267885 -> 50d916bbc9cc3aa204547c1dbcf1b841
  custom:scripting/monoscript/fileName/UnityEngine_RendererWrap.cs: f2bb488dcafa31d4d1829db70de7e3de -> e28d66316639c5d4634a4f4176885c0f
  custom:scripting/monoscript/fileName/LuaFunction.cs: 6bea6a53e0ef7f4c19887edd95529fba -> 9f9e88fec2de37a51bb5cc9b6b08d6b9
  custom:audio-encoder-webm-vorbis: bf7c407c2cedff20999df2af8eb42d56 -> 
  custom:scripting/monoscript/fileName/XLuaTest_LuaBehaviourWrap.cs: eb21b90bdd58645712610184d1a6b02e -> 8a24807dde2ec4b5434d8876b84591df
  custom:scripting/monoscript/fileName/UnityEngine_Vector4Wrap.cs: 4736b1d9605ba5be814644e3bcc9e928 -> e876ed87f63c3dc401e686c851325f69
  custom:scripting/precompiled-assembly-types:Assembly-CSharp-Editor: 8329d2703a1fb80f61cc70ee984418c3 -> f3104d4e56e8a73f04df252396e09d4f
  custom:scripting/monoscript/fileName/XLuaTest_MyStructWrap.cs: 55519c14d8f95433c1b6e262daa1d322 -> bcfe0251bd793e1e64a466467ef9f39d
  custom:scripting/monoscript/fileName/StaticLuaCallbacks.cs: 806d4721af6e97ac563013320c7b3d7a -> 9d25aed2b0bb83738cfec7ef5ea55802
  custom:scripting/monoscript/fileName/UnityEngine_ObjectWrap.cs: acbfc6ebce3660b3cec600cb246312ee -> d239f04268fb712161f840d533347443
  custom:scripting/monoscript/fileName/RawObjectTest.cs: c3d9c6b1a141374366b8d8ccf99991a4 -> af9e06db1e13155c5410c0aa29232eac
  custom:scripting/monoscript/fileName/MethodWarpsCache.cs: a0fd87c86e3eda41e7890d27658be598 -> 182591812fc1e7cc805d3eb126c7629a
  custom:scripting/precompiled-assembly-types:Assembly-CSharp: 99b328417248fea24142d71679fac050 -> 6d2cbbca728bbcc514a1a97e862a8e21
  custom:scripting/monoscript/fileName/Tutorial_ICalcWrap.cs: 9802804745e09aa6d92fbca1a46de55a -> 03d02c9cf202af74271e6b9339f2aa97
========================================================================
Received Prepare
Caller must complete domain reload
Begin MonoManager ReloadAssembly
- Loaded All Assemblies, in  0.632 seconds
Native extension for WindowsStandalone target not found
Mono: successfully reloaded assembly
- Finished resetting the current domain, in  1.426 seconds
Domain Reload Profiling: 2054ms
	BeginReloadAssembly (203ms)
		ExecutionOrderSort (0ms)
		DisableScriptedObjects (4ms)
		BackupInstance (0ms)
		ReleaseScriptingObjects (0ms)
		CreateAndSetChildDomain (45ms)
	RebuildCommonClasses (37ms)
	RebuildNativeTypeToScriptingClass (12ms)
	initialDomainReloadingComplete (35ms)
	LoadAllAssembliesAndSetupDomain (340ms)
		LoadAssemblies (423ms)
		RebuildTransferFunctionScriptingTraits (0ms)
		AnalyzeDomain (34ms)
			TypeCache.Refresh (21ms)
				TypeCache.ScanAssembly (0ms)
			ScanForSourceGeneratedMonoScriptInfo (1ms)
			ResolveRequiredComponents (11ms)
	FinalizeReload (1427ms)
		ReleaseScriptCaches (0ms)
		RebuildScriptCaches (0ms)
		SetupLoadedEditorAssemblies (597ms)
			LogAssemblyErrors (0ms)
			InitializePlatformSupportModulesInManaged (6ms)
			SetLoadedEditorAssemblies (4ms)
			RefreshPlugins (0ms)
			BeforeProcessingInitializeOnLoad (87ms)
			ProcessInitializeOnLoadAttributes (415ms)
			ProcessInitializeOnLoadMethodAttributes (75ms)
			AfterProcessingInitializeOnLoad (10ms)
			EditorAssembliesLoaded (0ms)
		ExecutionOrderSort2 (0ms)
		AwakeInstancesAfterBackupRestoration (8ms)
Refreshing native plugins compatible for Editor in 13.41 ms, found 4 plugins.
Preloading 0 native plugins for Editor in 0.00 ms.
Unloading 4364 Unused Serialized files (Serialized files now loaded: 0)
Unloading 17 unused Assets / (331.9 KB). Loaded Objects now: 4920.
Memory consumption went from 152.4 MB to 152.1 MB.
Total: 4.513500 ms (FindLiveObjects: 0.730600 ms CreateObjectMapping: 0.508900 ms MarkObjects: 3.074600 ms  DeleteObjects: 0.198100 ms)

Prepare: number of updated asset objects reloaded= 0
AssetImportParameters requested are different than current active one (requested -> active):
  custom:scripting/monoscript/fileName/AsyncTest.cs: ba7b296f91a53eb12a2f973e4bfe6187 -> 76ce712e1c4d409aac5fa695d71d244a
  custom:scripting/monoscript/fileName/XLuaTest_InvokeLua_ICalcBridge.cs: 30fde9c3feb0b30e098352b4dfeb9cae -> 39dbaec3aa6ccdef5b8e133e5c8d912d
  custom:scripting/monoscript/fileName/UnityEngine_BehaviourWrap.cs: 50be6300a89da29ca17ad67a2589a5ca -> 07f04650a03b829841e9fab9d7740454
  custom:scripting/monoscript/fileName/CoroutineTest.cs: 8ff63a150c08cc9bc1500a6e3305dabe -> b55b07dbd7b0751be4b88111c51a8597
  custom:scripting/monoscript/fileName/UnityEngine_WaitForSecondsWrap.cs: 14ce79597090ca49f32e5242d176e3e0 -> f924ebf1733d94f4d65590a1a94e6531
  custom:scripting/monoscript/fileName/XLuaTest_PeddingWrap.cs: 904ed3ab876976c36018836c17a5f7cd -> 87db0d803af8b6af633a98194cb11698
  custom:scripting/monoscript/fileName/LuaBehaviour.cs: c26b3945b1b2533a373318992b28370d -> 8501f2955baa2ae1e4b9dc9f246b814a
  custom:container-demuxer-ogg: 62fdf1f143b41e24485cea50d1cbac27 -> 
  custom:scripting/monoscript/fileName/ObjectTranslatorPool.cs: 0fcc88f1a2575820f34ed99efa865239 -> c088e49ccc65541c1471becee0155ecc
  custom:scripting/monoscript/fileName/ByFile.cs: 4175f9d405491cf5cd12d69fd7ad338b -> 6f3dfbef5ea17c4620534958e4e26f3b
  custom:scripting/monoscript/fileName/ObjectCasters.cs: 2e05dcad88217340e3469b49cb484a5e -> 0c1ed1f1cf3d518e5e522f4d874c21c2
  custom:scripting/monoscript/fileName/UnityEngine_Vector3Wrap.cs: ce0a23addf1a2b20f8676787382fe6da -> 63f465b9380555daafea25b4176adba5
  custom:scripting/monoscript/fileName/ReImplementInLua.cs: 95b77c9b6059158d95dc9a7ae2d1cdb1 -> ccd60d267132159582621b9635d9b5d9
  custom:scripting/monoscript/fileName/UnityEngine_RayWrap.cs: 1b2ced459e0f7fe10c0b5b9489be6f35 -> 0b84fbe6cabdb1173feb41e835ef3a40
  custom:scripting/monoscript/fileName/HotfixTest.cs: 1c02fcc866280314c2a4f14c6d154faa -> 3960e9f9315d94bf0223f379bfbd4a4a
  custom:scripting/monoscript/fileName/WrapPusher.cs: 3b3bd77f226a0f893aad8e7367a0f06b -> a7d84f614ae4cd3b956f9b8556cfd18e
  custom:scripting/monoscript/fileName/RawObject.cs: b7277126f2de8ab75c184e0ffceaa264 -> e4d66a2fce5b764d8103d4567ed38606
  custom:scripting/monoscript/fileName/Tutorial_DerivedClassWrap.cs: a9f1f1a33e70d4aca6ed43632ef080bc -> 1a8da11bcfc26039296e071510ba3246
  custom:video-decoder-ogg-theora: a1e56fd34408186e4bbccfd4996cb3dc -> 
  custom:scripting/monoscript/fileName/LuaTable.cs: 831d394b03ebb276485eae65adc1ccd5 -> afc244f7b5f5d0300b37ddf3297901ec
  custom:scripting/monoscript/fileName/XLuaTest_Foo2ChildWrap.cs: f25917eb49d7296a35740a2c6a4d40ec -> 30fab5c82eb5f5ffb38a0a6d668c1895
  custom:framework-win-MediaFoundation: 216162199b28c13a410421893ffa2e32 -> 
  custom:scripting/monoscript/fileName/UnityEngine_TimeWrap.cs: 582bbe1acbebc99abd038879d2ce291a -> 5e744018ad83dc4e6b5341356b280ff7
  custom:scripting/monoscript/fileName/ObjectTranslator.cs: 3684f948a56ed5cf93b0514e484d3f48 -> dd3d0b582d45a9b753aab5e6237efeb3
  custom:scripting/monoscript/fileName/UnityEngine_AnimationClipWrap.cs: 35e9dbce44e2400ca249a1b04e238032 -> 77a92debc688d37d0c76ed29e7849dc6
  custom:scripting/monoscript/fileName/UnityEngine_MonoBehaviourWrap.cs: ab88a4de07d1ed4d6902d46f78a9c2a5 -> 04d351bf9d6db68acd2847f2651b2d6b
  custom:scripting/monoscript/fileName/UnityEngine_MathfWrap.cs: b8423f29ae782d824fe5861eb133fe99 -> 333033f071a58c53b030860e1dc36f4e
  custom:scripting/monoscript/fileName/Helloworld.cs: 0111736be64650c2c199ab4f2d2240c1 -> 5df6067a12a0276271ef7e4b2f46b98d
  custom:scripting/monoscript/fileName/HotfixTest2.cs: 8e85738438913476ef9e5c92cd26daad -> e6fb5855d637d49dacea7216888e03f7
  custom:scripting/monoscript/fileName/LinkXmlGen.cs: 91d69328c4b5d0ada19c3766b1b6ad15 -> f26ca07c1d6ecd8bde6b48a50ed6d393
  custom:scripting/monoscript/fileName/XLuaTest_Foo1ChildWrap.cs: 4e50b7c1fc1d91200bd6d308925718b7 -> 1c5e3d8cdf39c119ce22e5be32eae9dd
  custom:scripting/monoscript/fileName/LuaDLL.cs: a461d359c0f868ea297a4d0e0fa0810d -> 61e98a188b5f49dbf1a755838a97959a
  custom:scripting/monoscript/fileName/GenAttributes.cs: eecd24d8570c09b2ce8b7a7a7f2d3d12 -> d46b0cff88dfb044f17f4aed96768af1
  custom:scripting/monoscript/fileName/UnityEngine_ResourcesWrap.cs: 7881eec03c10cac6aed4968059672b77 -> 698ab99237a4262ce7f88356cded464a
  custom:scripting/monoscript/fileName/ExampleConfig.cs: 01010b4aed93329e34ab2c68a0d8c398 -> 96766ead2b0a0269b4571117ad9e65bc
  custom:scripting/monoscript/fileName/CSCallLua.cs: e37f012e62a4c619428574814b983ced -> 9d2ef4b275968bd22a483233fb8b554e
  custom:scripting/monoscript/fileName/Utils.cs: cf685c01caf3a4f894711b47bbf947e6 -> 55f902a32cb309b7a62f1e16aa1d617d
  custom:CustomObjectIndexerAttribute: 9a22284fe3817be447336de3de66b15e -> 
  custom:scripting/monoscript/fileName/LuaEnv.cs: 39b0b6f887cfc0f9d8b8bab4d9210e8f -> 89231863be1481a3b9e862fc4fbe0062
  custom:scripting/monoscript/fileName/EnumWrap.cs: e1678317fb40b1504377930932a65f00 -> 71aaf938165cbdbb0ac6c90ffee86023
  custom:container-demuxer-webm: 4f35f7cbe854078d1ac9338744f61a02 -> 
  custom:scripting/monoscript/fileName/UnityEngine_ParticleSystemWrap.cs: ea70451eecfa9db0287288ead2570a87 -> eee33c4ac5a2b762ef5a90683fe90f0f
  custom:scripting/monoscript/fileName/LuaException.cs: 1ddffcc2e8b89810add964c77207e13b -> c33171da8599ff6293dbea39eed5f2df
  custom:scripting/monoscript/fileName/InvokeLua.cs: 8d1030f275cd4c779c8aadb220460431 -> 7479efa8aadd7aed0020601aa4374477
  custom:scripting/monoscript/fileName/XLuaTest_BaseTestWrap.cs: 07e45de8fa2ee7650261714b0c2efcd8 -> 4f21680da7e23ca573808ca54815d505
  custom:scripting/monoscript/fileName/UnityEngine_BoundsWrap.cs: 0ac99f7c45b4a0aef916e0e5b49238c9 -> 3dd26eeb95bac2de8ce2da585d995261
  custom:scripting/monoscript/fileName/PackUnpack.cs: 7bf1a1e4b9a6d19c982a86f574107fe4 -> 273cbe68a303e04c83210a0d1b0dbfc8
  custom:scripting/monoscript/fileName/UnityEngine_KeyframeWrap.cs: 198c4d7f205e316a3726e83558840a1d -> f022c20884bfebd1cdba5d0a32b69287
  custom:scripting/monoscript/fileName/DelegatesGensBridge.cs: 14979ecd91d982a7d4b63ce8b241a2cb -> 9b33d1c344798966a03eb7d32474259e
  custom:scripting/monoscript/fileName/SignatureLoader.cs: f9b5b4f501bbc4033b1d26e1c53bc27d -> 2543099e1b7f94e78f488961484e5e52
  custom:scripting/monoscript/fileName/Coroutine_Runner.cs: 931214e1a723b03a7a230109c4225361 -> 690ad48fe9500ae79da028936c127982
  custom:container-muxer-webm: aa71ff27fc2769a1b78a27578f13a17b -> 
  custom:scripting/monoscript/fileName/NoGc.cs: 93f5576a58657b60a9c431df8280450e -> 468686911b292518222c0fc5fca7afd3
  custom:scripting/monoscript/fileName/ObjectPool.cs: bd4befac00d17d6ebf9e5f1d7d75cb4c -> 41af867cc123c070dfe6b15d45bb5402
  custom:video-decoder-webm-vp8: 9c59270c3fd7afecdb556c50c9e8de78 -> 
  custom:scripting/monoscript/fileName/XLuaTest_FooWrap.cs: 94d50054e40ab48511cae7fb0b602c9b -> abbeeb9782209030752aecf7c8307085
  custom:scripting/monoscript/fileName/Report.cs: 3c6fcdd086fb055c4c3456a5e0e35198 -> e51741919754948773e5898850c9f663
  custom:scripting/monoscript/fileName/Tutorial_DerivedClassExtensionsWrap.cs: 8d3a8d18ccf52ef11958b45f9012fc25 -> e71c7199b289862c70f81cc97fad9cd1
  custom:scripting/monoscript/fileName/System_Collections_Generic_List_1_System_Int32_Wrap.cs: 17851e7c00326059ae0787338228160b -> 0d81f6d3ce2afe6f735fa61fb6f44318
  custom:scripting/monoscript/fileName/XLuaGenAutoRegister.cs: d853ef44aabfccb80e0b7c076b61770b -> f7d7a1bdecea0875c31215b468d1ea3c
  custom:SearchIndexIgnoredProperties: e643bd26f0fe6173181afceb89e7c659 -> 
  custom:scripting/monoscript/fileName/UnityEngine_ColorWrap.cs: bd8e985ef59408a673873236ce871e73 -> a2199b901d8d68ac06d36f834d48f0de
  custom:AudioImporter_EditorPlatform: d09bf68614088b80899f8185d706f6e7 -> 
  custom:scripting/monoscript/fileName/GenericMethodExample.cs: 71308a9675c9d31b6584afd047da40d6 -> c3c4960d5a8b500e2f93697b37d06ae2
  custom:scripting/monoscript/fileName/TypeExtensions.cs: 68c704b8c6c4fa976b931eabe81ac9ee -> 6ecc1d6c2137d4648cc597a57d0741c7
  custom:scripting/monoscript/fileName/Tutorial_BaseClassWrap.cs: 0cb2af1d083b0b2c5e8cb36d24bfb39c -> 82bd31d966804ddf94755f42eec25c75
  custom:scripting/monoscript/fileName/UnityEngine_Ray2DWrap.cs: 0739f12fd5151febac857f4bf1dfbf4b -> 3948513cbdb210ff5fa49a4b2880e106
  custom:scripting/monoscript/fileName/UnityEngine_ComponentWrap.cs: e27295da2190ed2ebf55b5ac632d7f35 -> 3c3e0b9fedb2878f9f3fac771839136b
  custom:scripting/monoscript/fileName/CustomLoader.cs: 612387837da882e343b6793882f715b4 -> 3c04d951376acd618234995a34635baf
  custom:scripting/monoscript/fileName/BuildFromCLI.cs: a3c0f780c3b3a6e3a59fd5c2a4761ee3 -> ef1665cfd7adbd546e15cd58c9f7c486
  custom:scripting/monoscript/fileName/System_ObjectWrap.cs: c4f7132fadbd7f5f459fdffb106ce8ad -> 9fb5e5ed9e38c23dad1e0232edf0373b
  custom:scripting/monoscript/fileName/XLuaTest_Foo1ParentWrap.cs: 4d06c6c313846bbd2659cf013bd8c081 -> bc3faaa30d66f1a9334279476c37b2a8
  custom:scripting/monoscript/fileName/StatefullTest.cs: ac9082cda8d79beb987af6f68f5d30cd -> 5d22c8326914d95b29e418e9d014cf15
  custom:scripting/monoscript/fileName/InternalGlobals.cs: c7a0f72bef146ff41c15b3b535d6bdf9 -> 009e626d008ed11807341f4cf6fb3a9c
  custom:scripting/monoscript/fileName/XLuaTest_FooExtensionWrap.cs: 0cf66dd4ab170a1f2008f8b97f4f2106 -> 778d9d5cc8332e1d0739618b88aa2bb9
  custom:scripting/monoscript/fileName/DelegateBridge.cs: 59e13ad21dfacf0ee52e76776a9542b7 -> 4daef522f87298a8262553f6fd5bf8f2
  custom:scripting/monoscript/fileName/Foo.cs: b60484b40971b80860ed72eb65234dc1 -> f1cbde57f1c636c66a444cf720c99995
  custom:scripting/monoscript/fileName/UnityEngine_QuaternionWrap.cs: d7776a0aea79cbcec5ba2c36565a1173 -> 2be38f3d0f8715c9babd38533b7cc2f6
  custom:scripting/monoscript/fileName/ExampleGenConfig.cs: 402439a475ab0614d6514789dc967063 -> 2d21554d83bd53efca28765b954d65c7
  custom:scripting/monoscript/fileName/TemplateRef.cs: 894e64faa8518e7345655e4a3a343abf -> e57f72b6ec3c4672428b8339ce53c07a
  custom:scripting/monoscript/fileName/ByString.cs: 83f4bb3773b202a1550c80bc6c09d1a8 -> 71ac2dce49068f904e2150c45e200cdb
  custom:scripting/monoscript/fileName/UnityEngine_AnimationCurveWrap.cs: f2332648b2113d579022f7ac44ddf1a2 -> a1b4a7dab75f49fff03082ff025e4e5e
  custom:scripting/monoscript/fileName/XLuaTest_IExchangerBridge.cs: dbb2be54f36a2496a4425e7ceb90b9b9 -> a1b04ba231b7210d75c48779fb061387
  custom:scripting/monoscript/fileName/LuaBase.cs: fd57dc59c72dd7c1f0204d91abf1345d -> f0e74d4e175e23617aebee3a1fbf3735
  custom:scripting/monoscript/fileName/UnityEngine_LightWrap.cs: d3e76313bbab2d6f78618d0a96177993 -> afdccdb78964e15816bd84ff574e1d72
  custom:scripting/monoscript/fileName/System_Collections_IEnumeratorBridge.cs: e58d0dcf0aa39125fd572da9408c5a63 -> a6b8b2b6997973169c6bebc4e00197c3
  custom:scripting/monoscript/fileName/GenericDelegateBridge.cs: 14979ecd91d982a7d4b63ce8b241a2cb -> 9b33d1c344798966a03eb7d32474259e
  custom:video-encoder-webm-vp8: eb34c28f22e8b96e1ab97ce403110664 -> 
  custom:scripting/monoscript/fileName/LuaCallCs.cs: d69c2b3b74160f3f6c507a63e395d1b8 -> 80d51efbfa90ec9a93bf6c4f217fae70
  custom:scripting/monoscript/fileName/XLuaTest_Foo2ParentWrap.cs: 3cfc8bf6cad7ab5669e86f82da9efffc -> e55fdaf088679107b1602d0f4f018827
  custom:scripting/monoscript/fileName/Tutorial_CSCallLua_ItfDBridge.cs: d05148e45525d393370f3ca919d4cdc0 -> 4e0a8d0795850c18cf92cbc673dc6199
  custom:scripting/monoscript/fileName/UnityEngine_Vector2Wrap.cs: dfd1be4a9f736e54a226859ba85dbc30 -> d8bd11c5df83747314d76d2e1152a25a
  custom:audio-decoder-ogg-vorbis: bf7c407c2cedff20999df2af8eb42d56 -> 
  custom:scripting/monoscript/fileName/UnityEngine_GameObjectWrap.cs: c4cddad80b77cae4a3f64483d25e1457 -> 499beb086fe32ba82bd6b30d04f108ea
  custom:scripting/monoscript/fileName/XLuaTest_NoGcWrap.cs: 7c2153fc9ca9cd0a3cc8b2d8a5de2fcd -> b8ab725f3034c7583c772afc97e73cfe
  custom:scripting/monoscript/fileName/UnityEngine_DebugWrap.cs: a14c41c7fbd7dec62bec687de4c6fe27 -> 2a23054f13a8c643d838dbc57d787e1a
  custom:scripting/monoscript/fileName/TemplateEngine.cs: d4247539e36868281066dc2ffa847cbd -> 196c6eecd2e70276dab2c9a7b0cf2d59
  custom:scripting/monoscript/fileName/UnityEngine_SkinnedMeshRendererWrap.cs: 9ad169117eb1ff375ebe298216e6901c -> e6c3bb62aa80867a3afe5dcbb6224761
  custom:scripting/monoscript/fileName/CopyByValue.cs: 7bf1a1e4b9a6d19c982a86f574107fe4 -> 273cbe68a303e04c83210a0d1b0dbfc8
  custom:scripting/monoscript/fileName/Generator.cs: 5c2a3602a0cfb4641043518ccc18ad89 -> e11eefc36c86800da100cf1a4789c73c
  custom:scripting/monoscript/fileName/SignatureLoaderTest.cs: 37ed863ad0370c096ad98942100ce390 -> 8c9bdabb3430d1beabc1824b7aff6019
  custom:scripting/monoscript/fileName/HotfixTestCfg.cs: 7d41c7a61129380f568a08461036f7c3 -> a7321a5cbaeb2b6b22c71e624ff03625
  custom:scripting/monoscript/fileName/MessageBox.cs: 17d47f136e1a2eb08b8ca17667071821 -> febd8bda4c1c594acb6f720026ed3aee
  custom:scripting/monoscript/fileName/UnityEngine_TextAssetWrap.cs: a895654ec821ef871bab45f0bf4ab1bf -> 96eae3d139831963806db363328bfefe
  custom:scripting/monoscript/fileName/XLuaUnityDefaultConfig.cs: 847f92567dd164ad0f0a1c4536b7e6e7 -> 12ee8270b5ca2ec2875a29a6c838143c
  custom:scripting/monoscript/fileName/UnityEngine_TransformWrap.cs: 1ec7fdf0df78c54383c54d4890267885 -> 50d916bbc9cc3aa204547c1dbcf1b841
  custom:scripting/monoscript/fileName/UnityEngine_RendererWrap.cs: f2bb488dcafa31d4d1829db70de7e3de -> e28d66316639c5d4634a4f4176885c0f
  custom:scripting/monoscript/fileName/LuaFunction.cs: 6bea6a53e0ef7f4c19887edd95529fba -> 9f9e88fec2de37a51bb5cc9b6b08d6b9
  custom:audio-encoder-webm-vorbis: bf7c407c2cedff20999df2af8eb42d56 -> 
  custom:scripting/monoscript/fileName/XLuaTest_LuaBehaviourWrap.cs: eb21b90bdd58645712610184d1a6b02e -> 8a24807dde2ec4b5434d8876b84591df
  custom:scripting/monoscript/fileName/UnityEngine_Vector4Wrap.cs: 4736b1d9605ba5be814644e3bcc9e928 -> e876ed87f63c3dc401e686c851325f69
  custom:scripting/precompiled-assembly-types:Assembly-CSharp-Editor: 8329d2703a1fb80f61cc70ee984418c3 -> f3104d4e56e8a73f04df252396e09d4f
  custom:scripting/monoscript/fileName/XLuaTest_MyStructWrap.cs: 55519c14d8f95433c1b6e262daa1d322 -> bcfe0251bd793e1e64a466467ef9f39d
  custom:scripting/monoscript/fileName/StaticLuaCallbacks.cs: 806d4721af6e97ac563013320c7b3d7a -> 9d25aed2b0bb83738cfec7ef5ea55802
  custom:scripting/monoscript/fileName/UnityEngine_ObjectWrap.cs: acbfc6ebce3660b3cec600cb246312ee -> d239f04268fb712161f840d533347443
  custom:scripting/monoscript/fileName/RawObjectTest.cs: c3d9c6b1a141374366b8d8ccf99991a4 -> af9e06db1e13155c5410c0aa29232eac
  custom:scripting/monoscript/fileName/MethodWarpsCache.cs: a0fd87c86e3eda41e7890d27658be598 -> 182591812fc1e7cc805d3eb126c7629a
  custom:scripting/precompiled-assembly-types:Assembly-CSharp: 99b328417248fea24142d71679fac050 -> 6d2cbbca728bbcc514a1a97e862a8e21
  custom:scripting/monoscript/fileName/Tutorial_ICalcWrap.cs: 9802804745e09aa6d92fbca1a46de55a -> 03d02c9cf202af74271e6b9339f2aa97
========================================================================
Received Prepare
Refreshing native plugins compatible for Editor in 9.37 ms, found 4 plugins.
Preloading 0 native plugins for Editor in 0.00 ms.
Unloading 4 Unused Serialized files (Serialized files now loaded: 0)
Unloading 4 unused Assets / (312.7 KB). Loaded Objects now: 4920.
Memory consumption went from 84.9 MB to 84.6 MB.
Total: 8.565100 ms (FindLiveObjects: 0.767100 ms CreateObjectMapping: 2.151700 ms MarkObjects: 5.207100 ms  DeleteObjects: 0.436400 ms)

Prepare: number of updated asset objects reloaded= 0
AssetImportParameters requested are different than current active one (requested -> active):
  custom:scripting/monoscript/fileName/AsyncTest.cs: ba7b296f91a53eb12a2f973e4bfe6187 -> 76ce712e1c4d409aac5fa695d71d244a
  custom:scripting/monoscript/fileName/XLuaTest_InvokeLua_ICalcBridge.cs: 30fde9c3feb0b30e098352b4dfeb9cae -> 39dbaec3aa6ccdef5b8e133e5c8d912d
  custom:scripting/monoscript/fileName/UnityEngine_BehaviourWrap.cs: 50be6300a89da29ca17ad67a2589a5ca -> 07f04650a03b829841e9fab9d7740454
  custom:scripting/monoscript/fileName/CoroutineTest.cs: 8ff63a150c08cc9bc1500a6e3305dabe -> b55b07dbd7b0751be4b88111c51a8597
  custom:scripting/monoscript/fileName/UnityEngine_WaitForSecondsWrap.cs: 14ce79597090ca49f32e5242d176e3e0 -> f924ebf1733d94f4d65590a1a94e6531
  custom:scripting/monoscript/fileName/XLuaTest_PeddingWrap.cs: 904ed3ab876976c36018836c17a5f7cd -> 87db0d803af8b6af633a98194cb11698
  custom:scripting/monoscript/fileName/LuaBehaviour.cs: c26b3945b1b2533a373318992b28370d -> 8501f2955baa2ae1e4b9dc9f246b814a
  custom:container-demuxer-ogg: 62fdf1f143b41e24485cea50d1cbac27 -> 
  custom:scripting/monoscript/fileName/ObjectTranslatorPool.cs: 0fcc88f1a2575820f34ed99efa865239 -> c088e49ccc65541c1471becee0155ecc
  custom:scripting/monoscript/fileName/ByFile.cs: 4175f9d405491cf5cd12d69fd7ad338b -> 6f3dfbef5ea17c4620534958e4e26f3b
  custom:scripting/monoscript/fileName/ObjectCasters.cs: 2e05dcad88217340e3469b49cb484a5e -> 0c1ed1f1cf3d518e5e522f4d874c21c2
  custom:scripting/monoscript/fileName/UnityEngine_Vector3Wrap.cs: ce0a23addf1a2b20f8676787382fe6da -> 63f465b9380555daafea25b4176adba5
  custom:scripting/monoscript/fileName/ReImplementInLua.cs: 95b77c9b6059158d95dc9a7ae2d1cdb1 -> ccd60d267132159582621b9635d9b5d9
  custom:scripting/monoscript/fileName/UnityEngine_RayWrap.cs: 1b2ced459e0f7fe10c0b5b9489be6f35 -> 0b84fbe6cabdb1173feb41e835ef3a40
  custom:scripting/monoscript/fileName/HotfixTest.cs: 1c02fcc866280314c2a4f14c6d154faa -> 3960e9f9315d94bf0223f379bfbd4a4a
  custom:scripting/monoscript/fileName/WrapPusher.cs: 3b3bd77f226a0f893aad8e7367a0f06b -> a7d84f614ae4cd3b956f9b8556cfd18e
  custom:scripting/monoscript/fileName/RawObject.cs: b7277126f2de8ab75c184e0ffceaa264 -> e4d66a2fce5b764d8103d4567ed38606
  custom:scripting/monoscript/fileName/Tutorial_DerivedClassWrap.cs: a9f1f1a33e70d4aca6ed43632ef080bc -> 1a8da11bcfc26039296e071510ba3246
  custom:video-decoder-ogg-theora: a1e56fd34408186e4bbccfd4996cb3dc -> 
  custom:scripting/monoscript/fileName/LuaTable.cs: 831d394b03ebb276485eae65adc1ccd5 -> afc244f7b5f5d0300b37ddf3297901ec
  custom:scripting/monoscript/fileName/XLuaTest_Foo2ChildWrap.cs: f25917eb49d7296a35740a2c6a4d40ec -> 30fab5c82eb5f5ffb38a0a6d668c1895
  custom:framework-win-MediaFoundation: 216162199b28c13a410421893ffa2e32 -> 
  custom:scripting/monoscript/fileName/UnityEngine_TimeWrap.cs: 582bbe1acbebc99abd038879d2ce291a -> 5e744018ad83dc4e6b5341356b280ff7
  custom:scripting/monoscript/fileName/ObjectTranslator.cs: 3684f948a56ed5cf93b0514e484d3f48 -> dd3d0b582d45a9b753aab5e6237efeb3
  custom:scripting/monoscript/fileName/UnityEngine_AnimationClipWrap.cs: 35e9dbce44e2400ca249a1b04e238032 -> 77a92debc688d37d0c76ed29e7849dc6
  custom:scripting/monoscript/fileName/UnityEngine_MonoBehaviourWrap.cs: ab88a4de07d1ed4d6902d46f78a9c2a5 -> 04d351bf9d6db68acd2847f2651b2d6b
  custom:scripting/monoscript/fileName/UnityEngine_MathfWrap.cs: b8423f29ae782d824fe5861eb133fe99 -> 333033f071a58c53b030860e1dc36f4e
  custom:scripting/monoscript/fileName/Helloworld.cs: 0111736be64650c2c199ab4f2d2240c1 -> 5df6067a12a0276271ef7e4b2f46b98d
  custom:scripting/monoscript/fileName/HotfixTest2.cs: 8e85738438913476ef9e5c92cd26daad -> e6fb5855d637d49dacea7216888e03f7
  custom:scripting/monoscript/fileName/LinkXmlGen.cs: 91d69328c4b5d0ada19c3766b1b6ad15 -> f26ca07c1d6ecd8bde6b48a50ed6d393
  custom:scripting/monoscript/fileName/XLuaTest_Foo1ChildWrap.cs: 4e50b7c1fc1d91200bd6d308925718b7 -> 1c5e3d8cdf39c119ce22e5be32eae9dd
  custom:scripting/monoscript/fileName/LuaDLL.cs: a461d359c0f868ea297a4d0e0fa0810d -> 61e98a188b5f49dbf1a755838a97959a
  custom:scripting/monoscript/fileName/GenAttributes.cs: eecd24d8570c09b2ce8b7a7a7f2d3d12 -> d46b0cff88dfb044f17f4aed96768af1
  custom:scripting/monoscript/fileName/UnityEngine_ResourcesWrap.cs: 7881eec03c10cac6aed4968059672b77 -> 698ab99237a4262ce7f88356cded464a
  custom:scripting/monoscript/fileName/ExampleConfig.cs: 01010b4aed93329e34ab2c68a0d8c398 -> 96766ead2b0a0269b4571117ad9e65bc
  custom:scripting/monoscript/fileName/CSCallLua.cs: e37f012e62a4c619428574814b983ced -> 9d2ef4b275968bd22a483233fb8b554e
  custom:scripting/monoscript/fileName/Utils.cs: cf685c01caf3a4f894711b47bbf947e6 -> 55f902a32cb309b7a62f1e16aa1d617d
  custom:CustomObjectIndexerAttribute: 9a22284fe3817be447336de3de66b15e -> 
  custom:scripting/monoscript/fileName/LuaEnv.cs: 39b0b6f887cfc0f9d8b8bab4d9210e8f -> 89231863be1481a3b9e862fc4fbe0062
  custom:scripting/monoscript/fileName/EnumWrap.cs: e1678317fb40b1504377930932a65f00 -> 71aaf938165cbdbb0ac6c90ffee86023
  custom:container-demuxer-webm: 4f35f7cbe854078d1ac9338744f61a02 -> 
  custom:scripting/monoscript/fileName/UnityEngine_ParticleSystemWrap.cs: ea70451eecfa9db0287288ead2570a87 -> eee33c4ac5a2b762ef5a90683fe90f0f
  custom:scripting/monoscript/fileName/LuaException.cs: 1ddffcc2e8b89810add964c77207e13b -> c33171da8599ff6293dbea39eed5f2df
  custom:scripting/monoscript/fileName/InvokeLua.cs: 8d1030f275cd4c779c8aadb220460431 -> 7479efa8aadd7aed0020601aa4374477
  custom:scripting/monoscript/fileName/XLuaTest_BaseTestWrap.cs: 07e45de8fa2ee7650261714b0c2efcd8 -> 4f21680da7e23ca573808ca54815d505
  custom:scripting/monoscript/fileName/UnityEngine_BoundsWrap.cs: 0ac99f7c45b4a0aef916e0e5b49238c9 -> 3dd26eeb95bac2de8ce2da585d995261
  custom:scripting/monoscript/fileName/PackUnpack.cs: 7bf1a1e4b9a6d19c982a86f574107fe4 -> 273cbe68a303e04c83210a0d1b0dbfc8
  custom:scripting/monoscript/fileName/UnityEngine_KeyframeWrap.cs: 198c4d7f205e316a3726e83558840a1d -> f022c20884bfebd1cdba5d0a32b69287
  custom:scripting/monoscript/fileName/DelegatesGensBridge.cs: 14979ecd91d982a7d4b63ce8b241a2cb -> 9b33d1c344798966a03eb7d32474259e
  custom:scripting/monoscript/fileName/SignatureLoader.cs: f9b5b4f501bbc4033b1d26e1c53bc27d -> 2543099e1b7f94e78f488961484e5e52
  custom:scripting/monoscript/fileName/Coroutine_Runner.cs: 931214e1a723b03a7a230109c4225361 -> 690ad48fe9500ae79da028936c127982
  custom:container-muxer-webm: aa71ff27fc2769a1b78a27578f13a17b -> 
  custom:scripting/monoscript/fileName/NoGc.cs: 93f5576a58657b60a9c431df8280450e -> 468686911b292518222c0fc5fca7afd3
  custom:scripting/monoscript/fileName/ObjectPool.cs: bd4befac00d17d6ebf9e5f1d7d75cb4c -> 41af867cc123c070dfe6b15d45bb5402
  custom:video-decoder-webm-vp8: 9c59270c3fd7afecdb556c50c9e8de78 -> 
  custom:scripting/monoscript/fileName/XLuaTest_FooWrap.cs: 94d50054e40ab48511cae7fb0b602c9b -> abbeeb9782209030752aecf7c8307085
  custom:scripting/monoscript/fileName/Report.cs: 3c6fcdd086fb055c4c3456a5e0e35198 -> e51741919754948773e5898850c9f663
  custom:scripting/monoscript/fileName/Tutorial_DerivedClassExtensionsWrap.cs: 8d3a8d18ccf52ef11958b45f9012fc25 -> e71c7199b289862c70f81cc97fad9cd1
  custom:scripting/monoscript/fileName/System_Collections_Generic_List_1_System_Int32_Wrap.cs: 17851e7c00326059ae0787338228160b -> 0d81f6d3ce2afe6f735fa61fb6f44318
  custom:scripting/monoscript/fileName/XLuaGenAutoRegister.cs: d853ef44aabfccb80e0b7c076b61770b -> f7d7a1bdecea0875c31215b468d1ea3c
  custom:SearchIndexIgnoredProperties: e643bd26f0fe6173181afceb89e7c659 -> 
  custom:scripting/monoscript/fileName/UnityEngine_ColorWrap.cs: bd8e985ef59408a673873236ce871e73 -> a2199b901d8d68ac06d36f834d48f0de
  custom:AudioImporter_EditorPlatform: d09bf68614088b80899f8185d706f6e7 -> 
  custom:scripting/monoscript/fileName/GenericMethodExample.cs: 71308a9675c9d31b6584afd047da40d6 -> c3c4960d5a8b500e2f93697b37d06ae2
  custom:scripting/monoscript/fileName/TypeExtensions.cs: 68c704b8c6c4fa976b931eabe81ac9ee -> 6ecc1d6c2137d4648cc597a57d0741c7
  custom:scripting/monoscript/fileName/Tutorial_BaseClassWrap.cs: 0cb2af1d083b0b2c5e8cb36d24bfb39c -> 82bd31d966804ddf94755f42eec25c75
  custom:scripting/monoscript/fileName/UnityEngine_Ray2DWrap.cs: 0739f12fd5151febac857f4bf1dfbf4b -> 3948513cbdb210ff5fa49a4b2880e106
  custom:scripting/monoscript/fileName/UnityEngine_ComponentWrap.cs: e27295da2190ed2ebf55b5ac632d7f35 -> 3c3e0b9fedb2878f9f3fac771839136b
  custom:scripting/monoscript/fileName/CustomLoader.cs: 612387837da882e343b6793882f715b4 -> 3c04d951376acd618234995a34635baf
  custom:scripting/monoscript/fileName/BuildFromCLI.cs: a3c0f780c3b3a6e3a59fd5c2a4761ee3 -> ef1665cfd7adbd546e15cd58c9f7c486
  custom:scripting/monoscript/fileName/System_ObjectWrap.cs: c4f7132fadbd7f5f459fdffb106ce8ad -> 9fb5e5ed9e38c23dad1e0232edf0373b
  custom:scripting/monoscript/fileName/XLuaTest_Foo1ParentWrap.cs: 4d06c6c313846bbd2659cf013bd8c081 -> bc3faaa30d66f1a9334279476c37b2a8
  custom:scripting/monoscript/fileName/StatefullTest.cs: ac9082cda8d79beb987af6f68f5d30cd -> 5d22c8326914d95b29e418e9d014cf15
  custom:scripting/monoscript/fileName/InternalGlobals.cs: c7a0f72bef146ff41c15b3b535d6bdf9 -> 009e626d008ed11807341f4cf6fb3a9c
  custom:scripting/monoscript/fileName/XLuaTest_FooExtensionWrap.cs: 0cf66dd4ab170a1f2008f8b97f4f2106 -> 778d9d5cc8332e1d0739618b88aa2bb9
  custom:scripting/monoscript/fileName/DelegateBridge.cs: 59e13ad21dfacf0ee52e76776a9542b7 -> 4daef522f87298a8262553f6fd5bf8f2
  custom:scripting/monoscript/fileName/Foo.cs: b60484b40971b80860ed72eb65234dc1 -> f1cbde57f1c636c66a444cf720c99995
  custom:scripting/monoscript/fileName/UnityEngine_QuaternionWrap.cs: d7776a0aea79cbcec5ba2c36565a1173 -> 2be38f3d0f8715c9babd38533b7cc2f6
  custom:scripting/monoscript/fileName/ExampleGenConfig.cs: 402439a475ab0614d6514789dc967063 -> 2d21554d83bd53efca28765b954d65c7
  custom:scripting/monoscript/fileName/TemplateRef.cs: 894e64faa8518e7345655e4a3a343abf -> e57f72b6ec3c4672428b8339ce53c07a
  custom:scripting/monoscript/fileName/ByString.cs: 83f4bb3773b202a1550c80bc6c09d1a8 -> 71ac2dce49068f904e2150c45e200cdb
  custom:scripting/monoscript/fileName/UnityEngine_AnimationCurveWrap.cs: f2332648b2113d579022f7ac44ddf1a2 -> a1b4a7dab75f49fff03082ff025e4e5e
  custom:scripting/monoscript/fileName/XLuaTest_IExchangerBridge.cs: dbb2be54f36a2496a4425e7ceb90b9b9 -> a1b04ba231b7210d75c48779fb061387
  custom:scripting/monoscript/fileName/LuaBase.cs: fd57dc59c72dd7c1f0204d91abf1345d -> f0e74d4e175e23617aebee3a1fbf3735
  custom:scripting/monoscript/fileName/UnityEngine_LightWrap.cs: d3e76313bbab2d6f78618d0a96177993 -> afdccdb78964e15816bd84ff574e1d72
  custom:scripting/monoscript/fileName/System_Collections_IEnumeratorBridge.cs: e58d0dcf0aa39125fd572da9408c5a63 -> a6b8b2b6997973169c6bebc4e00197c3
  custom:scripting/monoscript/fileName/GenericDelegateBridge.cs: 14979ecd91d982a7d4b63ce8b241a2cb -> 9b33d1c344798966a03eb7d32474259e
  custom:video-encoder-webm-vp8: eb34c28f22e8b96e1ab97ce403110664 -> 
  custom:scripting/monoscript/fileName/LuaCallCs.cs: d69c2b3b74160f3f6c507a63e395d1b8 -> 80d51efbfa90ec9a93bf6c4f217fae70
  custom:scripting/monoscript/fileName/XLuaTest_Foo2ParentWrap.cs: 3cfc8bf6cad7ab5669e86f82da9efffc -> e55fdaf088679107b1602d0f4f018827
  custom:scripting/monoscript/fileName/Tutorial_CSCallLua_ItfDBridge.cs: d05148e45525d393370f3ca919d4cdc0 -> 4e0a8d0795850c18cf92cbc673dc6199
  custom:scripting/monoscript/fileName/UnityEngine_Vector2Wrap.cs: dfd1be4a9f736e54a226859ba85dbc30 -> d8bd11c5df83747314d76d2e1152a25a
  custom:audio-decoder-ogg-vorbis: bf7c407c2cedff20999df2af8eb42d56 -> 
  custom:scripting/monoscript/fileName/UnityEngine_GameObjectWrap.cs: c4cddad80b77cae4a3f64483d25e1457 -> 499beb086fe32ba82bd6b30d04f108ea
  custom:scripting/monoscript/fileName/XLuaTest_NoGcWrap.cs: 7c2153fc9ca9cd0a3cc8b2d8a5de2fcd -> b8ab725f3034c7583c772afc97e73cfe
  custom:scripting/monoscript/fileName/UnityEngine_DebugWrap.cs: a14c41c7fbd7dec62bec687de4c6fe27 -> 2a23054f13a8c643d838dbc57d787e1a
  custom:scripting/monoscript/fileName/TemplateEngine.cs: d4247539e36868281066dc2ffa847cbd -> 196c6eecd2e70276dab2c9a7b0cf2d59
  custom:scripting/monoscript/fileName/UnityEngine_SkinnedMeshRendererWrap.cs: 9ad169117eb1ff375ebe298216e6901c -> e6c3bb62aa80867a3afe5dcbb6224761
  custom:scripting/monoscript/fileName/CopyByValue.cs: 7bf1a1e4b9a6d19c982a86f574107fe4 -> 273cbe68a303e04c83210a0d1b0dbfc8
  custom:scripting/monoscript/fileName/Generator.cs: 5c2a3602a0cfb4641043518ccc18ad89 -> e11eefc36c86800da100cf1a4789c73c
  custom:scripting/monoscript/fileName/SignatureLoaderTest.cs: 37ed863ad0370c096ad98942100ce390 -> 8c9bdabb3430d1beabc1824b7aff6019
  custom:scripting/monoscript/fileName/HotfixTestCfg.cs: 7d41c7a61129380f568a08461036f7c3 -> a7321a5cbaeb2b6b22c71e624ff03625
  custom:scripting/monoscript/fileName/MessageBox.cs: 17d47f136e1a2eb08b8ca17667071821 -> febd8bda4c1c594acb6f720026ed3aee
  custom:scripting/monoscript/fileName/UnityEngine_TextAssetWrap.cs: a895654ec821ef871bab45f0bf4ab1bf -> 96eae3d139831963806db363328bfefe
  custom:scripting/monoscript/fileName/XLuaUnityDefaultConfig.cs: 847f92567dd164ad0f0a1c4536b7e6e7 -> 12ee8270b5ca2ec2875a29a6c838143c
  custom:scripting/monoscript/fileName/UnityEngine_TransformWrap.cs: 1ec7fdf0df78c54383c54d4890267885 -> 50d916bbc9cc3aa204547c1dbcf1b841
  custom:scripting/monoscript/fileName/UnityEngine_RendererWrap.cs: f2bb488dcafa31d4d1829db70de7e3de -> e28d66316639c5d4634a4f4176885c0f
  custom:scripting/monoscript/fileName/LuaFunction.cs: 6bea6a53e0ef7f4c19887edd95529fba -> 9f9e88fec2de37a51bb5cc9b6b08d6b9
  custom:audio-encoder-webm-vorbis: bf7c407c2cedff20999df2af8eb42d56 -> 
  custom:scripting/monoscript/fileName/XLuaTest_LuaBehaviourWrap.cs: eb21b90bdd58645712610184d1a6b02e -> 8a24807dde2ec4b5434d8876b84591df
  custom:scripting/monoscript/fileName/UnityEngine_Vector4Wrap.cs: 4736b1d9605ba5be814644e3bcc9e928 -> e876ed87f63c3dc401e686c851325f69
  custom:scripting/precompiled-assembly-types:Assembly-CSharp-Editor: 8329d2703a1fb80f61cc70ee984418c3 -> f3104d4e56e8a73f04df252396e09d4f
  custom:scripting/monoscript/fileName/XLuaTest_MyStructWrap.cs: 55519c14d8f95433c1b6e262daa1d322 -> bcfe0251bd793e1e64a466467ef9f39d
  custom:scripting/monoscript/fileName/StaticLuaCallbacks.cs: 806d4721af6e97ac563013320c7b3d7a -> 9d25aed2b0bb83738cfec7ef5ea55802
  custom:scripting/monoscript/fileName/UnityEngine_ObjectWrap.cs: acbfc6ebce3660b3cec600cb246312ee -> d239f04268fb712161f840d533347443
  custom:scripting/monoscript/fileName/RawObjectTest.cs: c3d9c6b1a141374366b8d8ccf99991a4 -> af9e06db1e13155c5410c0aa29232eac
  custom:scripting/monoscript/fileName/MethodWarpsCache.cs: a0fd87c86e3eda41e7890d27658be598 -> 182591812fc1e7cc805d3eb126c7629a
  custom:scripting/precompiled-assembly-types:Assembly-CSharp: 99b328417248fea24142d71679fac050 -> 6d2cbbca728bbcc514a1a97e862a8e21
  custom:scripting/monoscript/fileName/Tutorial_ICalcWrap.cs: 9802804745e09aa6d92fbca1a46de55a -> 03d02c9cf202af74271e6b9339f2aa97
========================================================================
Received Prepare
Caller must complete domain reload
Begin MonoManager ReloadAssembly
- Loaded All Assemblies, in  0.612 seconds
Native extension for WindowsStandalone target not found
Mono: successfully reloaded assembly
- Finished resetting the current domain, in  1.208 seconds
Domain Reload Profiling: 1815ms
	BeginReloadAssembly (213ms)
		ExecutionOrderSort (0ms)
		DisableScriptedObjects (4ms)
		BackupInstance (0ms)
		ReleaseScriptingObjects (0ms)
		CreateAndSetChildDomain (54ms)
	RebuildCommonClasses (39ms)
	RebuildNativeTypeToScriptingClass (17ms)
	initialDomainReloadingComplete (38ms)
	LoadAllAssembliesAndSetupDomain (299ms)
		LoadAssemblies (397ms)
		RebuildTransferFunctionScriptingTraits (0ms)
		AnalyzeDomain (23ms)
			TypeCache.Refresh (13ms)
				TypeCache.ScanAssembly (0ms)
			ScanForSourceGeneratedMonoScriptInfo (0ms)
			ResolveRequiredComponents (7ms)
	FinalizeReload (1209ms)
		ReleaseScriptCaches (0ms)
		RebuildScriptCaches (0ms)
		SetupLoadedEditorAssemblies (494ms)
			LogAssemblyErrors (0ms)
			InitializePlatformSupportModulesInManaged (5ms)
			SetLoadedEditorAssemblies (3ms)
			RefreshPlugins (0ms)
			BeforeProcessingInitializeOnLoad (81ms)
			ProcessInitializeOnLoadAttributes (334ms)
			ProcessInitializeOnLoadMethodAttributes (63ms)
			AfterProcessingInitializeOnLoad (8ms)
			EditorAssembliesLoaded (0ms)
		ExecutionOrderSort2 (0ms)
		AwakeInstancesAfterBackupRestoration (6ms)
Refreshing native plugins compatible for Editor in 10.29 ms, found 4 plugins.
Preloading 0 native plugins for Editor in 0.00 ms.
Unloading 4364 Unused Serialized files (Serialized files now loaded: 0)
Unloading 17 unused Assets / (332.0 KB). Loaded Objects now: 4923.
Memory consumption went from 152.4 MB to 152.1 MB.
Total: 5.861200 ms (FindLiveObjects: 0.433200 ms CreateObjectMapping: 0.330100 ms MarkObjects: 4.737300 ms  DeleteObjects: 0.358300 ms)

Prepare: number of updated asset objects reloaded= 0
AssetImportParameters requested are different than current active one (requested -> active):
  custom:scripting/monoscript/fileName/AsyncTest.cs: ba7b296f91a53eb12a2f973e4bfe6187 -> 76ce712e1c4d409aac5fa695d71d244a
  custom:scripting/monoscript/fileName/XLuaTest_InvokeLua_ICalcBridge.cs: 30fde9c3feb0b30e098352b4dfeb9cae -> 39dbaec3aa6ccdef5b8e133e5c8d912d
  custom:scripting/monoscript/fileName/UnityEngine_BehaviourWrap.cs: 50be6300a89da29ca17ad67a2589a5ca -> 07f04650a03b829841e9fab9d7740454
  custom:scripting/monoscript/fileName/CoroutineTest.cs: 8ff63a150c08cc9bc1500a6e3305dabe -> b55b07dbd7b0751be4b88111c51a8597
  custom:scripting/monoscript/fileName/UnityEngine_WaitForSecondsWrap.cs: 14ce79597090ca49f32e5242d176e3e0 -> f924ebf1733d94f4d65590a1a94e6531
  custom:scripting/monoscript/fileName/XLuaTest_PeddingWrap.cs: 904ed3ab876976c36018836c17a5f7cd -> 87db0d803af8b6af633a98194cb11698
  custom:scripting/monoscript/fileName/LuaBehaviour.cs: c26b3945b1b2533a373318992b28370d -> 8501f2955baa2ae1e4b9dc9f246b814a
  custom:container-demuxer-ogg: 62fdf1f143b41e24485cea50d1cbac27 -> 
  custom:scripting/monoscript/fileName/ObjectTranslatorPool.cs: 0fcc88f1a2575820f34ed99efa865239 -> c088e49ccc65541c1471becee0155ecc
  custom:scripting/monoscript/fileName/ByFile.cs: 4175f9d405491cf5cd12d69fd7ad338b -> 6f3dfbef5ea17c4620534958e4e26f3b
  custom:scripting/monoscript/fileName/ObjectCasters.cs: 2e05dcad88217340e3469b49cb484a5e -> 0c1ed1f1cf3d518e5e522f4d874c21c2
  custom:scripting/monoscript/fileName/UnityEngine_Vector3Wrap.cs: ce0a23addf1a2b20f8676787382fe6da -> 63f465b9380555daafea25b4176adba5
  custom:scripting/monoscript/fileName/ReImplementInLua.cs: 95b77c9b6059158d95dc9a7ae2d1cdb1 -> ccd60d267132159582621b9635d9b5d9
  custom:scripting/monoscript/fileName/UnityEngine_RayWrap.cs: 1b2ced459e0f7fe10c0b5b9489be6f35 -> 0b84fbe6cabdb1173feb41e835ef3a40
  custom:scripting/monoscript/fileName/HotfixTest.cs: 1c02fcc866280314c2a4f14c6d154faa -> 3960e9f9315d94bf0223f379bfbd4a4a
  custom:scripting/monoscript/fileName/WrapPusher.cs: 3b3bd77f226a0f893aad8e7367a0f06b -> a7d84f614ae4cd3b956f9b8556cfd18e
  custom:scripting/monoscript/fileName/RawObject.cs: b7277126f2de8ab75c184e0ffceaa264 -> e4d66a2fce5b764d8103d4567ed38606
  custom:scripting/monoscript/fileName/Tutorial_DerivedClassWrap.cs: a9f1f1a33e70d4aca6ed43632ef080bc -> 1a8da11bcfc26039296e071510ba3246
  custom:video-decoder-ogg-theora: a1e56fd34408186e4bbccfd4996cb3dc -> 
  custom:scripting/monoscript/fileName/LuaTable.cs: 831d394b03ebb276485eae65adc1ccd5 -> afc244f7b5f5d0300b37ddf3297901ec
  custom:scripting/monoscript/fileName/XLuaTest_Foo2ChildWrap.cs: f25917eb49d7296a35740a2c6a4d40ec -> 30fab5c82eb5f5ffb38a0a6d668c1895
  custom:framework-win-MediaFoundation: 216162199b28c13a410421893ffa2e32 -> 
  custom:scripting/monoscript/fileName/UnityEngine_TimeWrap.cs: 582bbe1acbebc99abd038879d2ce291a -> 5e744018ad83dc4e6b5341356b280ff7
  custom:scripting/monoscript/fileName/ObjectTranslator.cs: 3684f948a56ed5cf93b0514e484d3f48 -> dd3d0b582d45a9b753aab5e6237efeb3
  custom:scripting/monoscript/fileName/UnityEngine_AnimationClipWrap.cs: 35e9dbce44e2400ca249a1b04e238032 -> 77a92debc688d37d0c76ed29e7849dc6
  custom:scripting/monoscript/fileName/UnityEngine_MonoBehaviourWrap.cs: ab88a4de07d1ed4d6902d46f78a9c2a5 -> 04d351bf9d6db68acd2847f2651b2d6b
  custom:scripting/monoscript/fileName/UnityEngine_MathfWrap.cs: b8423f29ae782d824fe5861eb133fe99 -> 333033f071a58c53b030860e1dc36f4e
  custom:scripting/monoscript/fileName/Helloworld.cs: 0111736be64650c2c199ab4f2d2240c1 -> 5df6067a12a0276271ef7e4b2f46b98d
  custom:scripting/monoscript/fileName/HotfixTest2.cs: 8e85738438913476ef9e5c92cd26daad -> e6fb5855d637d49dacea7216888e03f7
  custom:scripting/monoscript/fileName/LinkXmlGen.cs: 91d69328c4b5d0ada19c3766b1b6ad15 -> f26ca07c1d6ecd8bde6b48a50ed6d393
  custom:scripting/monoscript/fileName/XLuaTest_Foo1ChildWrap.cs: 4e50b7c1fc1d91200bd6d308925718b7 -> 1c5e3d8cdf39c119ce22e5be32eae9dd
  custom:scripting/monoscript/fileName/LuaDLL.cs: a461d359c0f868ea297a4d0e0fa0810d -> 61e98a188b5f49dbf1a755838a97959a
  custom:scripting/monoscript/fileName/GenAttributes.cs: eecd24d8570c09b2ce8b7a7a7f2d3d12 -> d46b0cff88dfb044f17f4aed96768af1
  custom:scripting/monoscript/fileName/UnityEngine_ResourcesWrap.cs: 7881eec03c10cac6aed4968059672b77 -> 698ab99237a4262ce7f88356cded464a
  custom:scripting/monoscript/fileName/ExampleConfig.cs: 01010b4aed93329e34ab2c68a0d8c398 -> 96766ead2b0a0269b4571117ad9e65bc
  custom:scripting/monoscript/fileName/CSCallLua.cs: e37f012e62a4c619428574814b983ced -> 9d2ef4b275968bd22a483233fb8b554e
  custom:scripting/monoscript/fileName/Utils.cs: cf685c01caf3a4f894711b47bbf947e6 -> 55f902a32cb309b7a62f1e16aa1d617d
  custom:CustomObjectIndexerAttribute: 9a22284fe3817be447336de3de66b15e -> 
  custom:scripting/monoscript/fileName/LuaEnv.cs: 39b0b6f887cfc0f9d8b8bab4d9210e8f -> 89231863be1481a3b9e862fc4fbe0062
  custom:scripting/monoscript/fileName/EnumWrap.cs: e1678317fb40b1504377930932a65f00 -> 71aaf938165cbdbb0ac6c90ffee86023
  custom:container-demuxer-webm: 4f35f7cbe854078d1ac9338744f61a02 -> 
  custom:scripting/monoscript/fileName/UnityEngine_ParticleSystemWrap.cs: ea70451eecfa9db0287288ead2570a87 -> eee33c4ac5a2b762ef5a90683fe90f0f
  custom:scripting/monoscript/fileName/LuaException.cs: 1ddffcc2e8b89810add964c77207e13b -> c33171da8599ff6293dbea39eed5f2df
  custom:scripting/monoscript/fileName/InvokeLua.cs: 8d1030f275cd4c779c8aadb220460431 -> 7479efa8aadd7aed0020601aa4374477
  custom:scripting/monoscript/fileName/XLuaTest_BaseTestWrap.cs: 07e45de8fa2ee7650261714b0c2efcd8 -> 4f21680da7e23ca573808ca54815d505
  custom:scripting/monoscript/fileName/UnityEngine_BoundsWrap.cs: 0ac99f7c45b4a0aef916e0e5b49238c9 -> 3dd26eeb95bac2de8ce2da585d995261
  custom:scripting/monoscript/fileName/PackUnpack.cs: 7bf1a1e4b9a6d19c982a86f574107fe4 -> 273cbe68a303e04c83210a0d1b0dbfc8
  custom:scripting/monoscript/fileName/UnityEngine_KeyframeWrap.cs: 198c4d7f205e316a3726e83558840a1d -> f022c20884bfebd1cdba5d0a32b69287
  custom:scripting/monoscript/fileName/DelegatesGensBridge.cs: 14979ecd91d982a7d4b63ce8b241a2cb -> 9b33d1c344798966a03eb7d32474259e
  custom:scripting/monoscript/fileName/SignatureLoader.cs: f9b5b4f501bbc4033b1d26e1c53bc27d -> 2543099e1b7f94e78f488961484e5e52
  custom:scripting/monoscript/fileName/Coroutine_Runner.cs: 931214e1a723b03a7a230109c4225361 -> 690ad48fe9500ae79da028936c127982
  custom:container-muxer-webm: aa71ff27fc2769a1b78a27578f13a17b -> 
  custom:scripting/monoscript/fileName/NoGc.cs: 93f5576a58657b60a9c431df8280450e -> 468686911b292518222c0fc5fca7afd3
  custom:scripting/monoscript/fileName/ObjectPool.cs: bd4befac00d17d6ebf9e5f1d7d75cb4c -> 41af867cc123c070dfe6b15d45bb5402
  custom:video-decoder-webm-vp8: 9c59270c3fd7afecdb556c50c9e8de78 -> 
  custom:scripting/monoscript/fileName/XLuaTest_FooWrap.cs: 94d50054e40ab48511cae7fb0b602c9b -> abbeeb9782209030752aecf7c8307085
  custom:scripting/monoscript/fileName/Report.cs: 3c6fcdd086fb055c4c3456a5e0e35198 -> e51741919754948773e5898850c9f663
  custom:scripting/monoscript/fileName/Tutorial_DerivedClassExtensionsWrap.cs: 8d3a8d18ccf52ef11958b45f9012fc25 -> e71c7199b289862c70f81cc97fad9cd1
  custom:scripting/monoscript/fileName/System_Collections_Generic_List_1_System_Int32_Wrap.cs: 17851e7c00326059ae0787338228160b -> 0d81f6d3ce2afe6f735fa61fb6f44318
  custom:scripting/monoscript/fileName/XLuaGenAutoRegister.cs: d853ef44aabfccb80e0b7c076b61770b -> f7d7a1bdecea0875c31215b468d1ea3c
  custom:SearchIndexIgnoredProperties: e643bd26f0fe6173181afceb89e7c659 -> 
  custom:scripting/monoscript/fileName/UnityEngine_ColorWrap.cs: bd8e985ef59408a673873236ce871e73 -> a2199b901d8d68ac06d36f834d48f0de
  custom:AudioImporter_EditorPlatform: d09bf68614088b80899f8185d706f6e7 -> 
  custom:scripting/monoscript/fileName/GenericMethodExample.cs: 71308a9675c9d31b6584afd047da40d6 -> c3c4960d5a8b500e2f93697b37d06ae2
  custom:scripting/monoscript/fileName/TypeExtensions.cs: 68c704b8c6c4fa976b931eabe81ac9ee -> 6ecc1d6c2137d4648cc597a57d0741c7
  custom:scripting/monoscript/fileName/Tutorial_BaseClassWrap.cs: 0cb2af1d083b0b2c5e8cb36d24bfb39c -> 82bd31d966804ddf94755f42eec25c75
  custom:scripting/monoscript/fileName/UnityEngine_Ray2DWrap.cs: 0739f12fd5151febac857f4bf1dfbf4b -> 3948513cbdb210ff5fa49a4b2880e106
  custom:scripting/monoscript/fileName/UnityEngine_ComponentWrap.cs: e27295da2190ed2ebf55b5ac632d7f35 -> 3c3e0b9fedb2878f9f3fac771839136b
  custom:scripting/monoscript/fileName/CustomLoader.cs: 612387837da882e343b6793882f715b4 -> 3c04d951376acd618234995a34635baf
  custom:scripting/monoscript/fileName/BuildFromCLI.cs: a3c0f780c3b3a6e3a59fd5c2a4761ee3 -> ef1665cfd7adbd546e15cd58c9f7c486
  custom:scripting/monoscript/fileName/System_ObjectWrap.cs: c4f7132fadbd7f5f459fdffb106ce8ad -> 9fb5e5ed9e38c23dad1e0232edf0373b
  custom:scripting/monoscript/fileName/XLuaTest_Foo1ParentWrap.cs: 4d06c6c313846bbd2659cf013bd8c081 -> bc3faaa30d66f1a9334279476c37b2a8
  custom:scripting/monoscript/fileName/StatefullTest.cs: ac9082cda8d79beb987af6f68f5d30cd -> 5d22c8326914d95b29e418e9d014cf15
  custom:scripting/monoscript/fileName/InternalGlobals.cs: c7a0f72bef146ff41c15b3b535d6bdf9 -> 009e626d008ed11807341f4cf6fb3a9c
  custom:scripting/monoscript/fileName/XLuaTest_FooExtensionWrap.cs: 0cf66dd4ab170a1f2008f8b97f4f2106 -> 778d9d5cc8332e1d0739618b88aa2bb9
  custom:scripting/monoscript/fileName/DelegateBridge.cs: 59e13ad21dfacf0ee52e76776a9542b7 -> 4daef522f87298a8262553f6fd5bf8f2
  custom:scripting/monoscript/fileName/Foo.cs: b60484b40971b80860ed72eb65234dc1 -> f1cbde57f1c636c66a444cf720c99995
  custom:scripting/monoscript/fileName/UnityEngine_QuaternionWrap.cs: d7776a0aea79cbcec5ba2c36565a1173 -> 2be38f3d0f8715c9babd38533b7cc2f6
  custom:scripting/monoscript/fileName/ExampleGenConfig.cs: 402439a475ab0614d6514789dc967063 -> 2d21554d83bd53efca28765b954d65c7
  custom:scripting/monoscript/fileName/TemplateRef.cs: 894e64faa8518e7345655e4a3a343abf -> e57f72b6ec3c4672428b8339ce53c07a
  custom:scripting/monoscript/fileName/ByString.cs: 83f4bb3773b202a1550c80bc6c09d1a8 -> 71ac2dce49068f904e2150c45e200cdb
  custom:scripting/monoscript/fileName/UnityEngine_AnimationCurveWrap.cs: f2332648b2113d579022f7ac44ddf1a2 -> a1b4a7dab75f49fff03082ff025e4e5e
  custom:scripting/monoscript/fileName/XLuaTest_IExchangerBridge.cs: dbb2be54f36a2496a4425e7ceb90b9b9 -> a1b04ba231b7210d75c48779fb061387
  custom:scripting/monoscript/fileName/LuaBase.cs: fd57dc59c72dd7c1f0204d91abf1345d -> f0e74d4e175e23617aebee3a1fbf3735
  custom:scripting/monoscript/fileName/UnityEngine_LightWrap.cs: d3e76313bbab2d6f78618d0a96177993 -> afdccdb78964e15816bd84ff574e1d72
  custom:scripting/monoscript/fileName/System_Collections_IEnumeratorBridge.cs: e58d0dcf0aa39125fd572da9408c5a63 -> a6b8b2b6997973169c6bebc4e00197c3
  custom:scripting/monoscript/fileName/GenericDelegateBridge.cs: 14979ecd91d982a7d4b63ce8b241a2cb -> 9b33d1c344798966a03eb7d32474259e
  custom:video-encoder-webm-vp8: eb34c28f22e8b96e1ab97ce403110664 -> 
  custom:scripting/monoscript/fileName/LuaCallCs.cs: d69c2b3b74160f3f6c507a63e395d1b8 -> 80d51efbfa90ec9a93bf6c4f217fae70
  custom:scripting/monoscript/fileName/XLuaTest_Foo2ParentWrap.cs: 3cfc8bf6cad7ab5669e86f82da9efffc -> e55fdaf088679107b1602d0f4f018827
  custom:scripting/monoscript/fileName/Tutorial_CSCallLua_ItfDBridge.cs: d05148e45525d393370f3ca919d4cdc0 -> 4e0a8d0795850c18cf92cbc673dc6199
  custom:scripting/monoscript/fileName/UnityEngine_Vector2Wrap.cs: dfd1be4a9f736e54a226859ba85dbc30 -> d8bd11c5df83747314d76d2e1152a25a
  custom:audio-decoder-ogg-vorbis: bf7c407c2cedff20999df2af8eb42d56 -> 
  custom:scripting/monoscript/fileName/UnityEngine_GameObjectWrap.cs: c4cddad80b77cae4a3f64483d25e1457 -> 499beb086fe32ba82bd6b30d04f108ea
  custom:scripting/monoscript/fileName/XLuaTest_NoGcWrap.cs: 7c2153fc9ca9cd0a3cc8b2d8a5de2fcd -> b8ab725f3034c7583c772afc97e73cfe
  custom:scripting/monoscript/fileName/UnityEngine_DebugWrap.cs: a14c41c7fbd7dec62bec687de4c6fe27 -> 2a23054f13a8c643d838dbc57d787e1a
  custom:scripting/monoscript/fileName/TemplateEngine.cs: d4247539e36868281066dc2ffa847cbd -> 196c6eecd2e70276dab2c9a7b0cf2d59
  custom:scripting/monoscript/fileName/UnityEngine_SkinnedMeshRendererWrap.cs: 9ad169117eb1ff375ebe298216e6901c -> e6c3bb62aa80867a3afe5dcbb6224761
  custom:scripting/monoscript/fileName/CopyByValue.cs: 7bf1a1e4b9a6d19c982a86f574107fe4 -> 273cbe68a303e04c83210a0d1b0dbfc8
  custom:scripting/monoscript/fileName/Generator.cs: 5c2a3602a0cfb4641043518ccc18ad89 -> e11eefc36c86800da100cf1a4789c73c
  custom:scripting/monoscript/fileName/SignatureLoaderTest.cs: 37ed863ad0370c096ad98942100ce390 -> 8c9bdabb3430d1beabc1824b7aff6019
  custom:scripting/monoscript/fileName/HotfixTestCfg.cs: 7d41c7a61129380f568a08461036f7c3 -> a7321a5cbaeb2b6b22c71e624ff03625
  custom:scripting/monoscript/fileName/MessageBox.cs: 17d47f136e1a2eb08b8ca17667071821 -> febd8bda4c1c594acb6f720026ed3aee
  custom:scripting/monoscript/fileName/UnityEngine_TextAssetWrap.cs: a895654ec821ef871bab45f0bf4ab1bf -> 96eae3d139831963806db363328bfefe
  custom:scripting/monoscript/fileName/XLuaUnityDefaultConfig.cs: 847f92567dd164ad0f0a1c4536b7e6e7 -> 12ee8270b5ca2ec2875a29a6c838143c
  custom:scripting/monoscript/fileName/UnityEngine_TransformWrap.cs: 1ec7fdf0df78c54383c54d4890267885 -> 50d916bbc9cc3aa204547c1dbcf1b841
  custom:scripting/monoscript/fileName/UnityEngine_RendererWrap.cs: f2bb488dcafa31d4d1829db70de7e3de -> e28d66316639c5d4634a4f4176885c0f
  custom:scripting/monoscript/fileName/LuaFunction.cs: 6bea6a53e0ef7f4c19887edd95529fba -> 9f9e88fec2de37a51bb5cc9b6b08d6b9
  custom:audio-encoder-webm-vorbis: bf7c407c2cedff20999df2af8eb42d56 -> 
  custom:scripting/monoscript/fileName/XLuaTest_LuaBehaviourWrap.cs: eb21b90bdd58645712610184d1a6b02e -> 8a24807dde2ec4b5434d8876b84591df
  custom:scripting/monoscript/fileName/UnityEngine_Vector4Wrap.cs: 4736b1d9605ba5be814644e3bcc9e928 -> e876ed87f63c3dc401e686c851325f69
  custom:scripting/precompiled-assembly-types:Assembly-CSharp-Editor: 8329d2703a1fb80f61cc70ee984418c3 -> f3104d4e56e8a73f04df252396e09d4f
  custom:scripting/monoscript/fileName/XLuaTest_MyStructWrap.cs: 55519c14d8f95433c1b6e262daa1d322 -> bcfe0251bd793e1e64a466467ef9f39d
  custom:scripting/monoscript/fileName/StaticLuaCallbacks.cs: 806d4721af6e97ac563013320c7b3d7a -> 9d25aed2b0bb83738cfec7ef5ea55802
  custom:scripting/monoscript/fileName/UnityEngine_ObjectWrap.cs: acbfc6ebce3660b3cec600cb246312ee -> d239f04268fb712161f840d533347443
  custom:scripting/monoscript/fileName/RawObjectTest.cs: c3d9c6b1a141374366b8d8ccf99991a4 -> af9e06db1e13155c5410c0aa29232eac
  custom:scripting/monoscript/fileName/MethodWarpsCache.cs: a0fd87c86e3eda41e7890d27658be598 -> 182591812fc1e7cc805d3eb126c7629a
  custom:scripting/precompiled-assembly-types:Assembly-CSharp: 99b328417248fea24142d71679fac050 -> 6d2cbbca728bbcc514a1a97e862a8e21
  custom:scripting/monoscript/fileName/Tutorial_ICalcWrap.cs: 9802804745e09aa6d92fbca1a46de55a -> 03d02c9cf202af74271e6b9339f2aa97
========================================================================
Received Prepare
Caller must complete domain reload
Begin MonoManager ReloadAssembly
- Loaded All Assemblies, in  0.611 seconds
Native extension for WindowsStandalone target not found
Mono: successfully reloaded assembly
- Finished resetting the current domain, in  1.296 seconds
Domain Reload Profiling: 1904ms
	BeginReloadAssembly (185ms)
		ExecutionOrderSort (0ms)
		DisableScriptedObjects (6ms)
		BackupInstance (0ms)
		ReleaseScriptingObjects (0ms)
		CreateAndSetChildDomain (40ms)
	RebuildCommonClasses (33ms)
	RebuildNativeTypeToScriptingClass (12ms)
	initialDomainReloadingComplete (34ms)
	LoadAllAssembliesAndSetupDomain (342ms)
		LoadAssemblies (387ms)
		RebuildTransferFunctionScriptingTraits (0ms)
		AnalyzeDomain (61ms)
			TypeCache.Refresh (30ms)
				TypeCache.ScanAssembly (4ms)
			ScanForSourceGeneratedMonoScriptInfo (20ms)
			ResolveRequiredComponents (9ms)
	FinalizeReload (1297ms)
		ReleaseScriptCaches (0ms)
		RebuildScriptCaches (0ms)
		SetupLoadedEditorAssemblies (512ms)
			LogAssemblyErrors (0ms)
			InitializePlatformSupportModulesInManaged (6ms)
			SetLoadedEditorAssemblies (3ms)
			RefreshPlugins (0ms)
			BeforeProcessingInitializeOnLoad (70ms)
			ProcessInitializeOnLoadAttributes (365ms)
			ProcessInitializeOnLoadMethodAttributes (60ms)
			AfterProcessingInitializeOnLoad (7ms)
			EditorAssembliesLoaded (0ms)
		ExecutionOrderSort2 (0ms)
		AwakeInstancesAfterBackupRestoration (6ms)
Refreshing native plugins compatible for Editor in 8.65 ms, found 4 plugins.
Preloading 0 native plugins for Editor in 0.00 ms.
Unloading 4311 Unused Serialized files (Serialized files now loaded: 0)
Unloading 70 unused Assets / (360.0 KB). Loaded Objects now: 4873.
Memory consumption went from 151.5 MB to 151.2 MB.
Total: 3.303300 ms (FindLiveObjects: 0.369500 ms CreateObjectMapping: 0.266900 ms MarkObjects: 2.500900 ms  DeleteObjects: 0.165400 ms)

Prepare: number of updated asset objects reloaded= 0
AssetImportParameters requested are different than current active one (requested -> active):
  custom:scripting/monoscript/fileName/AsyncTest.cs: ba7b296f91a53eb12a2f973e4bfe6187 -> 76ce712e1c4d409aac5fa695d71d244a
  custom:scripting/monoscript/fileName/XLuaTest_InvokeLua_ICalcBridge.cs: 30fde9c3feb0b30e098352b4dfeb9cae -> 39dbaec3aa6ccdef5b8e133e5c8d912d
  custom:scripting/monoscript/fileName/UnityEngine_BehaviourWrap.cs: 50be6300a89da29ca17ad67a2589a5ca -> 07f04650a03b829841e9fab9d7740454
  custom:scripting/monoscript/fileName/CoroutineTest.cs: 8ff63a150c08cc9bc1500a6e3305dabe -> b55b07dbd7b0751be4b88111c51a8597
  custom:scripting/monoscript/fileName/UnityEngine_WaitForSecondsWrap.cs: 14ce79597090ca49f32e5242d176e3e0 -> f924ebf1733d94f4d65590a1a94e6531
  custom:scripting/monoscript/fileName/XLuaTest_PeddingWrap.cs: 904ed3ab876976c36018836c17a5f7cd -> 87db0d803af8b6af633a98194cb11698
  custom:scripting/monoscript/fileName/LuaBehaviour.cs: c26b3945b1b2533a373318992b28370d -> 8501f2955baa2ae1e4b9dc9f246b814a
  custom:container-demuxer-ogg: 62fdf1f143b41e24485cea50d1cbac27 -> 
  custom:scripting/monoscript/fileName/ObjectTranslatorPool.cs: 0fcc88f1a2575820f34ed99efa865239 -> c088e49ccc65541c1471becee0155ecc
  custom:scripting/monoscript/fileName/ByFile.cs: 4175f9d405491cf5cd12d69fd7ad338b -> 6f3dfbef5ea17c4620534958e4e26f3b
  custom:scripting/monoscript/fileName/ObjectCasters.cs: 2e05dcad88217340e3469b49cb484a5e -> 0c1ed1f1cf3d518e5e522f4d874c21c2
  custom:scripting/monoscript/fileName/UnityEngine_Vector3Wrap.cs: ce0a23addf1a2b20f8676787382fe6da -> 63f465b9380555daafea25b4176adba5
  custom:scripting/monoscript/fileName/ReImplementInLua.cs: 95b77c9b6059158d95dc9a7ae2d1cdb1 -> ccd60d267132159582621b9635d9b5d9
  custom:scripting/monoscript/fileName/UnityEngine_RayWrap.cs: 1b2ced459e0f7fe10c0b5b9489be6f35 -> 0b84fbe6cabdb1173feb41e835ef3a40
  custom:scripting/monoscript/fileName/HotfixTest.cs: 1c02fcc866280314c2a4f14c6d154faa -> 3960e9f9315d94bf0223f379bfbd4a4a
  custom:scripting/monoscript/fileName/WrapPusher.cs: 3b3bd77f226a0f893aad8e7367a0f06b -> a7d84f614ae4cd3b956f9b8556cfd18e
  custom:scripting/monoscript/fileName/RawObject.cs: b7277126f2de8ab75c184e0ffceaa264 -> e4d66a2fce5b764d8103d4567ed38606
  custom:scripting/monoscript/fileName/Tutorial_DerivedClassWrap.cs: a9f1f1a33e70d4aca6ed43632ef080bc -> 1a8da11bcfc26039296e071510ba3246
  custom:video-decoder-ogg-theora: a1e56fd34408186e4bbccfd4996cb3dc -> 
  custom:scripting/monoscript/fileName/LuaTable.cs: 831d394b03ebb276485eae65adc1ccd5 -> afc244f7b5f5d0300b37ddf3297901ec
  custom:scripting/monoscript/fileName/XLuaTest_Foo2ChildWrap.cs: f25917eb49d7296a35740a2c6a4d40ec -> 30fab5c82eb5f5ffb38a0a6d668c1895
  custom:framework-win-MediaFoundation: 216162199b28c13a410421893ffa2e32 -> 
  custom:scripting/monoscript/fileName/UnityEngine_TimeWrap.cs: 582bbe1acbebc99abd038879d2ce291a -> 5e744018ad83dc4e6b5341356b280ff7
  custom:scripting/monoscript/fileName/ObjectTranslator.cs: 3684f948a56ed5cf93b0514e484d3f48 -> dd3d0b582d45a9b753aab5e6237efeb3
  custom:scripting/monoscript/fileName/UnityEngine_AnimationClipWrap.cs: 35e9dbce44e2400ca249a1b04e238032 -> 77a92debc688d37d0c76ed29e7849dc6
  custom:scripting/monoscript/fileName/UnityEngine_MonoBehaviourWrap.cs: ab88a4de07d1ed4d6902d46f78a9c2a5 -> 04d351bf9d6db68acd2847f2651b2d6b
  custom:scripting/monoscript/fileName/UnityEngine_MathfWrap.cs: b8423f29ae782d824fe5861eb133fe99 -> 333033f071a58c53b030860e1dc36f4e
  custom:scripting/monoscript/fileName/Helloworld.cs: 0111736be64650c2c199ab4f2d2240c1 -> 5df6067a12a0276271ef7e4b2f46b98d
  custom:scripting/monoscript/fileName/HotfixTest2.cs: 8e85738438913476ef9e5c92cd26daad -> e6fb5855d637d49dacea7216888e03f7
  custom:scripting/monoscript/fileName/LinkXmlGen.cs: 91d69328c4b5d0ada19c3766b1b6ad15 -> f26ca07c1d6ecd8bde6b48a50ed6d393
  custom:scripting/monoscript/fileName/XLuaTest_Foo1ChildWrap.cs: 4e50b7c1fc1d91200bd6d308925718b7 -> 1c5e3d8cdf39c119ce22e5be32eae9dd
  custom:scripting/monoscript/fileName/LuaDLL.cs: a461d359c0f868ea297a4d0e0fa0810d -> 61e98a188b5f49dbf1a755838a97959a
  custom:scripting/monoscript/fileName/GenAttributes.cs: eecd24d8570c09b2ce8b7a7a7f2d3d12 -> d46b0cff88dfb044f17f4aed96768af1
  custom:scripting/monoscript/fileName/UnityEngine_ResourcesWrap.cs: 7881eec03c10cac6aed4968059672b77 -> 698ab99237a4262ce7f88356cded464a
  custom:scripting/monoscript/fileName/ExampleConfig.cs: 01010b4aed93329e34ab2c68a0d8c398 -> 96766ead2b0a0269b4571117ad9e65bc
  custom:scripting/monoscript/fileName/CSCallLua.cs: e37f012e62a4c619428574814b983ced -> 9d2ef4b275968bd22a483233fb8b554e
  custom:scripting/monoscript/fileName/Utils.cs: cf685c01caf3a4f894711b47bbf947e6 -> 55f902a32cb309b7a62f1e16aa1d617d
  custom:CustomObjectIndexerAttribute: 9a22284fe3817be447336de3de66b15e -> 
  custom:scripting/monoscript/fileName/LuaEnv.cs: 39b0b6f887cfc0f9d8b8bab4d9210e8f -> 89231863be1481a3b9e862fc4fbe0062
  custom:scripting/monoscript/fileName/EnumWrap.cs: e1678317fb40b1504377930932a65f00 -> 71aaf938165cbdbb0ac6c90ffee86023
  custom:container-demuxer-webm: 4f35f7cbe854078d1ac9338744f61a02 -> 
  custom:scripting/monoscript/fileName/UnityEngine_ParticleSystemWrap.cs: ea70451eecfa9db0287288ead2570a87 -> eee33c4ac5a2b762ef5a90683fe90f0f
  custom:scripting/monoscript/fileName/LuaException.cs: 1ddffcc2e8b89810add964c77207e13b -> c33171da8599ff6293dbea39eed5f2df
  custom:scripting/monoscript/fileName/InvokeLua.cs: 8d1030f275cd4c779c8aadb220460431 -> 7479efa8aadd7aed0020601aa4374477
  custom:scripting/monoscript/fileName/XLuaTest_BaseTestWrap.cs: 07e45de8fa2ee7650261714b0c2efcd8 -> 4f21680da7e23ca573808ca54815d505
  custom:scripting/monoscript/fileName/UnityEngine_BoundsWrap.cs: 0ac99f7c45b4a0aef916e0e5b49238c9 -> 3dd26eeb95bac2de8ce2da585d995261
  custom:scripting/monoscript/fileName/PackUnpack.cs: 7bf1a1e4b9a6d19c982a86f574107fe4 -> 273cbe68a303e04c83210a0d1b0dbfc8
  custom:scripting/monoscript/fileName/UnityEngine_KeyframeWrap.cs: 198c4d7f205e316a3726e83558840a1d -> f022c20884bfebd1cdba5d0a32b69287
  custom:scripting/monoscript/fileName/DelegatesGensBridge.cs: 14979ecd91d982a7d4b63ce8b241a2cb -> 9b33d1c344798966a03eb7d32474259e
  custom:scripting/monoscript/fileName/SignatureLoader.cs: f9b5b4f501bbc4033b1d26e1c53bc27d -> 2543099e1b7f94e78f488961484e5e52
  custom:scripting/monoscript/fileName/Coroutine_Runner.cs: 931214e1a723b03a7a230109c4225361 -> 690ad48fe9500ae79da028936c127982
  custom:container-muxer-webm: aa71ff27fc2769a1b78a27578f13a17b -> 
  custom:scripting/monoscript/fileName/NoGc.cs: 93f5576a58657b60a9c431df8280450e -> 468686911b292518222c0fc5fca7afd3
  custom:scripting/monoscript/fileName/ObjectPool.cs: bd4befac00d17d6ebf9e5f1d7d75cb4c -> 41af867cc123c070dfe6b15d45bb5402
  custom:video-decoder-webm-vp8: 9c59270c3fd7afecdb556c50c9e8de78 -> 
  custom:scripting/monoscript/fileName/XLuaTest_FooWrap.cs: 94d50054e40ab48511cae7fb0b602c9b -> abbeeb9782209030752aecf7c8307085
  custom:scripting/monoscript/fileName/Report.cs: 3c6fcdd086fb055c4c3456a5e0e35198 -> e51741919754948773e5898850c9f663
  custom:scripting/monoscript/fileName/Tutorial_DerivedClassExtensionsWrap.cs: 8d3a8d18ccf52ef11958b45f9012fc25 -> e71c7199b289862c70f81cc97fad9cd1
  custom:scripting/monoscript/fileName/System_Collections_Generic_List_1_System_Int32_Wrap.cs: 17851e7c00326059ae0787338228160b -> 0d81f6d3ce2afe6f735fa61fb6f44318
  custom:scripting/monoscript/fileName/XLuaGenAutoRegister.cs: d853ef44aabfccb80e0b7c076b61770b -> f7d7a1bdecea0875c31215b468d1ea3c
  custom:SearchIndexIgnoredProperties: e643bd26f0fe6173181afceb89e7c659 -> 
  custom:scripting/monoscript/fileName/UnityEngine_ColorWrap.cs: bd8e985ef59408a673873236ce871e73 -> a2199b901d8d68ac06d36f834d48f0de
  custom:AudioImporter_EditorPlatform: d09bf68614088b80899f8185d706f6e7 -> 
  custom:scripting/monoscript/fileName/GenericMethodExample.cs: 71308a9675c9d31b6584afd047da40d6 -> c3c4960d5a8b500e2f93697b37d06ae2
  custom:scripting/monoscript/fileName/TypeExtensions.cs: 68c704b8c6c4fa976b931eabe81ac9ee -> 6ecc1d6c2137d4648cc597a57d0741c7
  custom:scripting/monoscript/fileName/Tutorial_BaseClassWrap.cs: 0cb2af1d083b0b2c5e8cb36d24bfb39c -> 82bd31d966804ddf94755f42eec25c75
  custom:scripting/monoscript/fileName/UnityEngine_Ray2DWrap.cs: 0739f12fd5151febac857f4bf1dfbf4b -> 3948513cbdb210ff5fa49a4b2880e106
  custom:scripting/monoscript/fileName/UnityEngine_ComponentWrap.cs: e27295da2190ed2ebf55b5ac632d7f35 -> 3c3e0b9fedb2878f9f3fac771839136b
  custom:scripting/monoscript/fileName/CustomLoader.cs: 612387837da882e343b6793882f715b4 -> 3c04d951376acd618234995a34635baf
  custom:scripting/monoscript/fileName/BuildFromCLI.cs: a3c0f780c3b3a6e3a59fd5c2a4761ee3 -> ef1665cfd7adbd546e15cd58c9f7c486
  custom:scripting/monoscript/fileName/System_ObjectWrap.cs: c4f7132fadbd7f5f459fdffb106ce8ad -> 9fb5e5ed9e38c23dad1e0232edf0373b
  custom:scripting/monoscript/fileName/XLuaTest_Foo1ParentWrap.cs: 4d06c6c313846bbd2659cf013bd8c081 -> bc3faaa30d66f1a9334279476c37b2a8
  custom:scripting/monoscript/fileName/StatefullTest.cs: ac9082cda8d79beb987af6f68f5d30cd -> 5d22c8326914d95b29e418e9d014cf15
  custom:scripting/monoscript/fileName/InternalGlobals.cs: c7a0f72bef146ff41c15b3b535d6bdf9 -> 009e626d008ed11807341f4cf6fb3a9c
  custom:scripting/monoscript/fileName/XLuaTest_FooExtensionWrap.cs: 0cf66dd4ab170a1f2008f8b97f4f2106 -> 778d9d5cc8332e1d0739618b88aa2bb9
  custom:scripting/monoscript/fileName/DelegateBridge.cs: 59e13ad21dfacf0ee52e76776a9542b7 -> 4daef522f87298a8262553f6fd5bf8f2
  custom:scripting/monoscript/fileName/Foo.cs: b60484b40971b80860ed72eb65234dc1 -> f1cbde57f1c636c66a444cf720c99995
  custom:scripting/monoscript/fileName/UnityEngine_QuaternionWrap.cs: d7776a0aea79cbcec5ba2c36565a1173 -> 2be38f3d0f8715c9babd38533b7cc2f6
  custom:scripting/monoscript/fileName/ExampleGenConfig.cs: 402439a475ab0614d6514789dc967063 -> 2d21554d83bd53efca28765b954d65c7
  custom:scripting/monoscript/fileName/TemplateRef.cs: 894e64faa8518e7345655e4a3a343abf -> e57f72b6ec3c4672428b8339ce53c07a
  custom:scripting/monoscript/fileName/ByString.cs: 83f4bb3773b202a1550c80bc6c09d1a8 -> 71ac2dce49068f904e2150c45e200cdb
  custom:scripting/monoscript/fileName/UnityEngine_AnimationCurveWrap.cs: f2332648b2113d579022f7ac44ddf1a2 -> a1b4a7dab75f49fff03082ff025e4e5e
  custom:scripting/monoscript/fileName/XLuaTest_IExchangerBridge.cs: dbb2be54f36a2496a4425e7ceb90b9b9 -> a1b04ba231b7210d75c48779fb061387
  custom:scripting/monoscript/fileName/LuaBase.cs: fd57dc59c72dd7c1f0204d91abf1345d -> f0e74d4e175e23617aebee3a1fbf3735
  custom:scripting/monoscript/fileName/UnityEngine_LightWrap.cs: d3e76313bbab2d6f78618d0a96177993 -> afdccdb78964e15816bd84ff574e1d72
  custom:scripting/monoscript/fileName/System_Collections_IEnumeratorBridge.cs: e58d0dcf0aa39125fd572da9408c5a63 -> a6b8b2b6997973169c6bebc4e00197c3
  custom:scripting/monoscript/fileName/GenericDelegateBridge.cs: 14979ecd91d982a7d4b63ce8b241a2cb -> 9b33d1c344798966a03eb7d32474259e
  custom:video-encoder-webm-vp8: eb34c28f22e8b96e1ab97ce403110664 -> 
  custom:scripting/monoscript/fileName/LuaCallCs.cs: d69c2b3b74160f3f6c507a63e395d1b8 -> 80d51efbfa90ec9a93bf6c4f217fae70
  custom:scripting/monoscript/fileName/XLuaTest_Foo2ParentWrap.cs: 3cfc8bf6cad7ab5669e86f82da9efffc -> e55fdaf088679107b1602d0f4f018827
  custom:scripting/monoscript/fileName/Tutorial_CSCallLua_ItfDBridge.cs: d05148e45525d393370f3ca919d4cdc0 -> 4e0a8d0795850c18cf92cbc673dc6199
  custom:scripting/monoscript/fileName/UnityEngine_Vector2Wrap.cs: dfd1be4a9f736e54a226859ba85dbc30 -> d8bd11c5df83747314d76d2e1152a25a
  custom:audio-decoder-ogg-vorbis: bf7c407c2cedff20999df2af8eb42d56 -> 
  custom:scripting/monoscript/fileName/UnityEngine_GameObjectWrap.cs: c4cddad80b77cae4a3f64483d25e1457 -> 499beb086fe32ba82bd6b30d04f108ea
  custom:scripting/monoscript/fileName/XLuaTest_NoGcWrap.cs: 7c2153fc9ca9cd0a3cc8b2d8a5de2fcd -> b8ab725f3034c7583c772afc97e73cfe
  custom:scripting/monoscript/fileName/UnityEngine_DebugWrap.cs: a14c41c7fbd7dec62bec687de4c6fe27 -> 2a23054f13a8c643d838dbc57d787e1a
  custom:scripting/monoscript/fileName/TemplateEngine.cs: d4247539e36868281066dc2ffa847cbd -> 196c6eecd2e70276dab2c9a7b0cf2d59
  custom:scripting/monoscript/fileName/UnityEngine_SkinnedMeshRendererWrap.cs: 9ad169117eb1ff375ebe298216e6901c -> e6c3bb62aa80867a3afe5dcbb6224761
  custom:scripting/monoscript/fileName/CopyByValue.cs: 7bf1a1e4b9a6d19c982a86f574107fe4 -> 273cbe68a303e04c83210a0d1b0dbfc8
  custom:scripting/monoscript/fileName/Generator.cs: 5c2a3602a0cfb4641043518ccc18ad89 -> e11eefc36c86800da100cf1a4789c73c
  custom:scripting/monoscript/fileName/SignatureLoaderTest.cs: 37ed863ad0370c096ad98942100ce390 -> 8c9bdabb3430d1beabc1824b7aff6019
  custom:scripting/monoscript/fileName/HotfixTestCfg.cs: 7d41c7a61129380f568a08461036f7c3 -> a7321a5cbaeb2b6b22c71e624ff03625
  custom:scripting/monoscript/fileName/MessageBox.cs: 17d47f136e1a2eb08b8ca17667071821 -> febd8bda4c1c594acb6f720026ed3aee
  custom:scripting/monoscript/fileName/UnityEngine_TextAssetWrap.cs: a895654ec821ef871bab45f0bf4ab1bf -> 96eae3d139831963806db363328bfefe
  custom:scripting/monoscript/fileName/XLuaUnityDefaultConfig.cs: 847f92567dd164ad0f0a1c4536b7e6e7 -> 12ee8270b5ca2ec2875a29a6c838143c
  custom:scripting/monoscript/fileName/UnityEngine_TransformWrap.cs: 1ec7fdf0df78c54383c54d4890267885 -> 50d916bbc9cc3aa204547c1dbcf1b841
  custom:scripting/monoscript/fileName/UnityEngine_RendererWrap.cs: f2bb488dcafa31d4d1829db70de7e3de -> e28d66316639c5d4634a4f4176885c0f
  custom:scripting/monoscript/fileName/LuaFunction.cs: 6bea6a53e0ef7f4c19887edd95529fba -> 9f9e88fec2de37a51bb5cc9b6b08d6b9
  custom:audio-encoder-webm-vorbis: bf7c407c2cedff20999df2af8eb42d56 -> 
  custom:scripting/monoscript/fileName/XLuaTest_LuaBehaviourWrap.cs: eb21b90bdd58645712610184d1a6b02e -> 8a24807dde2ec4b5434d8876b84591df
  custom:scripting/monoscript/fileName/UnityEngine_Vector4Wrap.cs: 4736b1d9605ba5be814644e3bcc9e928 -> e876ed87f63c3dc401e686c851325f69
  custom:scripting/precompiled-assembly-types:Assembly-CSharp-Editor: 8329d2703a1fb80f61cc70ee984418c3 -> f3104d4e56e8a73f04df252396e09d4f
  custom:scripting/monoscript/fileName/XLuaTest_MyStructWrap.cs: 55519c14d8f95433c1b6e262daa1d322 -> bcfe0251bd793e1e64a466467ef9f39d
  custom:scripting/monoscript/fileName/StaticLuaCallbacks.cs: 806d4721af6e97ac563013320c7b3d7a -> 9d25aed2b0bb83738cfec7ef5ea55802
  custom:scripting/monoscript/fileName/UnityEngine_ObjectWrap.cs: acbfc6ebce3660b3cec600cb246312ee -> d239f04268fb712161f840d533347443
  custom:scripting/monoscript/fileName/RawObjectTest.cs: c3d9c6b1a141374366b8d8ccf99991a4 -> af9e06db1e13155c5410c0aa29232eac
  custom:scripting/monoscript/fileName/MethodWarpsCache.cs: a0fd87c86e3eda41e7890d27658be598 -> 182591812fc1e7cc805d3eb126c7629a
  custom:scripting/precompiled-assembly-types:Assembly-CSharp: cfa94845adbe4abbe3ad7874ae813a74 -> 6d2cbbca728bbcc514a1a97e862a8e21
  custom:scripting/monoscript/fileName/Tutorial_ICalcWrap.cs: 9802804745e09aa6d92fbca1a46de55a -> 03d02c9cf202af74271e6b9339f2aa97
========================================================================
Received Prepare
Caller must complete domain reload
Begin MonoManager ReloadAssembly
- Loaded All Assemblies, in  0.625 seconds
Native extension for WindowsStandalone target not found
Mono: successfully reloaded assembly
- Finished resetting the current domain, in  1.132 seconds
Domain Reload Profiling: 1754ms
	BeginReloadAssembly (206ms)
		ExecutionOrderSort (0ms)
		DisableScriptedObjects (4ms)
		BackupInstance (0ms)
		ReleaseScriptingObjects (0ms)
		CreateAndSetChildDomain (32ms)
	RebuildCommonClasses (35ms)
	RebuildNativeTypeToScriptingClass (15ms)
	initialDomainReloadingComplete (30ms)
	LoadAllAssembliesAndSetupDomain (335ms)
		LoadAssemblies (424ms)
		RebuildTransferFunctionScriptingTraits (0ms)
		AnalyzeDomain (46ms)
			TypeCache.Refresh (17ms)
				TypeCache.ScanAssembly (4ms)
			ScanForSourceGeneratedMonoScriptInfo (19ms)
			ResolveRequiredComponents (8ms)
	FinalizeReload (1132ms)
		ReleaseScriptCaches (0ms)
		RebuildScriptCaches (0ms)
		SetupLoadedEditorAssemblies (495ms)
			LogAssemblyErrors (0ms)
			InitializePlatformSupportModulesInManaged (7ms)
			SetLoadedEditorAssemblies (3ms)
			RefreshPlugins (0ms)
			BeforeProcessingInitializeOnLoad (67ms)
			ProcessInitializeOnLoadAttributes (352ms)
			ProcessInitializeOnLoadMethodAttributes (59ms)
			AfterProcessingInitializeOnLoad (8ms)
			EditorAssembliesLoaded (0ms)
		ExecutionOrderSort2 (0ms)
		AwakeInstancesAfterBackupRestoration (8ms)
Refreshing native plugins compatible for Editor in 10.48 ms, found 4 plugins.
Preloading 0 native plugins for Editor in 0.00 ms.
Unloading 4364 Unused Serialized files (Serialized files now loaded: 0)
Unloading 17 unused Assets / (332.0 KB). Loaded Objects now: 4929.
Memory consumption went from 152.4 MB to 152.1 MB.
Total: 3.311400 ms (FindLiveObjects: 0.462700 ms CreateObjectMapping: 0.378600 ms MarkObjects: 2.329100 ms  DeleteObjects: 0.140400 ms)

Prepare: number of updated asset objects reloaded= 0
AssetImportParameters requested are different than current active one (requested -> active):
  custom:scripting/monoscript/fileName/AsyncTest.cs: ba7b296f91a53eb12a2f973e4bfe6187 -> 76ce712e1c4d409aac5fa695d71d244a
  custom:scripting/monoscript/fileName/XLuaTest_InvokeLua_ICalcBridge.cs: 30fde9c3feb0b30e098352b4dfeb9cae -> 39dbaec3aa6ccdef5b8e133e5c8d912d
  custom:scripting/monoscript/fileName/UnityEngine_BehaviourWrap.cs: 50be6300a89da29ca17ad67a2589a5ca -> 07f04650a03b829841e9fab9d7740454
  custom:scripting/monoscript/fileName/CoroutineTest.cs: 8ff63a150c08cc9bc1500a6e3305dabe -> b55b07dbd7b0751be4b88111c51a8597
  custom:scripting/monoscript/fileName/UnityEngine_WaitForSecondsWrap.cs: 14ce79597090ca49f32e5242d176e3e0 -> f924ebf1733d94f4d65590a1a94e6531
  custom:scripting/monoscript/fileName/XLuaTest_PeddingWrap.cs: 904ed3ab876976c36018836c17a5f7cd -> 87db0d803af8b6af633a98194cb11698
  custom:scripting/monoscript/fileName/LuaBehaviour.cs: c26b3945b1b2533a373318992b28370d -> 8501f2955baa2ae1e4b9dc9f246b814a
  custom:container-demuxer-ogg: 62fdf1f143b41e24485cea50d1cbac27 -> 
  custom:scripting/monoscript/fileName/ObjectTranslatorPool.cs: 0fcc88f1a2575820f34ed99efa865239 -> c088e49ccc65541c1471becee0155ecc
  custom:scripting/monoscript/fileName/ByFile.cs: 4175f9d405491cf5cd12d69fd7ad338b -> 6f3dfbef5ea17c4620534958e4e26f3b
  custom:scripting/monoscript/fileName/ObjectCasters.cs: 2e05dcad88217340e3469b49cb484a5e -> 0c1ed1f1cf3d518e5e522f4d874c21c2
  custom:scripting/monoscript/fileName/UnityEngine_Vector3Wrap.cs: ce0a23addf1a2b20f8676787382fe6da -> 63f465b9380555daafea25b4176adba5
  custom:scripting/monoscript/fileName/ReImplementInLua.cs: 95b77c9b6059158d95dc9a7ae2d1cdb1 -> ccd60d267132159582621b9635d9b5d9
  custom:scripting/monoscript/fileName/UnityEngine_RayWrap.cs: 1b2ced459e0f7fe10c0b5b9489be6f35 -> 0b84fbe6cabdb1173feb41e835ef3a40
  custom:scripting/monoscript/fileName/HotfixTest.cs: 1c02fcc866280314c2a4f14c6d154faa -> 3960e9f9315d94bf0223f379bfbd4a4a
  custom:scripting/monoscript/fileName/WrapPusher.cs: 3b3bd77f226a0f893aad8e7367a0f06b -> a7d84f614ae4cd3b956f9b8556cfd18e
  custom:scripting/monoscript/fileName/RawObject.cs: b7277126f2de8ab75c184e0ffceaa264 -> e4d66a2fce5b764d8103d4567ed38606
  custom:scripting/monoscript/fileName/Tutorial_DerivedClassWrap.cs: a9f1f1a33e70d4aca6ed43632ef080bc -> 1a8da11bcfc26039296e071510ba3246
  custom:video-decoder-ogg-theora: a1e56fd34408186e4bbccfd4996cb3dc -> 
  custom:scripting/monoscript/fileName/LuaTable.cs: 831d394b03ebb276485eae65adc1ccd5 -> afc244f7b5f5d0300b37ddf3297901ec
  custom:scripting/monoscript/fileName/XLuaTest_Foo2ChildWrap.cs: f25917eb49d7296a35740a2c6a4d40ec -> 30fab5c82eb5f5ffb38a0a6d668c1895
  custom:framework-win-MediaFoundation: 216162199b28c13a410421893ffa2e32 -> 
  custom:scripting/monoscript/fileName/UnityEngine_TimeWrap.cs: 582bbe1acbebc99abd038879d2ce291a -> 5e744018ad83dc4e6b5341356b280ff7
  custom:scripting/monoscript/fileName/ObjectTranslator.cs: 3684f948a56ed5cf93b0514e484d3f48 -> dd3d0b582d45a9b753aab5e6237efeb3
  custom:scripting/monoscript/fileName/UnityEngine_AnimationClipWrap.cs: 35e9dbce44e2400ca249a1b04e238032 -> 77a92debc688d37d0c76ed29e7849dc6
  custom:scripting/monoscript/fileName/UnityEngine_MonoBehaviourWrap.cs: ab88a4de07d1ed4d6902d46f78a9c2a5 -> 04d351bf9d6db68acd2847f2651b2d6b
  custom:scripting/monoscript/fileName/UnityEngine_MathfWrap.cs: b8423f29ae782d824fe5861eb133fe99 -> 333033f071a58c53b030860e1dc36f4e
  custom:scripting/monoscript/fileName/Helloworld.cs: 0111736be64650c2c199ab4f2d2240c1 -> 5df6067a12a0276271ef7e4b2f46b98d
  custom:scripting/monoscript/fileName/HotfixTest2.cs: 8e85738438913476ef9e5c92cd26daad -> e6fb5855d637d49dacea7216888e03f7
  custom:scripting/monoscript/fileName/LinkXmlGen.cs: 91d69328c4b5d0ada19c3766b1b6ad15 -> f26ca07c1d6ecd8bde6b48a50ed6d393
  custom:scripting/monoscript/fileName/XLuaTest_Foo1ChildWrap.cs: 4e50b7c1fc1d91200bd6d308925718b7 -> 1c5e3d8cdf39c119ce22e5be32eae9dd
  custom:scripting/monoscript/fileName/LuaDLL.cs: a461d359c0f868ea297a4d0e0fa0810d -> 61e98a188b5f49dbf1a755838a97959a
  custom:scripting/monoscript/fileName/GenAttributes.cs: eecd24d8570c09b2ce8b7a7a7f2d3d12 -> d46b0cff88dfb044f17f4aed96768af1
  custom:scripting/monoscript/fileName/UnityEngine_ResourcesWrap.cs: 7881eec03c10cac6aed4968059672b77 -> 698ab99237a4262ce7f88356cded464a
  custom:scripting/monoscript/fileName/ExampleConfig.cs: 01010b4aed93329e34ab2c68a0d8c398 -> 96766ead2b0a0269b4571117ad9e65bc
  custom:scripting/monoscript/fileName/CSCallLua.cs: e37f012e62a4c619428574814b983ced -> 9d2ef4b275968bd22a483233fb8b554e
  custom:scripting/monoscript/fileName/Utils.cs: cf685c01caf3a4f894711b47bbf947e6 -> 55f902a32cb309b7a62f1e16aa1d617d
  custom:CustomObjectIndexerAttribute: 9a22284fe3817be447336de3de66b15e -> 
  custom:scripting/monoscript/fileName/LuaEnv.cs: 39b0b6f887cfc0f9d8b8bab4d9210e8f -> 89231863be1481a3b9e862fc4fbe0062
  custom:scripting/monoscript/fileName/EnumWrap.cs: e1678317fb40b1504377930932a65f00 -> 71aaf938165cbdbb0ac6c90ffee86023
  custom:container-demuxer-webm: 4f35f7cbe854078d1ac9338744f61a02 -> 
  custom:scripting/monoscript/fileName/UnityEngine_ParticleSystemWrap.cs: ea70451eecfa9db0287288ead2570a87 -> eee33c4ac5a2b762ef5a90683fe90f0f
  custom:scripting/monoscript/fileName/LuaException.cs: 1ddffcc2e8b89810add964c77207e13b -> c33171da8599ff6293dbea39eed5f2df
  custom:scripting/monoscript/fileName/InvokeLua.cs: 8d1030f275cd4c779c8aadb220460431 -> 7479efa8aadd7aed0020601aa4374477
  custom:scripting/monoscript/fileName/XLuaTest_BaseTestWrap.cs: 07e45de8fa2ee7650261714b0c2efcd8 -> 4f21680da7e23ca573808ca54815d505
  custom:scripting/monoscript/fileName/UnityEngine_BoundsWrap.cs: 0ac99f7c45b4a0aef916e0e5b49238c9 -> 3dd26eeb95bac2de8ce2da585d995261
  custom:scripting/monoscript/fileName/PackUnpack.cs: 7bf1a1e4b9a6d19c982a86f574107fe4 -> 273cbe68a303e04c83210a0d1b0dbfc8
  custom:scripting/monoscript/fileName/UnityEngine_KeyframeWrap.cs: 198c4d7f205e316a3726e83558840a1d -> f022c20884bfebd1cdba5d0a32b69287
  custom:scripting/monoscript/fileName/DelegatesGensBridge.cs: 14979ecd91d982a7d4b63ce8b241a2cb -> 9b33d1c344798966a03eb7d32474259e
  custom:scripting/monoscript/fileName/SignatureLoader.cs: f9b5b4f501bbc4033b1d26e1c53bc27d -> 2543099e1b7f94e78f488961484e5e52
  custom:scripting/monoscript/fileName/Coroutine_Runner.cs: 931214e1a723b03a7a230109c4225361 -> 690ad48fe9500ae79da028936c127982
  custom:container-muxer-webm: aa71ff27fc2769a1b78a27578f13a17b -> 
  custom:scripting/monoscript/fileName/NoGc.cs: 93f5576a58657b60a9c431df8280450e -> 468686911b292518222c0fc5fca7afd3
  custom:scripting/monoscript/fileName/ObjectPool.cs: bd4befac00d17d6ebf9e5f1d7d75cb4c -> 41af867cc123c070dfe6b15d45bb5402
  custom:video-decoder-webm-vp8: 9c59270c3fd7afecdb556c50c9e8de78 -> 
  custom:scripting/monoscript/fileName/XLuaTest_FooWrap.cs: 94d50054e40ab48511cae7fb0b602c9b -> abbeeb9782209030752aecf7c8307085
  custom:scripting/monoscript/fileName/Report.cs: 3c6fcdd086fb055c4c3456a5e0e35198 -> e51741919754948773e5898850c9f663
  custom:scripting/monoscript/fileName/Tutorial_DerivedClassExtensionsWrap.cs: 8d3a8d18ccf52ef11958b45f9012fc25 -> e71c7199b289862c70f81cc97fad9cd1
  custom:scripting/monoscript/fileName/System_Collections_Generic_List_1_System_Int32_Wrap.cs: 17851e7c00326059ae0787338228160b -> 0d81f6d3ce2afe6f735fa61fb6f44318
  custom:scripting/monoscript/fileName/XLuaGenAutoRegister.cs: d853ef44aabfccb80e0b7c076b61770b -> f7d7a1bdecea0875c31215b468d1ea3c
  custom:SearchIndexIgnoredProperties: e643bd26f0fe6173181afceb89e7c659 -> 
  custom:scripting/monoscript/fileName/UnityEngine_ColorWrap.cs: bd8e985ef59408a673873236ce871e73 -> a2199b901d8d68ac06d36f834d48f0de
  custom:AudioImporter_EditorPlatform: d09bf68614088b80899f8185d706f6e7 -> 
  custom:scripting/monoscript/fileName/GenericMethodExample.cs: 71308a9675c9d31b6584afd047da40d6 -> c3c4960d5a8b500e2f93697b37d06ae2
  custom:scripting/monoscript/fileName/TypeExtensions.cs: 68c704b8c6c4fa976b931eabe81ac9ee -> 6ecc1d6c2137d4648cc597a57d0741c7
  custom:scripting/monoscript/fileName/Tutorial_BaseClassWrap.cs: 0cb2af1d083b0b2c5e8cb36d24bfb39c -> 82bd31d966804ddf94755f42eec25c75
  custom:scripting/monoscript/fileName/UnityEngine_Ray2DWrap.cs: 0739f12fd5151febac857f4bf1dfbf4b -> 3948513cbdb210ff5fa49a4b2880e106
  custom:scripting/monoscript/fileName/UnityEngine_ComponentWrap.cs: e27295da2190ed2ebf55b5ac632d7f35 -> 3c3e0b9fedb2878f9f3fac771839136b
  custom:scripting/monoscript/fileName/CustomLoader.cs: 612387837da882e343b6793882f715b4 -> 3c04d951376acd618234995a34635baf
  custom:scripting/monoscript/fileName/BuildFromCLI.cs: a3c0f780c3b3a6e3a59fd5c2a4761ee3 -> ef1665cfd7adbd546e15cd58c9f7c486
  custom:scripting/monoscript/fileName/System_ObjectWrap.cs: c4f7132fadbd7f5f459fdffb106ce8ad -> 9fb5e5ed9e38c23dad1e0232edf0373b
  custom:scripting/monoscript/fileName/XLuaTest_Foo1ParentWrap.cs: 4d06c6c313846bbd2659cf013bd8c081 -> bc3faaa30d66f1a9334279476c37b2a8
  custom:scripting/monoscript/fileName/StatefullTest.cs: ac9082cda8d79beb987af6f68f5d30cd -> 5d22c8326914d95b29e418e9d014cf15
  custom:scripting/monoscript/fileName/InternalGlobals.cs: c7a0f72bef146ff41c15b3b535d6bdf9 -> 009e626d008ed11807341f4cf6fb3a9c
  custom:scripting/monoscript/fileName/XLuaTest_FooExtensionWrap.cs: 0cf66dd4ab170a1f2008f8b97f4f2106 -> 778d9d5cc8332e1d0739618b88aa2bb9
  custom:scripting/monoscript/fileName/DelegateBridge.cs: 59e13ad21dfacf0ee52e76776a9542b7 -> 4daef522f87298a8262553f6fd5bf8f2
  custom:scripting/monoscript/fileName/Foo.cs: b60484b40971b80860ed72eb65234dc1 -> f1cbde57f1c636c66a444cf720c99995
  custom:scripting/monoscript/fileName/UnityEngine_QuaternionWrap.cs: d7776a0aea79cbcec5ba2c36565a1173 -> 2be38f3d0f8715c9babd38533b7cc2f6
  custom:scripting/monoscript/fileName/ExampleGenConfig.cs: 402439a475ab0614d6514789dc967063 -> 2d21554d83bd53efca28765b954d65c7
  custom:scripting/monoscript/fileName/TemplateRef.cs: 894e64faa8518e7345655e4a3a343abf -> e57f72b6ec3c4672428b8339ce53c07a
  custom:scripting/monoscript/fileName/ByString.cs: 83f4bb3773b202a1550c80bc6c09d1a8 -> 71ac2dce49068f904e2150c45e200cdb
  custom:scripting/monoscript/fileName/UnityEngine_AnimationCurveWrap.cs: f2332648b2113d579022f7ac44ddf1a2 -> a1b4a7dab75f49fff03082ff025e4e5e
  custom:scripting/monoscript/fileName/XLuaTest_IExchangerBridge.cs: dbb2be54f36a2496a4425e7ceb90b9b9 -> a1b04ba231b7210d75c48779fb061387
  custom:scripting/monoscript/fileName/LuaBase.cs: fd57dc59c72dd7c1f0204d91abf1345d -> f0e74d4e175e23617aebee3a1fbf3735
  custom:scripting/monoscript/fileName/UnityEngine_LightWrap.cs: d3e76313bbab2d6f78618d0a96177993 -> afdccdb78964e15816bd84ff574e1d72
  custom:scripting/monoscript/fileName/System_Collections_IEnumeratorBridge.cs: e58d0dcf0aa39125fd572da9408c5a63 -> a6b8b2b6997973169c6bebc4e00197c3
  custom:scripting/monoscript/fileName/GenericDelegateBridge.cs: 14979ecd91d982a7d4b63ce8b241a2cb -> 9b33d1c344798966a03eb7d32474259e
  custom:video-encoder-webm-vp8: eb34c28f22e8b96e1ab97ce403110664 -> 
  custom:scripting/monoscript/fileName/LuaCallCs.cs: d69c2b3b74160f3f6c507a63e395d1b8 -> 80d51efbfa90ec9a93bf6c4f217fae70
  custom:scripting/monoscript/fileName/XLuaTest_Foo2ParentWrap.cs: 3cfc8bf6cad7ab5669e86f82da9efffc -> e55fdaf088679107b1602d0f4f018827
  custom:scripting/monoscript/fileName/Tutorial_CSCallLua_ItfDBridge.cs: d05148e45525d393370f3ca919d4cdc0 -> 4e0a8d0795850c18cf92cbc673dc6199
  custom:scripting/monoscript/fileName/UnityEngine_Vector2Wrap.cs: dfd1be4a9f736e54a226859ba85dbc30 -> d8bd11c5df83747314d76d2e1152a25a
  custom:audio-decoder-ogg-vorbis: bf7c407c2cedff20999df2af8eb42d56 -> 
  custom:scripting/monoscript/fileName/UnityEngine_GameObjectWrap.cs: c4cddad80b77cae4a3f64483d25e1457 -> 499beb086fe32ba82bd6b30d04f108ea
  custom:scripting/monoscript/fileName/XLuaTest_NoGcWrap.cs: 7c2153fc9ca9cd0a3cc8b2d8a5de2fcd -> b8ab725f3034c7583c772afc97e73cfe
  custom:scripting/monoscript/fileName/UnityEngine_DebugWrap.cs: a14c41c7fbd7dec62bec687de4c6fe27 -> 2a23054f13a8c643d838dbc57d787e1a
  custom:scripting/monoscript/fileName/TemplateEngine.cs: d4247539e36868281066dc2ffa847cbd -> 196c6eecd2e70276dab2c9a7b0cf2d59
  custom:scripting/monoscript/fileName/UnityEngine_SkinnedMeshRendererWrap.cs: 9ad169117eb1ff375ebe298216e6901c -> e6c3bb62aa80867a3afe5dcbb6224761
  custom:scripting/monoscript/fileName/CopyByValue.cs: 7bf1a1e4b9a6d19c982a86f574107fe4 -> 273cbe68a303e04c83210a0d1b0dbfc8
  custom:scripting/monoscript/fileName/Generator.cs: 5c2a3602a0cfb4641043518ccc18ad89 -> e11eefc36c86800da100cf1a4789c73c
  custom:scripting/monoscript/fileName/SignatureLoaderTest.cs: 37ed863ad0370c096ad98942100ce390 -> 8c9bdabb3430d1beabc1824b7aff6019
  custom:scripting/monoscript/fileName/HotfixTestCfg.cs: 7d41c7a61129380f568a08461036f7c3 -> a7321a5cbaeb2b6b22c71e624ff03625
  custom:scripting/monoscript/fileName/MessageBox.cs: 17d47f136e1a2eb08b8ca17667071821 -> febd8bda4c1c594acb6f720026ed3aee
  custom:scripting/monoscript/fileName/UnityEngine_TextAssetWrap.cs: a895654ec821ef871bab45f0bf4ab1bf -> 96eae3d139831963806db363328bfefe
  custom:scripting/monoscript/fileName/XLuaUnityDefaultConfig.cs: 847f92567dd164ad0f0a1c4536b7e6e7 -> 12ee8270b5ca2ec2875a29a6c838143c
  custom:scripting/monoscript/fileName/UnityEngine_TransformWrap.cs: 1ec7fdf0df78c54383c54d4890267885 -> 50d916bbc9cc3aa204547c1dbcf1b841
  custom:scripting/monoscript/fileName/UnityEngine_RendererWrap.cs: f2bb488dcafa31d4d1829db70de7e3de -> e28d66316639c5d4634a4f4176885c0f
  custom:scripting/monoscript/fileName/LuaFunction.cs: 6bea6a53e0ef7f4c19887edd95529fba -> 9f9e88fec2de37a51bb5cc9b6b08d6b9
  custom:audio-encoder-webm-vorbis: bf7c407c2cedff20999df2af8eb42d56 -> 
  custom:scripting/monoscript/fileName/XLuaTest_LuaBehaviourWrap.cs: eb21b90bdd58645712610184d1a6b02e -> 8a24807dde2ec4b5434d8876b84591df
  custom:scripting/monoscript/fileName/UnityEngine_Vector4Wrap.cs: 4736b1d9605ba5be814644e3bcc9e928 -> e876ed87f63c3dc401e686c851325f69
  custom:scripting/precompiled-assembly-types:Assembly-CSharp-Editor: 8329d2703a1fb80f61cc70ee984418c3 -> f3104d4e56e8a73f04df252396e09d4f
  custom:scripting/monoscript/fileName/XLuaTest_MyStructWrap.cs: 55519c14d8f95433c1b6e262daa1d322 -> bcfe0251bd793e1e64a466467ef9f39d
  custom:scripting/monoscript/fileName/StaticLuaCallbacks.cs: 806d4721af6e97ac563013320c7b3d7a -> 9d25aed2b0bb83738cfec7ef5ea55802
  custom:scripting/monoscript/fileName/UnityEngine_ObjectWrap.cs: acbfc6ebce3660b3cec600cb246312ee -> d239f04268fb712161f840d533347443
  custom:scripting/monoscript/fileName/RawObjectTest.cs: c3d9c6b1a141374366b8d8ccf99991a4 -> af9e06db1e13155c5410c0aa29232eac
  custom:scripting/monoscript/fileName/MethodWarpsCache.cs: a0fd87c86e3eda41e7890d27658be598 -> 182591812fc1e7cc805d3eb126c7629a
  custom:scripting/precompiled-assembly-types:Assembly-CSharp: 99b328417248fea24142d71679fac050 -> 6d2cbbca728bbcc514a1a97e862a8e21
  custom:scripting/monoscript/fileName/Tutorial_ICalcWrap.cs: 9802804745e09aa6d92fbca1a46de55a -> 03d02c9cf202af74271e6b9339f2aa97
========================================================================
Received Prepare
Refreshing native plugins compatible for Editor in 8.09 ms, found 4 plugins.
Preloading 0 native plugins for Editor in 0.00 ms.
Unloading 4 Unused Serialized files (Serialized files now loaded: 0)
Unloading 4 unused Assets / (312.6 KB). Loaded Objects now: 4929.
Memory consumption went from 84.9 MB to 84.6 MB.
Total: 3.387400 ms (FindLiveObjects: 0.572400 ms CreateObjectMapping: 0.409700 ms MarkObjects: 2.314800 ms  DeleteObjects: 0.089600 ms)

Prepare: number of updated asset objects reloaded= 0
AssetImportParameters requested are different than current active one (requested -> active):
  custom:scripting/monoscript/fileName/AsyncTest.cs: ba7b296f91a53eb12a2f973e4bfe6187 -> 76ce712e1c4d409aac5fa695d71d244a
  custom:scripting/monoscript/fileName/XLuaTest_InvokeLua_ICalcBridge.cs: 30fde9c3feb0b30e098352b4dfeb9cae -> 39dbaec3aa6ccdef5b8e133e5c8d912d
  custom:scripting/monoscript/fileName/UnityEngine_BehaviourWrap.cs: 50be6300a89da29ca17ad67a2589a5ca -> 07f04650a03b829841e9fab9d7740454
  custom:scripting/monoscript/fileName/CoroutineTest.cs: 8ff63a150c08cc9bc1500a6e3305dabe -> b55b07dbd7b0751be4b88111c51a8597
  custom:scripting/monoscript/fileName/UnityEngine_WaitForSecondsWrap.cs: 14ce79597090ca49f32e5242d176e3e0 -> f924ebf1733d94f4d65590a1a94e6531
  custom:scripting/monoscript/fileName/XLuaTest_PeddingWrap.cs: 904ed3ab876976c36018836c17a5f7cd -> 87db0d803af8b6af633a98194cb11698
  custom:scripting/monoscript/fileName/LuaBehaviour.cs: c26b3945b1b2533a373318992b28370d -> 8501f2955baa2ae1e4b9dc9f246b814a
  custom:container-demuxer-ogg: 62fdf1f143b41e24485cea50d1cbac27 -> 
  custom:scripting/monoscript/fileName/ObjectTranslatorPool.cs: 0fcc88f1a2575820f34ed99efa865239 -> c088e49ccc65541c1471becee0155ecc
  custom:scripting/monoscript/fileName/ByFile.cs: 4175f9d405491cf5cd12d69fd7ad338b -> 6f3dfbef5ea17c4620534958e4e26f3b
  custom:scripting/monoscript/fileName/ObjectCasters.cs: 2e05dcad88217340e3469b49cb484a5e -> 0c1ed1f1cf3d518e5e522f4d874c21c2
  custom:scripting/monoscript/fileName/UnityEngine_Vector3Wrap.cs: ce0a23addf1a2b20f8676787382fe6da -> 63f465b9380555daafea25b4176adba5
  custom:scripting/monoscript/fileName/ReImplementInLua.cs: 95b77c9b6059158d95dc9a7ae2d1cdb1 -> ccd60d267132159582621b9635d9b5d9
  custom:scripting/monoscript/fileName/UnityEngine_RayWrap.cs: 1b2ced459e0f7fe10c0b5b9489be6f35 -> 0b84fbe6cabdb1173feb41e835ef3a40
  custom:scripting/monoscript/fileName/HotfixTest.cs: 1c02fcc866280314c2a4f14c6d154faa -> 3960e9f9315d94bf0223f379bfbd4a4a
  custom:scripting/monoscript/fileName/WrapPusher.cs: 3b3bd77f226a0f893aad8e7367a0f06b -> a7d84f614ae4cd3b956f9b8556cfd18e
  custom:scripting/monoscript/fileName/RawObject.cs: b7277126f2de8ab75c184e0ffceaa264 -> e4d66a2fce5b764d8103d4567ed38606
  custom:scripting/monoscript/fileName/Tutorial_DerivedClassWrap.cs: a9f1f1a33e70d4aca6ed43632ef080bc -> 1a8da11bcfc26039296e071510ba3246
  custom:video-decoder-ogg-theora: a1e56fd34408186e4bbccfd4996cb3dc -> 
  custom:scripting/monoscript/fileName/LuaTable.cs: 831d394b03ebb276485eae65adc1ccd5 -> afc244f7b5f5d0300b37ddf3297901ec
  custom:scripting/monoscript/fileName/XLuaTest_Foo2ChildWrap.cs: f25917eb49d7296a35740a2c6a4d40ec -> 30fab5c82eb5f5ffb38a0a6d668c1895
  custom:framework-win-MediaFoundation: 216162199b28c13a410421893ffa2e32 -> 
  custom:scripting/monoscript/fileName/UnityEngine_TimeWrap.cs: 582bbe1acbebc99abd038879d2ce291a -> 5e744018ad83dc4e6b5341356b280ff7
  custom:scripting/monoscript/fileName/ObjectTranslator.cs: 3684f948a56ed5cf93b0514e484d3f48 -> dd3d0b582d45a9b753aab5e6237efeb3
  custom:scripting/monoscript/fileName/UnityEngine_AnimationClipWrap.cs: 35e9dbce44e2400ca249a1b04e238032 -> 77a92debc688d37d0c76ed29e7849dc6
  custom:scripting/monoscript/fileName/UnityEngine_MonoBehaviourWrap.cs: ab88a4de07d1ed4d6902d46f78a9c2a5 -> 04d351bf9d6db68acd2847f2651b2d6b
  custom:scripting/monoscript/fileName/UnityEngine_MathfWrap.cs: b8423f29ae782d824fe5861eb133fe99 -> 333033f071a58c53b030860e1dc36f4e
  custom:scripting/monoscript/fileName/Helloworld.cs: 0111736be64650c2c199ab4f2d2240c1 -> 5df6067a12a0276271ef7e4b2f46b98d
  custom:scripting/monoscript/fileName/HotfixTest2.cs: 8e85738438913476ef9e5c92cd26daad -> e6fb5855d637d49dacea7216888e03f7
  custom:scripting/monoscript/fileName/LinkXmlGen.cs: 91d69328c4b5d0ada19c3766b1b6ad15 -> f26ca07c1d6ecd8bde6b48a50ed6d393
  custom:scripting/monoscript/fileName/XLuaTest_Foo1ChildWrap.cs: 4e50b7c1fc1d91200bd6d308925718b7 -> 1c5e3d8cdf39c119ce22e5be32eae9dd
  custom:scripting/monoscript/fileName/LuaDLL.cs: a461d359c0f868ea297a4d0e0fa0810d -> 61e98a188b5f49dbf1a755838a97959a
  custom:scripting/monoscript/fileName/GenAttributes.cs: eecd24d8570c09b2ce8b7a7a7f2d3d12 -> d46b0cff88dfb044f17f4aed96768af1
  custom:scripting/monoscript/fileName/UnityEngine_ResourcesWrap.cs: 7881eec03c10cac6aed4968059672b77 -> 698ab99237a4262ce7f88356cded464a
  custom:scripting/monoscript/fileName/ExampleConfig.cs: 01010b4aed93329e34ab2c68a0d8c398 -> 96766ead2b0a0269b4571117ad9e65bc
  custom:scripting/monoscript/fileName/CSCallLua.cs: e37f012e62a4c619428574814b983ced -> 9d2ef4b275968bd22a483233fb8b554e
  custom:scripting/monoscript/fileName/Utils.cs: cf685c01caf3a4f894711b47bbf947e6 -> 55f902a32cb309b7a62f1e16aa1d617d
  custom:CustomObjectIndexerAttribute: 9a22284fe3817be447336de3de66b15e -> 
  custom:scripting/monoscript/fileName/LuaEnv.cs: 39b0b6f887cfc0f9d8b8bab4d9210e8f -> 89231863be1481a3b9e862fc4fbe0062
  custom:scripting/monoscript/fileName/EnumWrap.cs: e1678317fb40b1504377930932a65f00 -> 71aaf938165cbdbb0ac6c90ffee86023
  custom:container-demuxer-webm: 4f35f7cbe854078d1ac9338744f61a02 -> 
  custom:scripting/monoscript/fileName/UnityEngine_ParticleSystemWrap.cs: ea70451eecfa9db0287288ead2570a87 -> eee33c4ac5a2b762ef5a90683fe90f0f
  custom:scripting/monoscript/fileName/LuaException.cs: 1ddffcc2e8b89810add964c77207e13b -> c33171da8599ff6293dbea39eed5f2df
  custom:scripting/monoscript/fileName/InvokeLua.cs: 8d1030f275cd4c779c8aadb220460431 -> 7479efa8aadd7aed0020601aa4374477
  custom:scripting/monoscript/fileName/XLuaTest_BaseTestWrap.cs: 07e45de8fa2ee7650261714b0c2efcd8 -> 4f21680da7e23ca573808ca54815d505
  custom:scripting/monoscript/fileName/UnityEngine_BoundsWrap.cs: 0ac99f7c45b4a0aef916e0e5b49238c9 -> 3dd26eeb95bac2de8ce2da585d995261
  custom:scripting/monoscript/fileName/PackUnpack.cs: 7bf1a1e4b9a6d19c982a86f574107fe4 -> 273cbe68a303e04c83210a0d1b0dbfc8
  custom:scripting/monoscript/fileName/UnityEngine_KeyframeWrap.cs: 198c4d7f205e316a3726e83558840a1d -> f022c20884bfebd1cdba5d0a32b69287
  custom:scripting/monoscript/fileName/DelegatesGensBridge.cs: 14979ecd91d982a7d4b63ce8b241a2cb -> 9b33d1c344798966a03eb7d32474259e
  custom:scripting/monoscript/fileName/SignatureLoader.cs: f9b5b4f501bbc4033b1d26e1c53bc27d -> 2543099e1b7f94e78f488961484e5e52
  custom:scripting/monoscript/fileName/Coroutine_Runner.cs: 931214e1a723b03a7a230109c4225361 -> 690ad48fe9500ae79da028936c127982
  custom:container-muxer-webm: aa71ff27fc2769a1b78a27578f13a17b -> 
  custom:scripting/monoscript/fileName/NoGc.cs: 93f5576a58657b60a9c431df8280450e -> 468686911b292518222c0fc5fca7afd3
  custom:scripting/monoscript/fileName/ObjectPool.cs: bd4befac00d17d6ebf9e5f1d7d75cb4c -> 41af867cc123c070dfe6b15d45bb5402
  custom:video-decoder-webm-vp8: 9c59270c3fd7afecdb556c50c9e8de78 -> 
  custom:scripting/monoscript/fileName/XLuaTest_FooWrap.cs: 94d50054e40ab48511cae7fb0b602c9b -> abbeeb9782209030752aecf7c8307085
  custom:scripting/monoscript/fileName/Report.cs: 3c6fcdd086fb055c4c3456a5e0e35198 -> e51741919754948773e5898850c9f663
  custom:scripting/monoscript/fileName/Tutorial_DerivedClassExtensionsWrap.cs: 8d3a8d18ccf52ef11958b45f9012fc25 -> e71c7199b289862c70f81cc97fad9cd1
  custom:scripting/monoscript/fileName/System_Collections_Generic_List_1_System_Int32_Wrap.cs: 17851e7c00326059ae0787338228160b -> 0d81f6d3ce2afe6f735fa61fb6f44318
  custom:scripting/monoscript/fileName/XLuaGenAutoRegister.cs: d853ef44aabfccb80e0b7c076b61770b -> f7d7a1bdecea0875c31215b468d1ea3c
  custom:SearchIndexIgnoredProperties: e643bd26f0fe6173181afceb89e7c659 -> 
  custom:scripting/monoscript/fileName/UnityEngine_ColorWrap.cs: bd8e985ef59408a673873236ce871e73 -> a2199b901d8d68ac06d36f834d48f0de
  custom:AudioImporter_EditorPlatform: d09bf68614088b80899f8185d706f6e7 -> 
  custom:scripting/monoscript/fileName/GenericMethodExample.cs: 71308a9675c9d31b6584afd047da40d6 -> c3c4960d5a8b500e2f93697b37d06ae2
  custom:scripting/monoscript/fileName/TypeExtensions.cs: 68c704b8c6c4fa976b931eabe81ac9ee -> 6ecc1d6c2137d4648cc597a57d0741c7
  custom:scripting/monoscript/fileName/Tutorial_BaseClassWrap.cs: 0cb2af1d083b0b2c5e8cb36d24bfb39c -> 82bd31d966804ddf94755f42eec25c75
  custom:scripting/monoscript/fileName/UnityEngine_Ray2DWrap.cs: 0739f12fd5151febac857f4bf1dfbf4b -> 3948513cbdb210ff5fa49a4b2880e106
  custom:scripting/monoscript/fileName/UnityEngine_ComponentWrap.cs: e27295da2190ed2ebf55b5ac632d7f35 -> 3c3e0b9fedb2878f9f3fac771839136b
  custom:scripting/monoscript/fileName/CustomLoader.cs: 612387837da882e343b6793882f715b4 -> 3c04d951376acd618234995a34635baf
  custom:scripting/monoscript/fileName/BuildFromCLI.cs: a3c0f780c3b3a6e3a59fd5c2a4761ee3 -> ef1665cfd7adbd546e15cd58c9f7c486
  custom:scripting/monoscript/fileName/System_ObjectWrap.cs: c4f7132fadbd7f5f459fdffb106ce8ad -> 9fb5e5ed9e38c23dad1e0232edf0373b
  custom:scripting/monoscript/fileName/XLuaTest_Foo1ParentWrap.cs: 4d06c6c313846bbd2659cf013bd8c081 -> bc3faaa30d66f1a9334279476c37b2a8
  custom:scripting/monoscript/fileName/StatefullTest.cs: ac9082cda8d79beb987af6f68f5d30cd -> 5d22c8326914d95b29e418e9d014cf15
  custom:scripting/monoscript/fileName/InternalGlobals.cs: c7a0f72bef146ff41c15b3b535d6bdf9 -> 009e626d008ed11807341f4cf6fb3a9c
  custom:scripting/monoscript/fileName/XLuaTest_FooExtensionWrap.cs: 0cf66dd4ab170a1f2008f8b97f4f2106 -> 778d9d5cc8332e1d0739618b88aa2bb9
  custom:scripting/monoscript/fileName/DelegateBridge.cs: 59e13ad21dfacf0ee52e76776a9542b7 -> 4daef522f87298a8262553f6fd5bf8f2
  custom:scripting/monoscript/fileName/Foo.cs: b60484b40971b80860ed72eb65234dc1 -> f1cbde57f1c636c66a444cf720c99995
  custom:scripting/monoscript/fileName/UnityEngine_QuaternionWrap.cs: d7776a0aea79cbcec5ba2c36565a1173 -> 2be38f3d0f8715c9babd38533b7cc2f6
  custom:scripting/monoscript/fileName/ExampleGenConfig.cs: 402439a475ab0614d6514789dc967063 -> 2d21554d83bd53efca28765b954d65c7
  custom:scripting/monoscript/fileName/TemplateRef.cs: 894e64faa8518e7345655e4a3a343abf -> e57f72b6ec3c4672428b8339ce53c07a
  custom:scripting/monoscript/fileName/ByString.cs: 83f4bb3773b202a1550c80bc6c09d1a8 -> 71ac2dce49068f904e2150c45e200cdb
  custom:scripting/monoscript/fileName/UnityEngine_AnimationCurveWrap.cs: f2332648b2113d579022f7ac44ddf1a2 -> a1b4a7dab75f49fff03082ff025e4e5e
  custom:scripting/monoscript/fileName/XLuaTest_IExchangerBridge.cs: dbb2be54f36a2496a4425e7ceb90b9b9 -> a1b04ba231b7210d75c48779fb061387
  custom:scripting/monoscript/fileName/LuaBase.cs: fd57dc59c72dd7c1f0204d91abf1345d -> f0e74d4e175e23617aebee3a1fbf3735
  custom:scripting/monoscript/fileName/UnityEngine_LightWrap.cs: d3e76313bbab2d6f78618d0a96177993 -> afdccdb78964e15816bd84ff574e1d72
  custom:scripting/monoscript/fileName/System_Collections_IEnumeratorBridge.cs: e58d0dcf0aa39125fd572da9408c5a63 -> a6b8b2b6997973169c6bebc4e00197c3
  custom:scripting/monoscript/fileName/GenericDelegateBridge.cs: 14979ecd91d982a7d4b63ce8b241a2cb -> 9b33d1c344798966a03eb7d32474259e
  custom:video-encoder-webm-vp8: eb34c28f22e8b96e1ab97ce403110664 -> 
  custom:scripting/monoscript/fileName/LuaCallCs.cs: d69c2b3b74160f3f6c507a63e395d1b8 -> 80d51efbfa90ec9a93bf6c4f217fae70
  custom:scripting/monoscript/fileName/XLuaTest_Foo2ParentWrap.cs: 3cfc8bf6cad7ab5669e86f82da9efffc -> e55fdaf088679107b1602d0f4f018827
  custom:scripting/monoscript/fileName/Tutorial_CSCallLua_ItfDBridge.cs: d05148e45525d393370f3ca919d4cdc0 -> 4e0a8d0795850c18cf92cbc673dc6199
  custom:scripting/monoscript/fileName/UnityEngine_Vector2Wrap.cs: dfd1be4a9f736e54a226859ba85dbc30 -> d8bd11c5df83747314d76d2e1152a25a
  custom:audio-decoder-ogg-vorbis: bf7c407c2cedff20999df2af8eb42d56 -> 
  custom:scripting/monoscript/fileName/UnityEngine_GameObjectWrap.cs: c4cddad80b77cae4a3f64483d25e1457 -> 499beb086fe32ba82bd6b30d04f108ea
  custom:scripting/monoscript/fileName/XLuaTest_NoGcWrap.cs: 7c2153fc9ca9cd0a3cc8b2d8a5de2fcd -> b8ab725f3034c7583c772afc97e73cfe
  custom:scripting/monoscript/fileName/UnityEngine_DebugWrap.cs: a14c41c7fbd7dec62bec687de4c6fe27 -> 2a23054f13a8c643d838dbc57d787e1a
  custom:scripting/monoscript/fileName/TemplateEngine.cs: d4247539e36868281066dc2ffa847cbd -> 196c6eecd2e70276dab2c9a7b0cf2d59
  custom:scripting/monoscript/fileName/UnityEngine_SkinnedMeshRendererWrap.cs: 9ad169117eb1ff375ebe298216e6901c -> e6c3bb62aa80867a3afe5dcbb6224761
  custom:scripting/monoscript/fileName/CopyByValue.cs: 7bf1a1e4b9a6d19c982a86f574107fe4 -> 273cbe68a303e04c83210a0d1b0dbfc8
  custom:scripting/monoscript/fileName/Generator.cs: 5c2a3602a0cfb4641043518ccc18ad89 -> e11eefc36c86800da100cf1a4789c73c
  custom:scripting/monoscript/fileName/SignatureLoaderTest.cs: 37ed863ad0370c096ad98942100ce390 -> 8c9bdabb3430d1beabc1824b7aff6019
  custom:scripting/monoscript/fileName/HotfixTestCfg.cs: 7d41c7a61129380f568a08461036f7c3 -> a7321a5cbaeb2b6b22c71e624ff03625
  custom:scripting/monoscript/fileName/MessageBox.cs: 17d47f136e1a2eb08b8ca17667071821 -> febd8bda4c1c594acb6f720026ed3aee
  custom:scripting/monoscript/fileName/UnityEngine_TextAssetWrap.cs: a895654ec821ef871bab45f0bf4ab1bf -> 96eae3d139831963806db363328bfefe
  custom:scripting/monoscript/fileName/XLuaUnityDefaultConfig.cs: 847f92567dd164ad0f0a1c4536b7e6e7 -> 12ee8270b5ca2ec2875a29a6c838143c
  custom:scripting/monoscript/fileName/UnityEngine_TransformWrap.cs: 1ec7fdf0df78c54383c54d4890267885 -> 50d916bbc9cc3aa204547c1dbcf1b841
  custom:scripting/monoscript/fileName/UnityEngine_RendererWrap.cs: f2bb488dcafa31d4d1829db70de7e3de -> e28d66316639c5d4634a4f4176885c0f
  custom:scripting/monoscript/fileName/LuaFunction.cs: 6bea6a53e0ef7f4c19887edd95529fba -> 9f9e88fec2de37a51bb5cc9b6b08d6b9
  custom:audio-encoder-webm-vorbis: bf7c407c2cedff20999df2af8eb42d56 -> 
  custom:scripting/monoscript/fileName/XLuaTest_LuaBehaviourWrap.cs: eb21b90bdd58645712610184d1a6b02e -> 8a24807dde2ec4b5434d8876b84591df
  custom:scripting/monoscript/fileName/UnityEngine_Vector4Wrap.cs: 4736b1d9605ba5be814644e3bcc9e928 -> e876ed87f63c3dc401e686c851325f69
  custom:scripting/precompiled-assembly-types:Assembly-CSharp-Editor: 8329d2703a1fb80f61cc70ee984418c3 -> f3104d4e56e8a73f04df252396e09d4f
  custom:scripting/monoscript/fileName/XLuaTest_MyStructWrap.cs: 55519c14d8f95433c1b6e262daa1d322 -> bcfe0251bd793e1e64a466467ef9f39d
  custom:scripting/monoscript/fileName/StaticLuaCallbacks.cs: 806d4721af6e97ac563013320c7b3d7a -> 9d25aed2b0bb83738cfec7ef5ea55802
  custom:scripting/monoscript/fileName/UnityEngine_ObjectWrap.cs: acbfc6ebce3660b3cec600cb246312ee -> d239f04268fb712161f840d533347443
  custom:scripting/monoscript/fileName/RawObjectTest.cs: c3d9c6b1a141374366b8d8ccf99991a4 -> af9e06db1e13155c5410c0aa29232eac
  custom:scripting/monoscript/fileName/MethodWarpsCache.cs: a0fd87c86e3eda41e7890d27658be598 -> 182591812fc1e7cc805d3eb126c7629a
  custom:scripting/precompiled-assembly-types:Assembly-CSharp: 99b328417248fea24142d71679fac050 -> 6d2cbbca728bbcc514a1a97e862a8e21
  custom:scripting/monoscript/fileName/Tutorial_ICalcWrap.cs: 9802804745e09aa6d92fbca1a46de55a -> 03d02c9cf202af74271e6b9339f2aa97
========================================================================
Received Prepare
Caller must complete domain reload
Begin MonoManager ReloadAssembly
- Loaded All Assemblies, in  0.632 seconds
Native extension for WindowsStandalone target not found
Mono: successfully reloaded assembly
- Finished resetting the current domain, in  1.221 seconds
Domain Reload Profiling: 1849ms
	BeginReloadAssembly (193ms)
		ExecutionOrderSort (0ms)
		DisableScriptedObjects (4ms)
		BackupInstance (0ms)
		ReleaseScriptingObjects (0ms)
		CreateAndSetChildDomain (35ms)
	RebuildCommonClasses (36ms)
	RebuildNativeTypeToScriptingClass (12ms)
	initialDomainReloadingComplete (40ms)
	LoadAllAssembliesAndSetupDomain (346ms)
		LoadAssemblies (422ms)
		RebuildTransferFunctionScriptingTraits (0ms)
		AnalyzeDomain (37ms)
			TypeCache.Refresh (28ms)
				TypeCache.ScanAssembly (0ms)
			ScanForSourceGeneratedMonoScriptInfo (0ms)
			ResolveRequiredComponents (7ms)
	FinalizeReload (1222ms)
		ReleaseScriptCaches (0ms)
		RebuildScriptCaches (0ms)
		SetupLoadedEditorAssemblies (495ms)
			LogAssemblyErrors (0ms)
			InitializePlatformSupportModulesInManaged (7ms)
			SetLoadedEditorAssemblies (3ms)
			RefreshPlugins (0ms)
			BeforeProcessingInitializeOnLoad (66ms)
			ProcessInitializeOnLoadAttributes (350ms)
			ProcessInitializeOnLoadMethodAttributes (61ms)
			AfterProcessingInitializeOnLoad (8ms)
			EditorAssembliesLoaded (0ms)
		ExecutionOrderSort2 (0ms)
		AwakeInstancesAfterBackupRestoration (8ms)
Refreshing native plugins compatible for Editor in 7.94 ms, found 4 plugins.
Preloading 0 native plugins for Editor in 0.00 ms.
Unloading 4364 Unused Serialized files (Serialized files now loaded: 0)
Unloading 17 unused Assets / (331.9 KB). Loaded Objects now: 4932.
Memory consumption went from 152.4 MB to 152.1 MB.
Total: 4.794600 ms (FindLiveObjects: 0.725300 ms CreateObjectMapping: 0.661600 ms MarkObjects: 3.288700 ms  DeleteObjects: 0.117700 ms)

Prepare: number of updated asset objects reloaded= 0
AssetImportParameters requested are different than current active one (requested -> active):
  custom:scripting/monoscript/fileName/AsyncTest.cs: ba7b296f91a53eb12a2f973e4bfe6187 -> 76ce712e1c4d409aac5fa695d71d244a
  custom:scripting/monoscript/fileName/XLuaTest_InvokeLua_ICalcBridge.cs: 30fde9c3feb0b30e098352b4dfeb9cae -> 39dbaec3aa6ccdef5b8e133e5c8d912d
  custom:scripting/monoscript/fileName/UnityEngine_BehaviourWrap.cs: 50be6300a89da29ca17ad67a2589a5ca -> 07f04650a03b829841e9fab9d7740454
  custom:scripting/monoscript/fileName/CoroutineTest.cs: 8ff63a150c08cc9bc1500a6e3305dabe -> b55b07dbd7b0751be4b88111c51a8597
  custom:scripting/monoscript/fileName/UnityEngine_WaitForSecondsWrap.cs: 14ce79597090ca49f32e5242d176e3e0 -> f924ebf1733d94f4d65590a1a94e6531
  custom:scripting/monoscript/fileName/XLuaTest_PeddingWrap.cs: 904ed3ab876976c36018836c17a5f7cd -> 87db0d803af8b6af633a98194cb11698
  custom:scripting/monoscript/fileName/LuaBehaviour.cs: c26b3945b1b2533a373318992b28370d -> 8501f2955baa2ae1e4b9dc9f246b814a
  custom:container-demuxer-ogg: 62fdf1f143b41e24485cea50d1cbac27 -> 
  custom:scripting/monoscript/fileName/ObjectTranslatorPool.cs: 0fcc88f1a2575820f34ed99efa865239 -> c088e49ccc65541c1471becee0155ecc
  custom:scripting/monoscript/fileName/ByFile.cs: 4175f9d405491cf5cd12d69fd7ad338b -> 6f3dfbef5ea17c4620534958e4e26f3b
  custom:scripting/monoscript/fileName/ObjectCasters.cs: 2e05dcad88217340e3469b49cb484a5e -> 0c1ed1f1cf3d518e5e522f4d874c21c2
  custom:scripting/monoscript/fileName/UnityEngine_Vector3Wrap.cs: ce0a23addf1a2b20f8676787382fe6da -> 63f465b9380555daafea25b4176adba5
  custom:scripting/monoscript/fileName/ReImplementInLua.cs: 95b77c9b6059158d95dc9a7ae2d1cdb1 -> ccd60d267132159582621b9635d9b5d9
  custom:scripting/monoscript/fileName/UnityEngine_RayWrap.cs: 1b2ced459e0f7fe10c0b5b9489be6f35 -> 0b84fbe6cabdb1173feb41e835ef3a40
  custom:scripting/monoscript/fileName/HotfixTest.cs: 1c02fcc866280314c2a4f14c6d154faa -> 3960e9f9315d94bf0223f379bfbd4a4a
  custom:scripting/monoscript/fileName/WrapPusher.cs: 3b3bd77f226a0f893aad8e7367a0f06b -> a7d84f614ae4cd3b956f9b8556cfd18e
  custom:scripting/monoscript/fileName/RawObject.cs: b7277126f2de8ab75c184e0ffceaa264 -> e4d66a2fce5b764d8103d4567ed38606
  custom:scripting/monoscript/fileName/Tutorial_DerivedClassWrap.cs: a9f1f1a33e70d4aca6ed43632ef080bc -> 1a8da11bcfc26039296e071510ba3246
  custom:video-decoder-ogg-theora: a1e56fd34408186e4bbccfd4996cb3dc -> 
  custom:scripting/monoscript/fileName/LuaTable.cs: 831d394b03ebb276485eae65adc1ccd5 -> afc244f7b5f5d0300b37ddf3297901ec
  custom:scripting/monoscript/fileName/XLuaTest_Foo2ChildWrap.cs: f25917eb49d7296a35740a2c6a4d40ec -> 30fab5c82eb5f5ffb38a0a6d668c1895
  custom:framework-win-MediaFoundation: 216162199b28c13a410421893ffa2e32 -> 
  custom:scripting/monoscript/fileName/UnityEngine_TimeWrap.cs: 582bbe1acbebc99abd038879d2ce291a -> 5e744018ad83dc4e6b5341356b280ff7
  custom:scripting/monoscript/fileName/ObjectTranslator.cs: 3684f948a56ed5cf93b0514e484d3f48 -> dd3d0b582d45a9b753aab5e6237efeb3
  custom:scripting/monoscript/fileName/UnityEngine_AnimationClipWrap.cs: 35e9dbce44e2400ca249a1b04e238032 -> 77a92debc688d37d0c76ed29e7849dc6
  custom:scripting/monoscript/fileName/UnityEngine_MonoBehaviourWrap.cs: ab88a4de07d1ed4d6902d46f78a9c2a5 -> 04d351bf9d6db68acd2847f2651b2d6b
  custom:scripting/monoscript/fileName/UnityEngine_MathfWrap.cs: b8423f29ae782d824fe5861eb133fe99 -> 333033f071a58c53b030860e1dc36f4e
  custom:scripting/monoscript/fileName/Helloworld.cs: 0111736be64650c2c199ab4f2d2240c1 -> 5df6067a12a0276271ef7e4b2f46b98d
  custom:scripting/monoscript/fileName/HotfixTest2.cs: 8e85738438913476ef9e5c92cd26daad -> e6fb5855d637d49dacea7216888e03f7
  custom:scripting/monoscript/fileName/LinkXmlGen.cs: 91d69328c4b5d0ada19c3766b1b6ad15 -> f26ca07c1d6ecd8bde6b48a50ed6d393
  custom:scripting/monoscript/fileName/XLuaTest_Foo1ChildWrap.cs: 4e50b7c1fc1d91200bd6d308925718b7 -> 1c5e3d8cdf39c119ce22e5be32eae9dd
  custom:scripting/monoscript/fileName/LuaDLL.cs: a461d359c0f868ea297a4d0e0fa0810d -> 61e98a188b5f49dbf1a755838a97959a
  custom:scripting/monoscript/fileName/GenAttributes.cs: eecd24d8570c09b2ce8b7a7a7f2d3d12 -> d46b0cff88dfb044f17f4aed96768af1
  custom:scripting/monoscript/fileName/UnityEngine_ResourcesWrap.cs: 7881eec03c10cac6aed4968059672b77 -> 698ab99237a4262ce7f88356cded464a
  custom:scripting/monoscript/fileName/ExampleConfig.cs: 01010b4aed93329e34ab2c68a0d8c398 -> 96766ead2b0a0269b4571117ad9e65bc
  custom:scripting/monoscript/fileName/CSCallLua.cs: e37f012e62a4c619428574814b983ced -> 9d2ef4b275968bd22a483233fb8b554e
  custom:scripting/monoscript/fileName/Utils.cs: cf685c01caf3a4f894711b47bbf947e6 -> 55f902a32cb309b7a62f1e16aa1d617d
  custom:CustomObjectIndexerAttribute: 9a22284fe3817be447336de3de66b15e -> 
  custom:scripting/monoscript/fileName/LuaEnv.cs: 39b0b6f887cfc0f9d8b8bab4d9210e8f -> 89231863be1481a3b9e862fc4fbe0062
  custom:scripting/monoscript/fileName/EnumWrap.cs: e1678317fb40b1504377930932a65f00 -> 71aaf938165cbdbb0ac6c90ffee86023
  custom:container-demuxer-webm: 4f35f7cbe854078d1ac9338744f61a02 -> 
  custom:scripting/monoscript/fileName/UnityEngine_ParticleSystemWrap.cs: ea70451eecfa9db0287288ead2570a87 -> eee33c4ac5a2b762ef5a90683fe90f0f
  custom:scripting/monoscript/fileName/LuaException.cs: 1ddffcc2e8b89810add964c77207e13b -> c33171da8599ff6293dbea39eed5f2df
  custom:scripting/monoscript/fileName/InvokeLua.cs: 8d1030f275cd4c779c8aadb220460431 -> 7479efa8aadd7aed0020601aa4374477
  custom:scripting/monoscript/fileName/XLuaTest_BaseTestWrap.cs: 07e45de8fa2ee7650261714b0c2efcd8 -> 4f21680da7e23ca573808ca54815d505
  custom:scripting/monoscript/fileName/UnityEngine_BoundsWrap.cs: 0ac99f7c45b4a0aef916e0e5b49238c9 -> 3dd26eeb95bac2de8ce2da585d995261
  custom:scripting/monoscript/fileName/PackUnpack.cs: 7bf1a1e4b9a6d19c982a86f574107fe4 -> 273cbe68a303e04c83210a0d1b0dbfc8
  custom:scripting/monoscript/fileName/UnityEngine_KeyframeWrap.cs: 198c4d7f205e316a3726e83558840a1d -> f022c20884bfebd1cdba5d0a32b69287
  custom:scripting/monoscript/fileName/DelegatesGensBridge.cs: 14979ecd91d982a7d4b63ce8b241a2cb -> 9b33d1c344798966a03eb7d32474259e
  custom:scripting/monoscript/fileName/SignatureLoader.cs: f9b5b4f501bbc4033b1d26e1c53bc27d -> 2543099e1b7f94e78f488961484e5e52
  custom:scripting/monoscript/fileName/Coroutine_Runner.cs: 931214e1a723b03a7a230109c4225361 -> 690ad48fe9500ae79da028936c127982
  custom:container-muxer-webm: aa71ff27fc2769a1b78a27578f13a17b -> 
  custom:scripting/monoscript/fileName/NoGc.cs: 93f5576a58657b60a9c431df8280450e -> 468686911b292518222c0fc5fca7afd3
  custom:scripting/monoscript/fileName/ObjectPool.cs: bd4befac00d17d6ebf9e5f1d7d75cb4c -> 41af867cc123c070dfe6b15d45bb5402
  custom:video-decoder-webm-vp8: 9c59270c3fd7afecdb556c50c9e8de78 -> 
  custom:scripting/monoscript/fileName/XLuaTest_FooWrap.cs: 94d50054e40ab48511cae7fb0b602c9b -> abbeeb9782209030752aecf7c8307085
  custom:scripting/monoscript/fileName/Report.cs: 3c6fcdd086fb055c4c3456a5e0e35198 -> e51741919754948773e5898850c9f663
  custom:scripting/monoscript/fileName/Tutorial_DerivedClassExtensionsWrap.cs: 8d3a8d18ccf52ef11958b45f9012fc25 -> e71c7199b289862c70f81cc97fad9cd1
  custom:scripting/monoscript/fileName/System_Collections_Generic_List_1_System_Int32_Wrap.cs: 17851e7c00326059ae0787338228160b -> 0d81f6d3ce2afe6f735fa61fb6f44318
  custom:scripting/monoscript/fileName/XLuaGenAutoRegister.cs: d853ef44aabfccb80e0b7c076b61770b -> f7d7a1bdecea0875c31215b468d1ea3c
  custom:SearchIndexIgnoredProperties: e643bd26f0fe6173181afceb89e7c659 -> 
  custom:scripting/monoscript/fileName/UnityEngine_ColorWrap.cs: bd8e985ef59408a673873236ce871e73 -> a2199b901d8d68ac06d36f834d48f0de
  custom:AudioImporter_EditorPlatform: d09bf68614088b80899f8185d706f6e7 -> 
  custom:scripting/monoscript/fileName/GenericMethodExample.cs: 71308a9675c9d31b6584afd047da40d6 -> c3c4960d5a8b500e2f93697b37d06ae2
  custom:scripting/monoscript/fileName/TypeExtensions.cs: 68c704b8c6c4fa976b931eabe81ac9ee -> 6ecc1d6c2137d4648cc597a57d0741c7
  custom:scripting/monoscript/fileName/Tutorial_BaseClassWrap.cs: 0cb2af1d083b0b2c5e8cb36d24bfb39c -> 82bd31d966804ddf94755f42eec25c75
  custom:scripting/monoscript/fileName/UnityEngine_Ray2DWrap.cs: 0739f12fd5151febac857f4bf1dfbf4b -> 3948513cbdb210ff5fa49a4b2880e106
  custom:scripting/monoscript/fileName/UnityEngine_ComponentWrap.cs: e27295da2190ed2ebf55b5ac632d7f35 -> 3c3e0b9fedb2878f9f3fac771839136b
  custom:scripting/monoscript/fileName/CustomLoader.cs: 612387837da882e343b6793882f715b4 -> 3c04d951376acd618234995a34635baf
  custom:scripting/monoscript/fileName/BuildFromCLI.cs: a3c0f780c3b3a6e3a59fd5c2a4761ee3 -> ef1665cfd7adbd546e15cd58c9f7c486
  custom:scripting/monoscript/fileName/System_ObjectWrap.cs: c4f7132fadbd7f5f459fdffb106ce8ad -> 9fb5e5ed9e38c23dad1e0232edf0373b
  custom:scripting/monoscript/fileName/XLuaTest_Foo1ParentWrap.cs: 4d06c6c313846bbd2659cf013bd8c081 -> bc3faaa30d66f1a9334279476c37b2a8
  custom:scripting/monoscript/fileName/StatefullTest.cs: ac9082cda8d79beb987af6f68f5d30cd -> 5d22c8326914d95b29e418e9d014cf15
  custom:scripting/monoscript/fileName/InternalGlobals.cs: c7a0f72bef146ff41c15b3b535d6bdf9 -> 009e626d008ed11807341f4cf6fb3a9c
  custom:scripting/monoscript/fileName/XLuaTest_FooExtensionWrap.cs: 0cf66dd4ab170a1f2008f8b97f4f2106 -> 778d9d5cc8332e1d0739618b88aa2bb9
  custom:scripting/monoscript/fileName/DelegateBridge.cs: 59e13ad21dfacf0ee52e76776a9542b7 -> 4daef522f87298a8262553f6fd5bf8f2
  custom:scripting/monoscript/fileName/Foo.cs: b60484b40971b80860ed72eb65234dc1 -> f1cbde57f1c636c66a444cf720c99995
  custom:scripting/monoscript/fileName/UnityEngine_QuaternionWrap.cs: d7776a0aea79cbcec5ba2c36565a1173 -> 2be38f3d0f8715c9babd38533b7cc2f6
  custom:scripting/monoscript/fileName/ExampleGenConfig.cs: 402439a475ab0614d6514789dc967063 -> 2d21554d83bd53efca28765b954d65c7
  custom:scripting/monoscript/fileName/TemplateRef.cs: 894e64faa8518e7345655e4a3a343abf -> e57f72b6ec3c4672428b8339ce53c07a
  custom:scripting/monoscript/fileName/ByString.cs: 83f4bb3773b202a1550c80bc6c09d1a8 -> 71ac2dce49068f904e2150c45e200cdb
  custom:scripting/monoscript/fileName/UnityEngine_AnimationCurveWrap.cs: f2332648b2113d579022f7ac44ddf1a2 -> a1b4a7dab75f49fff03082ff025e4e5e
  custom:scripting/monoscript/fileName/XLuaTest_IExchangerBridge.cs: dbb2be54f36a2496a4425e7ceb90b9b9 -> a1b04ba231b7210d75c48779fb061387
  custom:scripting/monoscript/fileName/LuaBase.cs: fd57dc59c72dd7c1f0204d91abf1345d -> f0e74d4e175e23617aebee3a1fbf3735
  custom:scripting/monoscript/fileName/UnityEngine_LightWrap.cs: d3e76313bbab2d6f78618d0a96177993 -> afdccdb78964e15816bd84ff574e1d72
  custom:scripting/monoscript/fileName/System_Collections_IEnumeratorBridge.cs: e58d0dcf0aa39125fd572da9408c5a63 -> a6b8b2b6997973169c6bebc4e00197c3
  custom:scripting/monoscript/fileName/GenericDelegateBridge.cs: 14979ecd91d982a7d4b63ce8b241a2cb -> 9b33d1c344798966a03eb7d32474259e
  custom:video-encoder-webm-vp8: eb34c28f22e8b96e1ab97ce403110664 -> 
  custom:scripting/monoscript/fileName/LuaCallCs.cs: d69c2b3b74160f3f6c507a63e395d1b8 -> 80d51efbfa90ec9a93bf6c4f217fae70
  custom:scripting/monoscript/fileName/XLuaTest_Foo2ParentWrap.cs: 3cfc8bf6cad7ab5669e86f82da9efffc -> e55fdaf088679107b1602d0f4f018827
  custom:scripting/monoscript/fileName/Tutorial_CSCallLua_ItfDBridge.cs: d05148e45525d393370f3ca919d4cdc0 -> 4e0a8d0795850c18cf92cbc673dc6199
  custom:scripting/monoscript/fileName/UnityEngine_Vector2Wrap.cs: dfd1be4a9f736e54a226859ba85dbc30 -> d8bd11c5df83747314d76d2e1152a25a
  custom:audio-decoder-ogg-vorbis: bf7c407c2cedff20999df2af8eb42d56 -> 
  custom:scripting/monoscript/fileName/UnityEngine_GameObjectWrap.cs: c4cddad80b77cae4a3f64483d25e1457 -> 499beb086fe32ba82bd6b30d04f108ea
  custom:scripting/monoscript/fileName/XLuaTest_NoGcWrap.cs: 7c2153fc9ca9cd0a3cc8b2d8a5de2fcd -> b8ab725f3034c7583c772afc97e73cfe
  custom:scripting/monoscript/fileName/UnityEngine_DebugWrap.cs: a14c41c7fbd7dec62bec687de4c6fe27 -> 2a23054f13a8c643d838dbc57d787e1a
  custom:scripting/monoscript/fileName/TemplateEngine.cs: d4247539e36868281066dc2ffa847cbd -> 196c6eecd2e70276dab2c9a7b0cf2d59
  custom:scripting/monoscript/fileName/UnityEngine_SkinnedMeshRendererWrap.cs: 9ad169117eb1ff375ebe298216e6901c -> e6c3bb62aa80867a3afe5dcbb6224761
  custom:scripting/monoscript/fileName/CopyByValue.cs: 7bf1a1e4b9a6d19c982a86f574107fe4 -> 273cbe68a303e04c83210a0d1b0dbfc8
  custom:scripting/monoscript/fileName/Generator.cs: 5c2a3602a0cfb4641043518ccc18ad89 -> e11eefc36c86800da100cf1a4789c73c
  custom:scripting/monoscript/fileName/SignatureLoaderTest.cs: 37ed863ad0370c096ad98942100ce390 -> 8c9bdabb3430d1beabc1824b7aff6019
  custom:scripting/monoscript/fileName/HotfixTestCfg.cs: 7d41c7a61129380f568a08461036f7c3 -> a7321a5cbaeb2b6b22c71e624ff03625
  custom:scripting/monoscript/fileName/MessageBox.cs: 17d47f136e1a2eb08b8ca17667071821 -> febd8bda4c1c594acb6f720026ed3aee
  custom:scripting/monoscript/fileName/UnityEngine_TextAssetWrap.cs: a895654ec821ef871bab45f0bf4ab1bf -> 96eae3d139831963806db363328bfefe
  custom:scripting/monoscript/fileName/XLuaUnityDefaultConfig.cs: 847f92567dd164ad0f0a1c4536b7e6e7 -> 12ee8270b5ca2ec2875a29a6c838143c
  custom:scripting/monoscript/fileName/UnityEngine_TransformWrap.cs: 1ec7fdf0df78c54383c54d4890267885 -> 50d916bbc9cc3aa204547c1dbcf1b841
  custom:scripting/monoscript/fileName/UnityEngine_RendererWrap.cs: f2bb488dcafa31d4d1829db70de7e3de -> e28d66316639c5d4634a4f4176885c0f
  custom:scripting/monoscript/fileName/LuaFunction.cs: 6bea6a53e0ef7f4c19887edd95529fba -> 9f9e88fec2de37a51bb5cc9b6b08d6b9
  custom:audio-encoder-webm-vorbis: bf7c407c2cedff20999df2af8eb42d56 -> 
  custom:scripting/monoscript/fileName/XLuaTest_LuaBehaviourWrap.cs: eb21b90bdd58645712610184d1a6b02e -> 8a24807dde2ec4b5434d8876b84591df
  custom:scripting/monoscript/fileName/UnityEngine_Vector4Wrap.cs: 4736b1d9605ba5be814644e3bcc9e928 -> e876ed87f63c3dc401e686c851325f69
  custom:scripting/precompiled-assembly-types:Assembly-CSharp-Editor: 8329d2703a1fb80f61cc70ee984418c3 -> f3104d4e56e8a73f04df252396e09d4f
  custom:scripting/monoscript/fileName/XLuaTest_MyStructWrap.cs: 55519c14d8f95433c1b6e262daa1d322 -> bcfe0251bd793e1e64a466467ef9f39d
  custom:scripting/monoscript/fileName/StaticLuaCallbacks.cs: 806d4721af6e97ac563013320c7b3d7a -> 9d25aed2b0bb83738cfec7ef5ea55802
  custom:scripting/monoscript/fileName/UnityEngine_ObjectWrap.cs: acbfc6ebce3660b3cec600cb246312ee -> d239f04268fb712161f840d533347443
  custom:scripting/monoscript/fileName/RawObjectTest.cs: c3d9c6b1a141374366b8d8ccf99991a4 -> af9e06db1e13155c5410c0aa29232eac
  custom:scripting/monoscript/fileName/MethodWarpsCache.cs: a0fd87c86e3eda41e7890d27658be598 -> 182591812fc1e7cc805d3eb126c7629a
  custom:scripting/precompiled-assembly-types:Assembly-CSharp: 99b328417248fea24142d71679fac050 -> 6d2cbbca728bbcc514a1a97e862a8e21
  custom:scripting/monoscript/fileName/Tutorial_ICalcWrap.cs: 9802804745e09aa6d92fbca1a46de55a -> 03d02c9cf202af74271e6b9339f2aa97
========================================================================
Received Prepare
Caller must complete domain reload
Begin MonoManager ReloadAssembly
- Loaded All Assemblies, in  0.623 seconds
Native extension for WindowsStandalone target not found
Mono: successfully reloaded assembly
- Finished resetting the current domain, in  1.151 seconds
Domain Reload Profiling: 1771ms
	BeginReloadAssembly (186ms)
		ExecutionOrderSort (0ms)
		DisableScriptedObjects (4ms)
		BackupInstance (0ms)
		ReleaseScriptingObjects (0ms)
		CreateAndSetChildDomain (43ms)
	RebuildCommonClasses (33ms)
	RebuildNativeTypeToScriptingClass (10ms)
	initialDomainReloadingComplete (39ms)
	LoadAllAssembliesAndSetupDomain (353ms)
		LoadAssemblies (409ms)
		RebuildTransferFunctionScriptingTraits (0ms)
		AnalyzeDomain (48ms)
			TypeCache.Refresh (22ms)
				TypeCache.ScanAssembly (2ms)
			ScanForSourceGeneratedMonoScriptInfo (14ms)
			ResolveRequiredComponents (11ms)
	FinalizeReload (1151ms)
		ReleaseScriptCaches (0ms)
		RebuildScriptCaches (0ms)
		SetupLoadedEditorAssemblies (500ms)
			LogAssemblyErrors (0ms)
			InitializePlatformSupportModulesInManaged (5ms)
			SetLoadedEditorAssemblies (3ms)
			RefreshPlugins (0ms)
			BeforeProcessingInitializeOnLoad (64ms)
			ProcessInitializeOnLoadAttributes (355ms)
			ProcessInitializeOnLoadMethodAttributes (65ms)
			AfterProcessingInitializeOnLoad (7ms)
			EditorAssembliesLoaded (0ms)
		ExecutionOrderSort2 (0ms)
		AwakeInstancesAfterBackupRestoration (6ms)
Refreshing native plugins compatible for Editor in 7.44 ms, found 4 plugins.
Preloading 0 native plugins for Editor in 0.00 ms.
Unloading 4311 Unused Serialized files (Serialized files now loaded: 0)
Unloading 70 unused Assets / (359.9 KB). Loaded Objects now: 4882.
Memory consumption went from 151.5 MB to 151.2 MB.
Total: 6.495600 ms (FindLiveObjects: 1.275900 ms CreateObjectMapping: 1.391300 ms MarkObjects: 3.550200 ms  DeleteObjects: 0.275800 ms)

Prepare: number of updated asset objects reloaded= 0
AssetImportParameters requested are different than current active one (requested -> active):
  custom:scripting/monoscript/fileName/AsyncTest.cs: ba7b296f91a53eb12a2f973e4bfe6187 -> 76ce712e1c4d409aac5fa695d71d244a
  custom:scripting/monoscript/fileName/XLuaTest_InvokeLua_ICalcBridge.cs: 30fde9c3feb0b30e098352b4dfeb9cae -> 39dbaec3aa6ccdef5b8e133e5c8d912d
  custom:scripting/monoscript/fileName/UnityEngine_BehaviourWrap.cs: 50be6300a89da29ca17ad67a2589a5ca -> 07f04650a03b829841e9fab9d7740454
  custom:scripting/monoscript/fileName/CoroutineTest.cs: 8ff63a150c08cc9bc1500a6e3305dabe -> b55b07dbd7b0751be4b88111c51a8597
  custom:scripting/monoscript/fileName/UnityEngine_WaitForSecondsWrap.cs: 14ce79597090ca49f32e5242d176e3e0 -> f924ebf1733d94f4d65590a1a94e6531
  custom:scripting/monoscript/fileName/XLuaTest_PeddingWrap.cs: 904ed3ab876976c36018836c17a5f7cd -> 87db0d803af8b6af633a98194cb11698
  custom:scripting/monoscript/fileName/LuaBehaviour.cs: c26b3945b1b2533a373318992b28370d -> 8501f2955baa2ae1e4b9dc9f246b814a
  custom:container-demuxer-ogg: 62fdf1f143b41e24485cea50d1cbac27 -> 
  custom:scripting/monoscript/fileName/ObjectTranslatorPool.cs: 0fcc88f1a2575820f34ed99efa865239 -> c088e49ccc65541c1471becee0155ecc
  custom:scripting/monoscript/fileName/ByFile.cs: 4175f9d405491cf5cd12d69fd7ad338b -> 6f3dfbef5ea17c4620534958e4e26f3b
  custom:scripting/monoscript/fileName/ObjectCasters.cs: 2e05dcad88217340e3469b49cb484a5e -> 0c1ed1f1cf3d518e5e522f4d874c21c2
  custom:scripting/monoscript/fileName/UnityEngine_Vector3Wrap.cs: ce0a23addf1a2b20f8676787382fe6da -> 63f465b9380555daafea25b4176adba5
  custom:scripting/monoscript/fileName/ReImplementInLua.cs: 95b77c9b6059158d95dc9a7ae2d1cdb1 -> ccd60d267132159582621b9635d9b5d9
  custom:scripting/monoscript/fileName/UnityEngine_RayWrap.cs: 1b2ced459e0f7fe10c0b5b9489be6f35 -> 0b84fbe6cabdb1173feb41e835ef3a40
  custom:scripting/monoscript/fileName/HotfixTest.cs: 1c02fcc866280314c2a4f14c6d154faa -> 3960e9f9315d94bf0223f379bfbd4a4a
  custom:scripting/monoscript/fileName/WrapPusher.cs: 3b3bd77f226a0f893aad8e7367a0f06b -> a7d84f614ae4cd3b956f9b8556cfd18e
  custom:scripting/monoscript/fileName/RawObject.cs: b7277126f2de8ab75c184e0ffceaa264 -> e4d66a2fce5b764d8103d4567ed38606
  custom:scripting/monoscript/fileName/Tutorial_DerivedClassWrap.cs: a9f1f1a33e70d4aca6ed43632ef080bc -> 1a8da11bcfc26039296e071510ba3246
  custom:video-decoder-ogg-theora: a1e56fd34408186e4bbccfd4996cb3dc -> 
  custom:scripting/monoscript/fileName/LuaTable.cs: 831d394b03ebb276485eae65adc1ccd5 -> afc244f7b5f5d0300b37ddf3297901ec
  custom:scripting/monoscript/fileName/XLuaTest_Foo2ChildWrap.cs: f25917eb49d7296a35740a2c6a4d40ec -> 30fab5c82eb5f5ffb38a0a6d668c1895
  custom:framework-win-MediaFoundation: 216162199b28c13a410421893ffa2e32 -> 
  custom:scripting/monoscript/fileName/UnityEngine_TimeWrap.cs: 582bbe1acbebc99abd038879d2ce291a -> 5e744018ad83dc4e6b5341356b280ff7
  custom:scripting/monoscript/fileName/ObjectTranslator.cs: 3684f948a56ed5cf93b0514e484d3f48 -> dd3d0b582d45a9b753aab5e6237efeb3
  custom:scripting/monoscript/fileName/UnityEngine_AnimationClipWrap.cs: 35e9dbce44e2400ca249a1b04e238032 -> 77a92debc688d37d0c76ed29e7849dc6
  custom:scripting/monoscript/fileName/UnityEngine_MonoBehaviourWrap.cs: ab88a4de07d1ed4d6902d46f78a9c2a5 -> 04d351bf9d6db68acd2847f2651b2d6b
  custom:scripting/monoscript/fileName/UnityEngine_MathfWrap.cs: b8423f29ae782d824fe5861eb133fe99 -> 333033f071a58c53b030860e1dc36f4e
  custom:scripting/monoscript/fileName/Helloworld.cs: 0111736be64650c2c199ab4f2d2240c1 -> 5df6067a12a0276271ef7e4b2f46b98d
  custom:scripting/monoscript/fileName/HotfixTest2.cs: 8e85738438913476ef9e5c92cd26daad -> e6fb5855d637d49dacea7216888e03f7
  custom:scripting/monoscript/fileName/LinkXmlGen.cs: 91d69328c4b5d0ada19c3766b1b6ad15 -> f26ca07c1d6ecd8bde6b48a50ed6d393
  custom:scripting/monoscript/fileName/XLuaTest_Foo1ChildWrap.cs: 4e50b7c1fc1d91200bd6d308925718b7 -> 1c5e3d8cdf39c119ce22e5be32eae9dd
  custom:scripting/monoscript/fileName/LuaDLL.cs: a461d359c0f868ea297a4d0e0fa0810d -> 61e98a188b5f49dbf1a755838a97959a
  custom:scripting/monoscript/fileName/GenAttributes.cs: eecd24d8570c09b2ce8b7a7a7f2d3d12 -> d46b0cff88dfb044f17f4aed96768af1
  custom:scripting/monoscript/fileName/UnityEngine_ResourcesWrap.cs: 7881eec03c10cac6aed4968059672b77 -> 698ab99237a4262ce7f88356cded464a
  custom:scripting/monoscript/fileName/ExampleConfig.cs: 01010b4aed93329e34ab2c68a0d8c398 -> 96766ead2b0a0269b4571117ad9e65bc
  custom:scripting/monoscript/fileName/CSCallLua.cs: e37f012e62a4c619428574814b983ced -> 9d2ef4b275968bd22a483233fb8b554e
  custom:scripting/monoscript/fileName/Utils.cs: cf685c01caf3a4f894711b47bbf947e6 -> 55f902a32cb309b7a62f1e16aa1d617d
  custom:CustomObjectIndexerAttribute: 9a22284fe3817be447336de3de66b15e -> 
  custom:scripting/monoscript/fileName/LuaEnv.cs: 39b0b6f887cfc0f9d8b8bab4d9210e8f -> 89231863be1481a3b9e862fc4fbe0062
  custom:scripting/monoscript/fileName/EnumWrap.cs: e1678317fb40b1504377930932a65f00 -> 71aaf938165cbdbb0ac6c90ffee86023
  custom:container-demuxer-webm: 4f35f7cbe854078d1ac9338744f61a02 -> 
  custom:scripting/monoscript/fileName/UnityEngine_ParticleSystemWrap.cs: ea70451eecfa9db0287288ead2570a87 -> eee33c4ac5a2b762ef5a90683fe90f0f
  custom:scripting/monoscript/fileName/LuaException.cs: 1ddffcc2e8b89810add964c77207e13b -> c33171da8599ff6293dbea39eed5f2df
  custom:scripting/monoscript/fileName/InvokeLua.cs: 8d1030f275cd4c779c8aadb220460431 -> 7479efa8aadd7aed0020601aa4374477
  custom:scripting/monoscript/fileName/XLuaTest_BaseTestWrap.cs: 07e45de8fa2ee7650261714b0c2efcd8 -> 4f21680da7e23ca573808ca54815d505
  custom:scripting/monoscript/fileName/UnityEngine_BoundsWrap.cs: 0ac99f7c45b4a0aef916e0e5b49238c9 -> 3dd26eeb95bac2de8ce2da585d995261
  custom:scripting/monoscript/fileName/PackUnpack.cs: 7bf1a1e4b9a6d19c982a86f574107fe4 -> 273cbe68a303e04c83210a0d1b0dbfc8
  custom:scripting/monoscript/fileName/UnityEngine_KeyframeWrap.cs: 198c4d7f205e316a3726e83558840a1d -> f022c20884bfebd1cdba5d0a32b69287
  custom:scripting/monoscript/fileName/DelegatesGensBridge.cs: 14979ecd91d982a7d4b63ce8b241a2cb -> 9b33d1c344798966a03eb7d32474259e
  custom:scripting/monoscript/fileName/SignatureLoader.cs: f9b5b4f501bbc4033b1d26e1c53bc27d -> 2543099e1b7f94e78f488961484e5e52
  custom:scripting/monoscript/fileName/Coroutine_Runner.cs: 931214e1a723b03a7a230109c4225361 -> 690ad48fe9500ae79da028936c127982
  custom:container-muxer-webm: aa71ff27fc2769a1b78a27578f13a17b -> 
  custom:scripting/monoscript/fileName/NoGc.cs: 93f5576a58657b60a9c431df8280450e -> 468686911b292518222c0fc5fca7afd3
  custom:scripting/monoscript/fileName/ObjectPool.cs: bd4befac00d17d6ebf9e5f1d7d75cb4c -> 41af867cc123c070dfe6b15d45bb5402
  custom:video-decoder-webm-vp8: 9c59270c3fd7afecdb556c50c9e8de78 -> 
  custom:scripting/monoscript/fileName/XLuaTest_FooWrap.cs: 94d50054e40ab48511cae7fb0b602c9b -> abbeeb9782209030752aecf7c8307085
  custom:scripting/monoscript/fileName/Report.cs: 3c6fcdd086fb055c4c3456a5e0e35198 -> e51741919754948773e5898850c9f663
  custom:scripting/monoscript/fileName/Tutorial_DerivedClassExtensionsWrap.cs: 8d3a8d18ccf52ef11958b45f9012fc25 -> e71c7199b289862c70f81cc97fad9cd1
  custom:scripting/monoscript/fileName/System_Collections_Generic_List_1_System_Int32_Wrap.cs: 17851e7c00326059ae0787338228160b -> 0d81f6d3ce2afe6f735fa61fb6f44318
  custom:scripting/monoscript/fileName/XLuaGenAutoRegister.cs: d853ef44aabfccb80e0b7c076b61770b -> f7d7a1bdecea0875c31215b468d1ea3c
  custom:SearchIndexIgnoredProperties: e643bd26f0fe6173181afceb89e7c659 -> 
  custom:scripting/monoscript/fileName/UnityEngine_ColorWrap.cs: bd8e985ef59408a673873236ce871e73 -> a2199b901d8d68ac06d36f834d48f0de
  custom:AudioImporter_EditorPlatform: d09bf68614088b80899f8185d706f6e7 -> 
  custom:scripting/monoscript/fileName/GenericMethodExample.cs: 71308a9675c9d31b6584afd047da40d6 -> c3c4960d5a8b500e2f93697b37d06ae2
  custom:scripting/monoscript/fileName/TypeExtensions.cs: 68c704b8c6c4fa976b931eabe81ac9ee -> 6ecc1d6c2137d4648cc597a57d0741c7
  custom:scripting/monoscript/fileName/Tutorial_BaseClassWrap.cs: 0cb2af1d083b0b2c5e8cb36d24bfb39c -> 82bd31d966804ddf94755f42eec25c75
  custom:scripting/monoscript/fileName/UnityEngine_Ray2DWrap.cs: 0739f12fd5151febac857f4bf1dfbf4b -> 3948513cbdb210ff5fa49a4b2880e106
  custom:scripting/monoscript/fileName/UnityEngine_ComponentWrap.cs: e27295da2190ed2ebf55b5ac632d7f35 -> 3c3e0b9fedb2878f9f3fac771839136b
  custom:scripting/monoscript/fileName/CustomLoader.cs: 612387837da882e343b6793882f715b4 -> 3c04d951376acd618234995a34635baf
  custom:scripting/monoscript/fileName/BuildFromCLI.cs: a3c0f780c3b3a6e3a59fd5c2a4761ee3 -> ef1665cfd7adbd546e15cd58c9f7c486
  custom:scripting/monoscript/fileName/System_ObjectWrap.cs: c4f7132fadbd7f5f459fdffb106ce8ad -> 9fb5e5ed9e38c23dad1e0232edf0373b
  custom:scripting/monoscript/fileName/XLuaTest_Foo1ParentWrap.cs: 4d06c6c313846bbd2659cf013bd8c081 -> bc3faaa30d66f1a9334279476c37b2a8
  custom:scripting/monoscript/fileName/StatefullTest.cs: ac9082cda8d79beb987af6f68f5d30cd -> 5d22c8326914d95b29e418e9d014cf15
  custom:scripting/monoscript/fileName/InternalGlobals.cs: c7a0f72bef146ff41c15b3b535d6bdf9 -> 009e626d008ed11807341f4cf6fb3a9c
  custom:scripting/monoscript/fileName/XLuaTest_FooExtensionWrap.cs: 0cf66dd4ab170a1f2008f8b97f4f2106 -> 778d9d5cc8332e1d0739618b88aa2bb9
  custom:scripting/monoscript/fileName/DelegateBridge.cs: 59e13ad21dfacf0ee52e76776a9542b7 -> 4daef522f87298a8262553f6fd5bf8f2
  custom:scripting/monoscript/fileName/Foo.cs: b60484b40971b80860ed72eb65234dc1 -> f1cbde57f1c636c66a444cf720c99995
  custom:scripting/monoscript/fileName/UnityEngine_QuaternionWrap.cs: d7776a0aea79cbcec5ba2c36565a1173 -> 2be38f3d0f8715c9babd38533b7cc2f6
  custom:scripting/monoscript/fileName/ExampleGenConfig.cs: 402439a475ab0614d6514789dc967063 -> 2d21554d83bd53efca28765b954d65c7
  custom:scripting/monoscript/fileName/TemplateRef.cs: 894e64faa8518e7345655e4a3a343abf -> e57f72b6ec3c4672428b8339ce53c07a
  custom:scripting/monoscript/fileName/ByString.cs: 83f4bb3773b202a1550c80bc6c09d1a8 -> 71ac2dce49068f904e2150c45e200cdb
  custom:scripting/monoscript/fileName/UnityEngine_AnimationCurveWrap.cs: f2332648b2113d579022f7ac44ddf1a2 -> a1b4a7dab75f49fff03082ff025e4e5e
  custom:scripting/monoscript/fileName/XLuaTest_IExchangerBridge.cs: dbb2be54f36a2496a4425e7ceb90b9b9 -> a1b04ba231b7210d75c48779fb061387
  custom:scripting/monoscript/fileName/LuaBase.cs: fd57dc59c72dd7c1f0204d91abf1345d -> f0e74d4e175e23617aebee3a1fbf3735
  custom:scripting/monoscript/fileName/UnityEngine_LightWrap.cs: d3e76313bbab2d6f78618d0a96177993 -> afdccdb78964e15816bd84ff574e1d72
  custom:scripting/monoscript/fileName/System_Collections_IEnumeratorBridge.cs: e58d0dcf0aa39125fd572da9408c5a63 -> a6b8b2b6997973169c6bebc4e00197c3
  custom:scripting/monoscript/fileName/GenericDelegateBridge.cs: 14979ecd91d982a7d4b63ce8b241a2cb -> 9b33d1c344798966a03eb7d32474259e
  custom:video-encoder-webm-vp8: eb34c28f22e8b96e1ab97ce403110664 -> 
  custom:scripting/monoscript/fileName/LuaCallCs.cs: d69c2b3b74160f3f6c507a63e395d1b8 -> 80d51efbfa90ec9a93bf6c4f217fae70
  custom:scripting/monoscript/fileName/XLuaTest_Foo2ParentWrap.cs: 3cfc8bf6cad7ab5669e86f82da9efffc -> e55fdaf088679107b1602d0f4f018827
  custom:scripting/monoscript/fileName/Tutorial_CSCallLua_ItfDBridge.cs: d05148e45525d393370f3ca919d4cdc0 -> 4e0a8d0795850c18cf92cbc673dc6199
  custom:scripting/monoscript/fileName/UnityEngine_Vector2Wrap.cs: dfd1be4a9f736e54a226859ba85dbc30 -> d8bd11c5df83747314d76d2e1152a25a
  custom:audio-decoder-ogg-vorbis: bf7c407c2cedff20999df2af8eb42d56 -> 
  custom:scripting/monoscript/fileName/UnityEngine_GameObjectWrap.cs: c4cddad80b77cae4a3f64483d25e1457 -> 499beb086fe32ba82bd6b30d04f108ea
  custom:scripting/monoscript/fileName/XLuaTest_NoGcWrap.cs: 7c2153fc9ca9cd0a3cc8b2d8a5de2fcd -> b8ab725f3034c7583c772afc97e73cfe
  custom:scripting/monoscript/fileName/UnityEngine_DebugWrap.cs: a14c41c7fbd7dec62bec687de4c6fe27 -> 2a23054f13a8c643d838dbc57d787e1a
  custom:scripting/monoscript/fileName/TemplateEngine.cs: d4247539e36868281066dc2ffa847cbd -> 196c6eecd2e70276dab2c9a7b0cf2d59
  custom:scripting/monoscript/fileName/UnityEngine_SkinnedMeshRendererWrap.cs: 9ad169117eb1ff375ebe298216e6901c -> e6c3bb62aa80867a3afe5dcbb6224761
  custom:scripting/monoscript/fileName/CopyByValue.cs: 7bf1a1e4b9a6d19c982a86f574107fe4 -> 273cbe68a303e04c83210a0d1b0dbfc8
  custom:scripting/monoscript/fileName/Generator.cs: 5c2a3602a0cfb4641043518ccc18ad89 -> e11eefc36c86800da100cf1a4789c73c
  custom:scripting/monoscript/fileName/SignatureLoaderTest.cs: 37ed863ad0370c096ad98942100ce390 -> 8c9bdabb3430d1beabc1824b7aff6019
  custom:scripting/monoscript/fileName/HotfixTestCfg.cs: 7d41c7a61129380f568a08461036f7c3 -> a7321a5cbaeb2b6b22c71e624ff03625
  custom:scripting/monoscript/fileName/MessageBox.cs: 17d47f136e1a2eb08b8ca17667071821 -> febd8bda4c1c594acb6f720026ed3aee
  custom:scripting/monoscript/fileName/UnityEngine_TextAssetWrap.cs: a895654ec821ef871bab45f0bf4ab1bf -> 96eae3d139831963806db363328bfefe
  custom:scripting/monoscript/fileName/XLuaUnityDefaultConfig.cs: 847f92567dd164ad0f0a1c4536b7e6e7 -> 12ee8270b5ca2ec2875a29a6c838143c
  custom:scripting/monoscript/fileName/UnityEngine_TransformWrap.cs: 1ec7fdf0df78c54383c54d4890267885 -> 50d916bbc9cc3aa204547c1dbcf1b841
  custom:scripting/monoscript/fileName/UnityEngine_RendererWrap.cs: f2bb488dcafa31d4d1829db70de7e3de -> e28d66316639c5d4634a4f4176885c0f
  custom:scripting/monoscript/fileName/LuaFunction.cs: 6bea6a53e0ef7f4c19887edd95529fba -> 9f9e88fec2de37a51bb5cc9b6b08d6b9
  custom:audio-encoder-webm-vorbis: bf7c407c2cedff20999df2af8eb42d56 -> 
  custom:scripting/monoscript/fileName/XLuaTest_LuaBehaviourWrap.cs: eb21b90bdd58645712610184d1a6b02e -> 8a24807dde2ec4b5434d8876b84591df
  custom:scripting/monoscript/fileName/UnityEngine_Vector4Wrap.cs: 4736b1d9605ba5be814644e3bcc9e928 -> e876ed87f63c3dc401e686c851325f69
  custom:scripting/precompiled-assembly-types:Assembly-CSharp-Editor: 8329d2703a1fb80f61cc70ee984418c3 -> f3104d4e56e8a73f04df252396e09d4f
  custom:scripting/monoscript/fileName/XLuaTest_MyStructWrap.cs: 55519c14d8f95433c1b6e262daa1d322 -> bcfe0251bd793e1e64a466467ef9f39d
  custom:scripting/monoscript/fileName/StaticLuaCallbacks.cs: 806d4721af6e97ac563013320c7b3d7a -> 9d25aed2b0bb83738cfec7ef5ea55802
  custom:scripting/monoscript/fileName/UnityEngine_ObjectWrap.cs: acbfc6ebce3660b3cec600cb246312ee -> d239f04268fb712161f840d533347443
  custom:scripting/monoscript/fileName/RawObjectTest.cs: c3d9c6b1a141374366b8d8ccf99991a4 -> af9e06db1e13155c5410c0aa29232eac
  custom:scripting/monoscript/fileName/MethodWarpsCache.cs: a0fd87c86e3eda41e7890d27658be598 -> 182591812fc1e7cc805d3eb126c7629a
  custom:scripting/precompiled-assembly-types:Assembly-CSharp: cfa94845adbe4abbe3ad7874ae813a74 -> 6d2cbbca728bbcc514a1a97e862a8e21
  custom:scripting/monoscript/fileName/Tutorial_ICalcWrap.cs: 9802804745e09aa6d92fbca1a46de55a -> 03d02c9cf202af74271e6b9339f2aa97
========================================================================
Received Prepare
Caller must complete domain reload
Begin MonoManager ReloadAssembly
- Loaded All Assemblies, in  0.648 seconds
Native extension for WindowsStandalone target not found
Mono: successfully reloaded assembly
- Finished resetting the current domain, in  1.152 seconds
Domain Reload Profiling: 1797ms
	BeginReloadAssembly (208ms)
		ExecutionOrderSort (0ms)
		DisableScriptedObjects (5ms)
		BackupInstance (0ms)
		ReleaseScriptingObjects (0ms)
		CreateAndSetChildDomain (48ms)
	RebuildCommonClasses (39ms)
	RebuildNativeTypeToScriptingClass (11ms)
	initialDomainReloadingComplete (38ms)
	LoadAllAssembliesAndSetupDomain (348ms)
		LoadAssemblies (414ms)
		RebuildTransferFunctionScriptingTraits (0ms)
		AnalyzeDomain (53ms)
			TypeCache.Refresh (23ms)
				TypeCache.ScanAssembly (6ms)
			ScanForSourceGeneratedMonoScriptInfo (21ms)
			ResolveRequiredComponents (7ms)
	FinalizeReload (1153ms)
		ReleaseScriptCaches (0ms)
		RebuildScriptCaches (0ms)
		SetupLoadedEditorAssemblies (500ms)
			LogAssemblyErrors (0ms)
			InitializePlatformSupportModulesInManaged (7ms)
			SetLoadedEditorAssemblies (3ms)
			RefreshPlugins (0ms)
			BeforeProcessingInitializeOnLoad (69ms)
			ProcessInitializeOnLoadAttributes (348ms)
			ProcessInitializeOnLoadMethodAttributes (65ms)
			AfterProcessingInitializeOnLoad (7ms)
			EditorAssembliesLoaded (1ms)
		ExecutionOrderSort2 (0ms)
		AwakeInstancesAfterBackupRestoration (10ms)
Refreshing native plugins compatible for Editor in 7.63 ms, found 4 plugins.
Preloading 0 native plugins for Editor in 0.00 ms.
Unloading 4364 Unused Serialized files (Serialized files now loaded: 0)
Unloading 17 unused Assets / (332.1 KB). Loaded Objects now: 4938.
Memory consumption went from 152.4 MB to 152.1 MB.
Total: 3.005500 ms (FindLiveObjects: 0.379700 ms CreateObjectMapping: 0.306100 ms MarkObjects: 2.209700 ms  DeleteObjects: 0.109100 ms)

Prepare: number of updated asset objects reloaded= 0
AssetImportParameters requested are different than current active one (requested -> active):
  custom:scripting/monoscript/fileName/AsyncTest.cs: ba7b296f91a53eb12a2f973e4bfe6187 -> 76ce712e1c4d409aac5fa695d71d244a
  custom:scripting/monoscript/fileName/XLuaTest_InvokeLua_ICalcBridge.cs: 30fde9c3feb0b30e098352b4dfeb9cae -> 39dbaec3aa6ccdef5b8e133e5c8d912d
  custom:scripting/monoscript/fileName/UnityEngine_BehaviourWrap.cs: 50be6300a89da29ca17ad67a2589a5ca -> 07f04650a03b829841e9fab9d7740454
  custom:scripting/monoscript/fileName/CoroutineTest.cs: 8ff63a150c08cc9bc1500a6e3305dabe -> b55b07dbd7b0751be4b88111c51a8597
  custom:scripting/monoscript/fileName/UnityEngine_WaitForSecondsWrap.cs: 14ce79597090ca49f32e5242d176e3e0 -> f924ebf1733d94f4d65590a1a94e6531
  custom:scripting/monoscript/fileName/XLuaTest_PeddingWrap.cs: 904ed3ab876976c36018836c17a5f7cd -> 87db0d803af8b6af633a98194cb11698
  custom:scripting/monoscript/fileName/LuaBehaviour.cs: c26b3945b1b2533a373318992b28370d -> 8501f2955baa2ae1e4b9dc9f246b814a
  custom:container-demuxer-ogg: 62fdf1f143b41e24485cea50d1cbac27 -> 
  custom:scripting/monoscript/fileName/ObjectTranslatorPool.cs: 0fcc88f1a2575820f34ed99efa865239 -> c088e49ccc65541c1471becee0155ecc
  custom:scripting/monoscript/fileName/ByFile.cs: 4175f9d405491cf5cd12d69fd7ad338b -> 6f3dfbef5ea17c4620534958e4e26f3b
  custom:scripting/monoscript/fileName/ObjectCasters.cs: 2e05dcad88217340e3469b49cb484a5e -> 0c1ed1f1cf3d518e5e522f4d874c21c2
  custom:scripting/monoscript/fileName/UnityEngine_Vector3Wrap.cs: ce0a23addf1a2b20f8676787382fe6da -> 63f465b9380555daafea25b4176adba5
  custom:scripting/monoscript/fileName/ReImplementInLua.cs: 95b77c9b6059158d95dc9a7ae2d1cdb1 -> ccd60d267132159582621b9635d9b5d9
  custom:scripting/monoscript/fileName/UnityEngine_RayWrap.cs: 1b2ced459e0f7fe10c0b5b9489be6f35 -> 0b84fbe6cabdb1173feb41e835ef3a40
  custom:scripting/monoscript/fileName/HotfixTest.cs: 1c02fcc866280314c2a4f14c6d154faa -> 3960e9f9315d94bf0223f379bfbd4a4a
  custom:scripting/monoscript/fileName/WrapPusher.cs: 3b3bd77f226a0f893aad8e7367a0f06b -> a7d84f614ae4cd3b956f9b8556cfd18e
  custom:scripting/monoscript/fileName/RawObject.cs: b7277126f2de8ab75c184e0ffceaa264 -> e4d66a2fce5b764d8103d4567ed38606
  custom:scripting/monoscript/fileName/Tutorial_DerivedClassWrap.cs: a9f1f1a33e70d4aca6ed43632ef080bc -> 1a8da11bcfc26039296e071510ba3246
  custom:video-decoder-ogg-theora: a1e56fd34408186e4bbccfd4996cb3dc -> 
  custom:scripting/monoscript/fileName/LuaTable.cs: 831d394b03ebb276485eae65adc1ccd5 -> afc244f7b5f5d0300b37ddf3297901ec
  custom:scripting/monoscript/fileName/XLuaTest_Foo2ChildWrap.cs: f25917eb49d7296a35740a2c6a4d40ec -> 30fab5c82eb5f5ffb38a0a6d668c1895
  custom:framework-win-MediaFoundation: 216162199b28c13a410421893ffa2e32 -> 
  custom:scripting/monoscript/fileName/UnityEngine_TimeWrap.cs: 582bbe1acbebc99abd038879d2ce291a -> 5e744018ad83dc4e6b5341356b280ff7
  custom:scripting/monoscript/fileName/ObjectTranslator.cs: 3684f948a56ed5cf93b0514e484d3f48 -> dd3d0b582d45a9b753aab5e6237efeb3
  custom:scripting/monoscript/fileName/UnityEngine_AnimationClipWrap.cs: 35e9dbce44e2400ca249a1b04e238032 -> 77a92debc688d37d0c76ed29e7849dc6
  custom:scripting/monoscript/fileName/UnityEngine_MonoBehaviourWrap.cs: ab88a4de07d1ed4d6902d46f78a9c2a5 -> 04d351bf9d6db68acd2847f2651b2d6b
  custom:scripting/monoscript/fileName/UnityEngine_MathfWrap.cs: b8423f29ae782d824fe5861eb133fe99 -> 333033f071a58c53b030860e1dc36f4e
  custom:scripting/monoscript/fileName/Helloworld.cs: 0111736be64650c2c199ab4f2d2240c1 -> 5df6067a12a0276271ef7e4b2f46b98d
  custom:scripting/monoscript/fileName/HotfixTest2.cs: 8e85738438913476ef9e5c92cd26daad -> e6fb5855d637d49dacea7216888e03f7
  custom:scripting/monoscript/fileName/LinkXmlGen.cs: 91d69328c4b5d0ada19c3766b1b6ad15 -> f26ca07c1d6ecd8bde6b48a50ed6d393
  custom:scripting/monoscript/fileName/XLuaTest_Foo1ChildWrap.cs: 4e50b7c1fc1d91200bd6d308925718b7 -> 1c5e3d8cdf39c119ce22e5be32eae9dd
  custom:scripting/monoscript/fileName/LuaDLL.cs: a461d359c0f868ea297a4d0e0fa0810d -> 61e98a188b5f49dbf1a755838a97959a
  custom:scripting/monoscript/fileName/GenAttributes.cs: eecd24d8570c09b2ce8b7a7a7f2d3d12 -> d46b0cff88dfb044f17f4aed96768af1
  custom:scripting/monoscript/fileName/UnityEngine_ResourcesWrap.cs: 7881eec03c10cac6aed4968059672b77 -> 698ab99237a4262ce7f88356cded464a
  custom:scripting/monoscript/fileName/ExampleConfig.cs: 01010b4aed93329e34ab2c68a0d8c398 -> 96766ead2b0a0269b4571117ad9e65bc
  custom:scripting/monoscript/fileName/CSCallLua.cs: e37f012e62a4c619428574814b983ced -> 9d2ef4b275968bd22a483233fb8b554e
  custom:scripting/monoscript/fileName/Utils.cs: cf685c01caf3a4f894711b47bbf947e6 -> 55f902a32cb309b7a62f1e16aa1d617d
  custom:CustomObjectIndexerAttribute: 9a22284fe3817be447336de3de66b15e -> 
  custom:scripting/monoscript/fileName/LuaEnv.cs: 39b0b6f887cfc0f9d8b8bab4d9210e8f -> 89231863be1481a3b9e862fc4fbe0062
  custom:scripting/monoscript/fileName/EnumWrap.cs: e1678317fb40b1504377930932a65f00 -> 71aaf938165cbdbb0ac6c90ffee86023
  custom:container-demuxer-webm: 4f35f7cbe854078d1ac9338744f61a02 -> 
  custom:scripting/monoscript/fileName/UnityEngine_ParticleSystemWrap.cs: ea70451eecfa9db0287288ead2570a87 -> eee33c4ac5a2b762ef5a90683fe90f0f
  custom:scripting/monoscript/fileName/LuaException.cs: 1ddffcc2e8b89810add964c77207e13b -> c33171da8599ff6293dbea39eed5f2df
  custom:scripting/monoscript/fileName/InvokeLua.cs: 8d1030f275cd4c779c8aadb220460431 -> 7479efa8aadd7aed0020601aa4374477
  custom:scripting/monoscript/fileName/XLuaTest_BaseTestWrap.cs: 07e45de8fa2ee7650261714b0c2efcd8 -> 4f21680da7e23ca573808ca54815d505
  custom:scripting/monoscript/fileName/UnityEngine_BoundsWrap.cs: 0ac99f7c45b4a0aef916e0e5b49238c9 -> 3dd26eeb95bac2de8ce2da585d995261
  custom:scripting/monoscript/fileName/PackUnpack.cs: 7bf1a1e4b9a6d19c982a86f574107fe4 -> 273cbe68a303e04c83210a0d1b0dbfc8
  custom:scripting/monoscript/fileName/UnityEngine_KeyframeWrap.cs: 198c4d7f205e316a3726e83558840a1d -> f022c20884bfebd1cdba5d0a32b69287
  custom:scripting/monoscript/fileName/DelegatesGensBridge.cs: 14979ecd91d982a7d4b63ce8b241a2cb -> 9b33d1c344798966a03eb7d32474259e
  custom:scripting/monoscript/fileName/SignatureLoader.cs: f9b5b4f501bbc4033b1d26e1c53bc27d -> 2543099e1b7f94e78f488961484e5e52
  custom:scripting/monoscript/fileName/Coroutine_Runner.cs: 931214e1a723b03a7a230109c4225361 -> 690ad48fe9500ae79da028936c127982
  custom:container-muxer-webm: aa71ff27fc2769a1b78a27578f13a17b -> 
  custom:scripting/monoscript/fileName/NoGc.cs: 93f5576a58657b60a9c431df8280450e -> 468686911b292518222c0fc5fca7afd3
  custom:scripting/monoscript/fileName/ObjectPool.cs: bd4befac00d17d6ebf9e5f1d7d75cb4c -> 41af867cc123c070dfe6b15d45bb5402
  custom:video-decoder-webm-vp8: 9c59270c3fd7afecdb556c50c9e8de78 -> 
  custom:scripting/monoscript/fileName/XLuaTest_FooWrap.cs: 94d50054e40ab48511cae7fb0b602c9b -> abbeeb9782209030752aecf7c8307085
  custom:scripting/monoscript/fileName/Report.cs: 3c6fcdd086fb055c4c3456a5e0e35198 -> e51741919754948773e5898850c9f663
  custom:scripting/monoscript/fileName/Tutorial_DerivedClassExtensionsWrap.cs: 8d3a8d18ccf52ef11958b45f9012fc25 -> e71c7199b289862c70f81cc97fad9cd1
  custom:scripting/monoscript/fileName/System_Collections_Generic_List_1_System_Int32_Wrap.cs: 17851e7c00326059ae0787338228160b -> 0d81f6d3ce2afe6f735fa61fb6f44318
  custom:scripting/monoscript/fileName/XLuaGenAutoRegister.cs: d853ef44aabfccb80e0b7c076b61770b -> f7d7a1bdecea0875c31215b468d1ea3c
  custom:SearchIndexIgnoredProperties: e643bd26f0fe6173181afceb89e7c659 -> 
  custom:scripting/monoscript/fileName/UnityEngine_ColorWrap.cs: bd8e985ef59408a673873236ce871e73 -> a2199b901d8d68ac06d36f834d48f0de
  custom:AudioImporter_EditorPlatform: d09bf68614088b80899f8185d706f6e7 -> 
  custom:scripting/monoscript/fileName/GenericMethodExample.cs: 71308a9675c9d31b6584afd047da40d6 -> c3c4960d5a8b500e2f93697b37d06ae2
  custom:scripting/monoscript/fileName/TypeExtensions.cs: 68c704b8c6c4fa976b931eabe81ac9ee -> 6ecc1d6c2137d4648cc597a57d0741c7
  custom:scripting/monoscript/fileName/Tutorial_BaseClassWrap.cs: 0cb2af1d083b0b2c5e8cb36d24bfb39c -> 82bd31d966804ddf94755f42eec25c75
  custom:scripting/monoscript/fileName/UnityEngine_Ray2DWrap.cs: 0739f12fd5151febac857f4bf1dfbf4b -> 3948513cbdb210ff5fa49a4b2880e106
  custom:scripting/monoscript/fileName/UnityEngine_ComponentWrap.cs: e27295da2190ed2ebf55b5ac632d7f35 -> 3c3e0b9fedb2878f9f3fac771839136b
  custom:scripting/monoscript/fileName/CustomLoader.cs: 612387837da882e343b6793882f715b4 -> 3c04d951376acd618234995a34635baf
  custom:scripting/monoscript/fileName/BuildFromCLI.cs: a3c0f780c3b3a6e3a59fd5c2a4761ee3 -> ef1665cfd7adbd546e15cd58c9f7c486
  custom:scripting/monoscript/fileName/System_ObjectWrap.cs: c4f7132fadbd7f5f459fdffb106ce8ad -> 9fb5e5ed9e38c23dad1e0232edf0373b
  custom:scripting/monoscript/fileName/XLuaTest_Foo1ParentWrap.cs: 4d06c6c313846bbd2659cf013bd8c081 -> bc3faaa30d66f1a9334279476c37b2a8
  custom:scripting/monoscript/fileName/StatefullTest.cs: ac9082cda8d79beb987af6f68f5d30cd -> 5d22c8326914d95b29e418e9d014cf15
  custom:scripting/monoscript/fileName/InternalGlobals.cs: c7a0f72bef146ff41c15b3b535d6bdf9 -> 009e626d008ed11807341f4cf6fb3a9c
  custom:scripting/monoscript/fileName/XLuaTest_FooExtensionWrap.cs: 0cf66dd4ab170a1f2008f8b97f4f2106 -> 778d9d5cc8332e1d0739618b88aa2bb9
  custom:scripting/monoscript/fileName/DelegateBridge.cs: 59e13ad21dfacf0ee52e76776a9542b7 -> 4daef522f87298a8262553f6fd5bf8f2
  custom:scripting/monoscript/fileName/Foo.cs: b60484b40971b80860ed72eb65234dc1 -> f1cbde57f1c636c66a444cf720c99995
  custom:scripting/monoscript/fileName/UnityEngine_QuaternionWrap.cs: d7776a0aea79cbcec5ba2c36565a1173 -> 2be38f3d0f8715c9babd38533b7cc2f6
  custom:scripting/monoscript/fileName/ExampleGenConfig.cs: 402439a475ab0614d6514789dc967063 -> 2d21554d83bd53efca28765b954d65c7
  custom:scripting/monoscript/fileName/TemplateRef.cs: 894e64faa8518e7345655e4a3a343abf -> e57f72b6ec3c4672428b8339ce53c07a
  custom:scripting/monoscript/fileName/ByString.cs: 83f4bb3773b202a1550c80bc6c09d1a8 -> 71ac2dce49068f904e2150c45e200cdb
  custom:scripting/monoscript/fileName/UnityEngine_AnimationCurveWrap.cs: f2332648b2113d579022f7ac44ddf1a2 -> a1b4a7dab75f49fff03082ff025e4e5e
  custom:scripting/monoscript/fileName/XLuaTest_IExchangerBridge.cs: dbb2be54f36a2496a4425e7ceb90b9b9 -> a1b04ba231b7210d75c48779fb061387
  custom:scripting/monoscript/fileName/LuaBase.cs: fd57dc59c72dd7c1f0204d91abf1345d -> f0e74d4e175e23617aebee3a1fbf3735
  custom:scripting/monoscript/fileName/UnityEngine_LightWrap.cs: d3e76313bbab2d6f78618d0a96177993 -> afdccdb78964e15816bd84ff574e1d72
  custom:scripting/monoscript/fileName/System_Collections_IEnumeratorBridge.cs: e58d0dcf0aa39125fd572da9408c5a63 -> a6b8b2b6997973169c6bebc4e00197c3
  custom:scripting/monoscript/fileName/GenericDelegateBridge.cs: 14979ecd91d982a7d4b63ce8b241a2cb -> 9b33d1c344798966a03eb7d32474259e
  custom:video-encoder-webm-vp8: eb34c28f22e8b96e1ab97ce403110664 -> 
  custom:scripting/monoscript/fileName/LuaCallCs.cs: d69c2b3b74160f3f6c507a63e395d1b8 -> 80d51efbfa90ec9a93bf6c4f217fae70
  custom:scripting/monoscript/fileName/XLuaTest_Foo2ParentWrap.cs: 3cfc8bf6cad7ab5669e86f82da9efffc -> e55fdaf088679107b1602d0f4f018827
  custom:scripting/monoscript/fileName/Tutorial_CSCallLua_ItfDBridge.cs: d05148e45525d393370f3ca919d4cdc0 -> 4e0a8d0795850c18cf92cbc673dc6199
  custom:scripting/monoscript/fileName/UnityEngine_Vector2Wrap.cs: dfd1be4a9f736e54a226859ba85dbc30 -> d8bd11c5df83747314d76d2e1152a25a
  custom:audio-decoder-ogg-vorbis: bf7c407c2cedff20999df2af8eb42d56 -> 
  custom:scripting/monoscript/fileName/UnityEngine_GameObjectWrap.cs: c4cddad80b77cae4a3f64483d25e1457 -> 499beb086fe32ba82bd6b30d04f108ea
  custom:scripting/monoscript/fileName/XLuaTest_NoGcWrap.cs: 7c2153fc9ca9cd0a3cc8b2d8a5de2fcd -> b8ab725f3034c7583c772afc97e73cfe
  custom:scripting/monoscript/fileName/UnityEngine_DebugWrap.cs: a14c41c7fbd7dec62bec687de4c6fe27 -> 2a23054f13a8c643d838dbc57d787e1a
  custom:scripting/monoscript/fileName/TemplateEngine.cs: d4247539e36868281066dc2ffa847cbd -> 196c6eecd2e70276dab2c9a7b0cf2d59
  custom:scripting/monoscript/fileName/UnityEngine_SkinnedMeshRendererWrap.cs: 9ad169117eb1ff375ebe298216e6901c -> e6c3bb62aa80867a3afe5dcbb6224761
  custom:scripting/monoscript/fileName/CopyByValue.cs: 7bf1a1e4b9a6d19c982a86f574107fe4 -> 273cbe68a303e04c83210a0d1b0dbfc8
  custom:scripting/monoscript/fileName/Generator.cs: 5c2a3602a0cfb4641043518ccc18ad89 -> e11eefc36c86800da100cf1a4789c73c
  custom:scripting/monoscript/fileName/SignatureLoaderTest.cs: 37ed863ad0370c096ad98942100ce390 -> 8c9bdabb3430d1beabc1824b7aff6019
  custom:scripting/monoscript/fileName/HotfixTestCfg.cs: 7d41c7a61129380f568a08461036f7c3 -> a7321a5cbaeb2b6b22c71e624ff03625
  custom:scripting/monoscript/fileName/MessageBox.cs: 17d47f136e1a2eb08b8ca17667071821 -> febd8bda4c1c594acb6f720026ed3aee
  custom:scripting/monoscript/fileName/UnityEngine_TextAssetWrap.cs: a895654ec821ef871bab45f0bf4ab1bf -> 96eae3d139831963806db363328bfefe
  custom:scripting/monoscript/fileName/XLuaUnityDefaultConfig.cs: 847f92567dd164ad0f0a1c4536b7e6e7 -> 12ee8270b5ca2ec2875a29a6c838143c
  custom:scripting/monoscript/fileName/UnityEngine_TransformWrap.cs: 1ec7fdf0df78c54383c54d4890267885 -> 50d916bbc9cc3aa204547c1dbcf1b841
  custom:scripting/monoscript/fileName/UnityEngine_RendererWrap.cs: f2bb488dcafa31d4d1829db70de7e3de -> e28d66316639c5d4634a4f4176885c0f
  custom:scripting/monoscript/fileName/LuaFunction.cs: 6bea6a53e0ef7f4c19887edd95529fba -> 9f9e88fec2de37a51bb5cc9b6b08d6b9
  custom:audio-encoder-webm-vorbis: bf7c407c2cedff20999df2af8eb42d56 -> 
  custom:scripting/monoscript/fileName/XLuaTest_LuaBehaviourWrap.cs: eb21b90bdd58645712610184d1a6b02e -> 8a24807dde2ec4b5434d8876b84591df
  custom:scripting/monoscript/fileName/UnityEngine_Vector4Wrap.cs: 4736b1d9605ba5be814644e3bcc9e928 -> e876ed87f63c3dc401e686c851325f69
  custom:scripting/precompiled-assembly-types:Assembly-CSharp-Editor: 8329d2703a1fb80f61cc70ee984418c3 -> f3104d4e56e8a73f04df252396e09d4f
  custom:scripting/monoscript/fileName/XLuaTest_MyStructWrap.cs: 55519c14d8f95433c1b6e262daa1d322 -> bcfe0251bd793e1e64a466467ef9f39d
  custom:scripting/monoscript/fileName/StaticLuaCallbacks.cs: 806d4721af6e97ac563013320c7b3d7a -> 9d25aed2b0bb83738cfec7ef5ea55802
  custom:scripting/monoscript/fileName/UnityEngine_ObjectWrap.cs: acbfc6ebce3660b3cec600cb246312ee -> d239f04268fb712161f840d533347443
  custom:scripting/monoscript/fileName/RawObjectTest.cs: c3d9c6b1a141374366b8d8ccf99991a4 -> af9e06db1e13155c5410c0aa29232eac
  custom:scripting/monoscript/fileName/MethodWarpsCache.cs: a0fd87c86e3eda41e7890d27658be598 -> 182591812fc1e7cc805d3eb126c7629a
  custom:scripting/precompiled-assembly-types:Assembly-CSharp: 99b328417248fea24142d71679fac050 -> 6d2cbbca728bbcc514a1a97e862a8e21
  custom:scripting/monoscript/fileName/Tutorial_ICalcWrap.cs: 9802804745e09aa6d92fbca1a46de55a -> 03d02c9cf202af74271e6b9339f2aa97
========================================================================
Received Prepare
Refreshing native plugins compatible for Editor in 8.12 ms, found 4 plugins.
Preloading 0 native plugins for Editor in 0.00 ms.
Unloading 4 Unused Serialized files (Serialized files now loaded: 0)
Unloading 4 unused Assets / (312.6 KB). Loaded Objects now: 4938.
Memory consumption went from 84.9 MB to 84.6 MB.
Total: 2.870400 ms (FindLiveObjects: 0.346900 ms CreateObjectMapping: 0.306600 ms MarkObjects: 2.128400 ms  DeleteObjects: 0.088000 ms)

Prepare: number of updated asset objects reloaded= 0
AssetImportParameters requested are different than current active one (requested -> active):
  custom:scripting/monoscript/fileName/AsyncTest.cs: ba7b296f91a53eb12a2f973e4bfe6187 -> 76ce712e1c4d409aac5fa695d71d244a
  custom:scripting/monoscript/fileName/XLuaTest_InvokeLua_ICalcBridge.cs: 30fde9c3feb0b30e098352b4dfeb9cae -> 39dbaec3aa6ccdef5b8e133e5c8d912d
  custom:scripting/monoscript/fileName/UnityEngine_BehaviourWrap.cs: 50be6300a89da29ca17ad67a2589a5ca -> 07f04650a03b829841e9fab9d7740454
  custom:scripting/monoscript/fileName/CoroutineTest.cs: 8ff63a150c08cc9bc1500a6e3305dabe -> b55b07dbd7b0751be4b88111c51a8597
  custom:scripting/monoscript/fileName/UnityEngine_WaitForSecondsWrap.cs: 14ce79597090ca49f32e5242d176e3e0 -> f924ebf1733d94f4d65590a1a94e6531
  custom:scripting/monoscript/fileName/XLuaTest_PeddingWrap.cs: 904ed3ab876976c36018836c17a5f7cd -> 87db0d803af8b6af633a98194cb11698
  custom:scripting/monoscript/fileName/LuaBehaviour.cs: c26b3945b1b2533a373318992b28370d -> 8501f2955baa2ae1e4b9dc9f246b814a
  custom:container-demuxer-ogg: 62fdf1f143b41e24485cea50d1cbac27 -> 
  custom:scripting/monoscript/fileName/ObjectTranslatorPool.cs: 0fcc88f1a2575820f34ed99efa865239 -> c088e49ccc65541c1471becee0155ecc
  custom:scripting/monoscript/fileName/ByFile.cs: 4175f9d405491cf5cd12d69fd7ad338b -> 6f3dfbef5ea17c4620534958e4e26f3b
  custom:scripting/monoscript/fileName/ObjectCasters.cs: 2e05dcad88217340e3469b49cb484a5e -> 0c1ed1f1cf3d518e5e522f4d874c21c2
  custom:scripting/monoscript/fileName/UnityEngine_Vector3Wrap.cs: ce0a23addf1a2b20f8676787382fe6da -> 63f465b9380555daafea25b4176adba5
  custom:scripting/monoscript/fileName/ReImplementInLua.cs: 95b77c9b6059158d95dc9a7ae2d1cdb1 -> ccd60d267132159582621b9635d9b5d9
  custom:scripting/monoscript/fileName/UnityEngine_RayWrap.cs: 1b2ced459e0f7fe10c0b5b9489be6f35 -> 0b84fbe6cabdb1173feb41e835ef3a40
  custom:scripting/monoscript/fileName/HotfixTest.cs: 1c02fcc866280314c2a4f14c6d154faa -> 3960e9f9315d94bf0223f379bfbd4a4a
  custom:scripting/monoscript/fileName/WrapPusher.cs: 3b3bd77f226a0f893aad8e7367a0f06b -> a7d84f614ae4cd3b956f9b8556cfd18e
  custom:scripting/monoscript/fileName/RawObject.cs: b7277126f2de8ab75c184e0ffceaa264 -> e4d66a2fce5b764d8103d4567ed38606
  custom:scripting/monoscript/fileName/Tutorial_DerivedClassWrap.cs: a9f1f1a33e70d4aca6ed43632ef080bc -> 1a8da11bcfc26039296e071510ba3246
  custom:video-decoder-ogg-theora: a1e56fd34408186e4bbccfd4996cb3dc -> 
  custom:scripting/monoscript/fileName/LuaTable.cs: 831d394b03ebb276485eae65adc1ccd5 -> afc244f7b5f5d0300b37ddf3297901ec
  custom:scripting/monoscript/fileName/XLuaTest_Foo2ChildWrap.cs: f25917eb49d7296a35740a2c6a4d40ec -> 30fab5c82eb5f5ffb38a0a6d668c1895
  custom:framework-win-MediaFoundation: 216162199b28c13a410421893ffa2e32 -> 
  custom:scripting/monoscript/fileName/UnityEngine_TimeWrap.cs: 582bbe1acbebc99abd038879d2ce291a -> 5e744018ad83dc4e6b5341356b280ff7
  custom:scripting/monoscript/fileName/ObjectTranslator.cs: 3684f948a56ed5cf93b0514e484d3f48 -> dd3d0b582d45a9b753aab5e6237efeb3
  custom:scripting/monoscript/fileName/UnityEngine_AnimationClipWrap.cs: 35e9dbce44e2400ca249a1b04e238032 -> 77a92debc688d37d0c76ed29e7849dc6
  custom:scripting/monoscript/fileName/UnityEngine_MonoBehaviourWrap.cs: ab88a4de07d1ed4d6902d46f78a9c2a5 -> 04d351bf9d6db68acd2847f2651b2d6b
  custom:scripting/monoscript/fileName/UnityEngine_MathfWrap.cs: b8423f29ae782d824fe5861eb133fe99 -> 333033f071a58c53b030860e1dc36f4e
  custom:scripting/monoscript/fileName/Helloworld.cs: 0111736be64650c2c199ab4f2d2240c1 -> 5df6067a12a0276271ef7e4b2f46b98d
  custom:scripting/monoscript/fileName/HotfixTest2.cs: 8e85738438913476ef9e5c92cd26daad -> e6fb5855d637d49dacea7216888e03f7
  custom:scripting/monoscript/fileName/LinkXmlGen.cs: 91d69328c4b5d0ada19c3766b1b6ad15 -> f26ca07c1d6ecd8bde6b48a50ed6d393
  custom:scripting/monoscript/fileName/XLuaTest_Foo1ChildWrap.cs: 4e50b7c1fc1d91200bd6d308925718b7 -> 1c5e3d8cdf39c119ce22e5be32eae9dd
  custom:scripting/monoscript/fileName/LuaDLL.cs: a461d359c0f868ea297a4d0e0fa0810d -> 61e98a188b5f49dbf1a755838a97959a
  custom:scripting/monoscript/fileName/GenAttributes.cs: eecd24d8570c09b2ce8b7a7a7f2d3d12 -> d46b0cff88dfb044f17f4aed96768af1
  custom:scripting/monoscript/fileName/UnityEngine_ResourcesWrap.cs: 7881eec03c10cac6aed4968059672b77 -> 698ab99237a4262ce7f88356cded464a
  custom:scripting/monoscript/fileName/ExampleConfig.cs: 01010b4aed93329e34ab2c68a0d8c398 -> 96766ead2b0a0269b4571117ad9e65bc
  custom:scripting/monoscript/fileName/CSCallLua.cs: e37f012e62a4c619428574814b983ced -> 9d2ef4b275968bd22a483233fb8b554e
  custom:scripting/monoscript/fileName/Utils.cs: cf685c01caf3a4f894711b47bbf947e6 -> 55f902a32cb309b7a62f1e16aa1d617d
  custom:CustomObjectIndexerAttribute: 9a22284fe3817be447336de3de66b15e -> 
  custom:scripting/monoscript/fileName/LuaEnv.cs: 39b0b6f887cfc0f9d8b8bab4d9210e8f -> 89231863be1481a3b9e862fc4fbe0062
  custom:scripting/monoscript/fileName/EnumWrap.cs: e1678317fb40b1504377930932a65f00 -> 71aaf938165cbdbb0ac6c90ffee86023
  custom:container-demuxer-webm: 4f35f7cbe854078d1ac9338744f61a02 -> 
  custom:scripting/monoscript/fileName/UnityEngine_ParticleSystemWrap.cs: ea70451eecfa9db0287288ead2570a87 -> eee33c4ac5a2b762ef5a90683fe90f0f
  custom:scripting/monoscript/fileName/LuaException.cs: 1ddffcc2e8b89810add964c77207e13b -> c33171da8599ff6293dbea39eed5f2df
  custom:scripting/monoscript/fileName/InvokeLua.cs: 8d1030f275cd4c779c8aadb220460431 -> 7479efa8aadd7aed0020601aa4374477
  custom:scripting/monoscript/fileName/XLuaTest_BaseTestWrap.cs: 07e45de8fa2ee7650261714b0c2efcd8 -> 4f21680da7e23ca573808ca54815d505
  custom:scripting/monoscript/fileName/UnityEngine_BoundsWrap.cs: 0ac99f7c45b4a0aef916e0e5b49238c9 -> 3dd26eeb95bac2de8ce2da585d995261
  custom:scripting/monoscript/fileName/PackUnpack.cs: 7bf1a1e4b9a6d19c982a86f574107fe4 -> 273cbe68a303e04c83210a0d1b0dbfc8
  custom:scripting/monoscript/fileName/UnityEngine_KeyframeWrap.cs: 198c4d7f205e316a3726e83558840a1d -> f022c20884bfebd1cdba5d0a32b69287
  custom:scripting/monoscript/fileName/DelegatesGensBridge.cs: 14979ecd91d982a7d4b63ce8b241a2cb -> 9b33d1c344798966a03eb7d32474259e
  custom:scripting/monoscript/fileName/SignatureLoader.cs: f9b5b4f501bbc4033b1d26e1c53bc27d -> 2543099e1b7f94e78f488961484e5e52
  custom:scripting/monoscript/fileName/Coroutine_Runner.cs: 931214e1a723b03a7a230109c4225361 -> 690ad48fe9500ae79da028936c127982
  custom:container-muxer-webm: aa71ff27fc2769a1b78a27578f13a17b -> 
  custom:scripting/monoscript/fileName/NoGc.cs: 93f5576a58657b60a9c431df8280450e -> 468686911b292518222c0fc5fca7afd3
  custom:scripting/monoscript/fileName/ObjectPool.cs: bd4befac00d17d6ebf9e5f1d7d75cb4c -> 41af867cc123c070dfe6b15d45bb5402
  custom:video-decoder-webm-vp8: 9c59270c3fd7afecdb556c50c9e8de78 -> 
  custom:scripting/monoscript/fileName/XLuaTest_FooWrap.cs: 94d50054e40ab48511cae7fb0b602c9b -> abbeeb9782209030752aecf7c8307085
  custom:scripting/monoscript/fileName/Report.cs: 3c6fcdd086fb055c4c3456a5e0e35198 -> e51741919754948773e5898850c9f663
  custom:scripting/monoscript/fileName/Tutorial_DerivedClassExtensionsWrap.cs: 8d3a8d18ccf52ef11958b45f9012fc25 -> e71c7199b289862c70f81cc97fad9cd1
  custom:scripting/monoscript/fileName/System_Collections_Generic_List_1_System_Int32_Wrap.cs: 17851e7c00326059ae0787338228160b -> 0d81f6d3ce2afe6f735fa61fb6f44318
  custom:scripting/monoscript/fileName/XLuaGenAutoRegister.cs: d853ef44aabfccb80e0b7c076b61770b -> f7d7a1bdecea0875c31215b468d1ea3c
  custom:SearchIndexIgnoredProperties: e643bd26f0fe6173181afceb89e7c659 -> 
  custom:scripting/monoscript/fileName/UnityEngine_ColorWrap.cs: bd8e985ef59408a673873236ce871e73 -> a2199b901d8d68ac06d36f834d48f0de
  custom:AudioImporter_EditorPlatform: d09bf68614088b80899f8185d706f6e7 -> 
  custom:scripting/monoscript/fileName/GenericMethodExample.cs: 71308a9675c9d31b6584afd047da40d6 -> c3c4960d5a8b500e2f93697b37d06ae2
  custom:scripting/monoscript/fileName/TypeExtensions.cs: 68c704b8c6c4fa976b931eabe81ac9ee -> 6ecc1d6c2137d4648cc597a57d0741c7
  custom:scripting/monoscript/fileName/Tutorial_BaseClassWrap.cs: 0cb2af1d083b0b2c5e8cb36d24bfb39c -> 82bd31d966804ddf94755f42eec25c75
  custom:scripting/monoscript/fileName/UnityEngine_Ray2DWrap.cs: 0739f12fd5151febac857f4bf1dfbf4b -> 3948513cbdb210ff5fa49a4b2880e106
  custom:scripting/monoscript/fileName/UnityEngine_ComponentWrap.cs: e27295da2190ed2ebf55b5ac632d7f35 -> 3c3e0b9fedb2878f9f3fac771839136b
  custom:scripting/monoscript/fileName/CustomLoader.cs: 612387837da882e343b6793882f715b4 -> 3c04d951376acd618234995a34635baf
  custom:scripting/monoscript/fileName/BuildFromCLI.cs: a3c0f780c3b3a6e3a59fd5c2a4761ee3 -> ef1665cfd7adbd546e15cd58c9f7c486
  custom:scripting/monoscript/fileName/System_ObjectWrap.cs: c4f7132fadbd7f5f459fdffb106ce8ad -> 9fb5e5ed9e38c23dad1e0232edf0373b
  custom:scripting/monoscript/fileName/XLuaTest_Foo1ParentWrap.cs: 4d06c6c313846bbd2659cf013bd8c081 -> bc3faaa30d66f1a9334279476c37b2a8
  custom:scripting/monoscript/fileName/StatefullTest.cs: ac9082cda8d79beb987af6f68f5d30cd -> 5d22c8326914d95b29e418e9d014cf15
  custom:scripting/monoscript/fileName/InternalGlobals.cs: c7a0f72bef146ff41c15b3b535d6bdf9 -> 009e626d008ed11807341f4cf6fb3a9c
  custom:scripting/monoscript/fileName/XLuaTest_FooExtensionWrap.cs: 0cf66dd4ab170a1f2008f8b97f4f2106 -> 778d9d5cc8332e1d0739618b88aa2bb9
  custom:scripting/monoscript/fileName/DelegateBridge.cs: 59e13ad21dfacf0ee52e76776a9542b7 -> 4daef522f87298a8262553f6fd5bf8f2
  custom:scripting/monoscript/fileName/Foo.cs: b60484b40971b80860ed72eb65234dc1 -> f1cbde57f1c636c66a444cf720c99995
  custom:scripting/monoscript/fileName/UnityEngine_QuaternionWrap.cs: d7776a0aea79cbcec5ba2c36565a1173 -> 2be38f3d0f8715c9babd38533b7cc2f6
  custom:scripting/monoscript/fileName/ExampleGenConfig.cs: 402439a475ab0614d6514789dc967063 -> 2d21554d83bd53efca28765b954d65c7
  custom:scripting/monoscript/fileName/TemplateRef.cs: 894e64faa8518e7345655e4a3a343abf -> e57f72b6ec3c4672428b8339ce53c07a
  custom:scripting/monoscript/fileName/ByString.cs: 83f4bb3773b202a1550c80bc6c09d1a8 -> 71ac2dce49068f904e2150c45e200cdb
  custom:scripting/monoscript/fileName/UnityEngine_AnimationCurveWrap.cs: f2332648b2113d579022f7ac44ddf1a2 -> a1b4a7dab75f49fff03082ff025e4e5e
  custom:scripting/monoscript/fileName/XLuaTest_IExchangerBridge.cs: dbb2be54f36a2496a4425e7ceb90b9b9 -> a1b04ba231b7210d75c48779fb061387
  custom:scripting/monoscript/fileName/LuaBase.cs: fd57dc59c72dd7c1f0204d91abf1345d -> f0e74d4e175e23617aebee3a1fbf3735
  custom:scripting/monoscript/fileName/UnityEngine_LightWrap.cs: d3e76313bbab2d6f78618d0a96177993 -> afdccdb78964e15816bd84ff574e1d72
  custom:scripting/monoscript/fileName/System_Collections_IEnumeratorBridge.cs: e58d0dcf0aa39125fd572da9408c5a63 -> a6b8b2b6997973169c6bebc4e00197c3
  custom:scripting/monoscript/fileName/GenericDelegateBridge.cs: 14979ecd91d982a7d4b63ce8b241a2cb -> 9b33d1c344798966a03eb7d32474259e
  custom:video-encoder-webm-vp8: eb34c28f22e8b96e1ab97ce403110664 -> 
  custom:scripting/monoscript/fileName/LuaCallCs.cs: d69c2b3b74160f3f6c507a63e395d1b8 -> 80d51efbfa90ec9a93bf6c4f217fae70
  custom:scripting/monoscript/fileName/XLuaTest_Foo2ParentWrap.cs: 3cfc8bf6cad7ab5669e86f82da9efffc -> e55fdaf088679107b1602d0f4f018827
  custom:scripting/monoscript/fileName/Tutorial_CSCallLua_ItfDBridge.cs: d05148e45525d393370f3ca919d4cdc0 -> 4e0a8d0795850c18cf92cbc673dc6199
  custom:scripting/monoscript/fileName/UnityEngine_Vector2Wrap.cs: dfd1be4a9f736e54a226859ba85dbc30 -> d8bd11c5df83747314d76d2e1152a25a
  custom:audio-decoder-ogg-vorbis: bf7c407c2cedff20999df2af8eb42d56 -> 
  custom:scripting/monoscript/fileName/UnityEngine_GameObjectWrap.cs: c4cddad80b77cae4a3f64483d25e1457 -> 499beb086fe32ba82bd6b30d04f108ea
  custom:scripting/monoscript/fileName/XLuaTest_NoGcWrap.cs: 7c2153fc9ca9cd0a3cc8b2d8a5de2fcd -> b8ab725f3034c7583c772afc97e73cfe
  custom:scripting/monoscript/fileName/UnityEngine_DebugWrap.cs: a14c41c7fbd7dec62bec687de4c6fe27 -> 2a23054f13a8c643d838dbc57d787e1a
  custom:scripting/monoscript/fileName/TemplateEngine.cs: d4247539e36868281066dc2ffa847cbd -> 196c6eecd2e70276dab2c9a7b0cf2d59
  custom:scripting/monoscript/fileName/UnityEngine_SkinnedMeshRendererWrap.cs: 9ad169117eb1ff375ebe298216e6901c -> e6c3bb62aa80867a3afe5dcbb6224761
  custom:scripting/monoscript/fileName/CopyByValue.cs: 7bf1a1e4b9a6d19c982a86f574107fe4 -> 273cbe68a303e04c83210a0d1b0dbfc8
  custom:scripting/monoscript/fileName/Generator.cs: 5c2a3602a0cfb4641043518ccc18ad89 -> e11eefc36c86800da100cf1a4789c73c
  custom:scripting/monoscript/fileName/SignatureLoaderTest.cs: 37ed863ad0370c096ad98942100ce390 -> 8c9bdabb3430d1beabc1824b7aff6019
  custom:scripting/monoscript/fileName/HotfixTestCfg.cs: 7d41c7a61129380f568a08461036f7c3 -> a7321a5cbaeb2b6b22c71e624ff03625
  custom:scripting/monoscript/fileName/MessageBox.cs: 17d47f136e1a2eb08b8ca17667071821 -> febd8bda4c1c594acb6f720026ed3aee
  custom:scripting/monoscript/fileName/UnityEngine_TextAssetWrap.cs: a895654ec821ef871bab45f0bf4ab1bf -> 96eae3d139831963806db363328bfefe
  custom:scripting/monoscript/fileName/XLuaUnityDefaultConfig.cs: 847f92567dd164ad0f0a1c4536b7e6e7 -> 12ee8270b5ca2ec2875a29a6c838143c
  custom:scripting/monoscript/fileName/UnityEngine_TransformWrap.cs: 1ec7fdf0df78c54383c54d4890267885 -> 50d916bbc9cc3aa204547c1dbcf1b841
  custom:scripting/monoscript/fileName/UnityEngine_RendererWrap.cs: f2bb488dcafa31d4d1829db70de7e3de -> e28d66316639c5d4634a4f4176885c0f
  custom:scripting/monoscript/fileName/LuaFunction.cs: 6bea6a53e0ef7f4c19887edd95529fba -> 9f9e88fec2de37a51bb5cc9b6b08d6b9
  custom:audio-encoder-webm-vorbis: bf7c407c2cedff20999df2af8eb42d56 -> 
  custom:scripting/monoscript/fileName/XLuaTest_LuaBehaviourWrap.cs: eb21b90bdd58645712610184d1a6b02e -> 8a24807dde2ec4b5434d8876b84591df
  custom:scripting/monoscript/fileName/UnityEngine_Vector4Wrap.cs: 4736b1d9605ba5be814644e3bcc9e928 -> e876ed87f63c3dc401e686c851325f69
  custom:scripting/precompiled-assembly-types:Assembly-CSharp-Editor: 8329d2703a1fb80f61cc70ee984418c3 -> f3104d4e56e8a73f04df252396e09d4f
  custom:scripting/monoscript/fileName/XLuaTest_MyStructWrap.cs: 55519c14d8f95433c1b6e262daa1d322 -> bcfe0251bd793e1e64a466467ef9f39d
  custom:scripting/monoscript/fileName/StaticLuaCallbacks.cs: 806d4721af6e97ac563013320c7b3d7a -> 9d25aed2b0bb83738cfec7ef5ea55802
  custom:scripting/monoscript/fileName/UnityEngine_ObjectWrap.cs: acbfc6ebce3660b3cec600cb246312ee -> d239f04268fb712161f840d533347443
  custom:scripting/monoscript/fileName/RawObjectTest.cs: c3d9c6b1a141374366b8d8ccf99991a4 -> af9e06db1e13155c5410c0aa29232eac
  custom:scripting/monoscript/fileName/MethodWarpsCache.cs: a0fd87c86e3eda41e7890d27658be598 -> 182591812fc1e7cc805d3eb126c7629a
  custom:scripting/precompiled-assembly-types:Assembly-CSharp: 99b328417248fea24142d71679fac050 -> 6d2cbbca728bbcc514a1a97e862a8e21
  custom:scripting/monoscript/fileName/Tutorial_ICalcWrap.cs: 9802804745e09aa6d92fbca1a46de55a -> 03d02c9cf202af74271e6b9339f2aa97
========================================================================
Received Prepare
Caller must complete domain reload
Begin MonoManager ReloadAssembly
- Loaded All Assemblies, in  0.626 seconds
Native extension for WindowsStandalone target not found
Mono: successfully reloaded assembly
- Finished resetting the current domain, in  1.237 seconds
Domain Reload Profiling: 1861ms
	BeginReloadAssembly (197ms)
		ExecutionOrderSort (0ms)
		DisableScriptedObjects (5ms)
		BackupInstance (0ms)
		ReleaseScriptingObjects (0ms)
		CreateAndSetChildDomain (36ms)
	RebuildCommonClasses (46ms)
	RebuildNativeTypeToScriptingClass (12ms)
	initialDomainReloadingComplete (43ms)
	LoadAllAssembliesAndSetupDomain (325ms)
		LoadAssemblies (414ms)
		RebuildTransferFunctionScriptingTraits (0ms)
		AnalyzeDomain (26ms)
			TypeCache.Refresh (12ms)
				TypeCache.ScanAssembly (0ms)
			ScanForSourceGeneratedMonoScriptInfo (0ms)
			ResolveRequiredComponents (7ms)
	FinalizeReload (1238ms)
		ReleaseScriptCaches (0ms)
		RebuildScriptCaches (0ms)
		SetupLoadedEditorAssemblies (511ms)
			LogAssemblyErrors (0ms)
			InitializePlatformSupportModulesInManaged (5ms)
			SetLoadedEditorAssemblies (3ms)
			RefreshPlugins (0ms)
			BeforeProcessingInitializeOnLoad (65ms)
			ProcessInitializeOnLoadAttributes (352ms)
			ProcessInitializeOnLoadMethodAttributes (78ms)
			AfterProcessingInitializeOnLoad (7ms)
			EditorAssembliesLoaded (0ms)
		ExecutionOrderSort2 (0ms)
		AwakeInstancesAfterBackupRestoration (12ms)
Refreshing native plugins compatible for Editor in 8.58 ms, found 4 plugins.
Preloading 0 native plugins for Editor in 0.00 ms.
Unloading 4364 Unused Serialized files (Serialized files now loaded: 0)
Unloading 17 unused Assets / (331.6 KB). Loaded Objects now: 4941.
Memory consumption went from 152.4 MB to 152.1 MB.
Total: 17.376700 ms (FindLiveObjects: 1.338800 ms CreateObjectMapping: 1.294300 ms MarkObjects: 14.266400 ms  DeleteObjects: 0.473700 ms)

Prepare: number of updated asset objects reloaded= 0
AssetImportParameters requested are different than current active one (requested -> active):
  custom:scripting/monoscript/fileName/AsyncTest.cs: ba7b296f91a53eb12a2f973e4bfe6187 -> 76ce712e1c4d409aac5fa695d71d244a
  custom:scripting/monoscript/fileName/XLuaTest_InvokeLua_ICalcBridge.cs: 30fde9c3feb0b30e098352b4dfeb9cae -> 39dbaec3aa6ccdef5b8e133e5c8d912d
  custom:scripting/monoscript/fileName/UnityEngine_BehaviourWrap.cs: 50be6300a89da29ca17ad67a2589a5ca -> 07f04650a03b829841e9fab9d7740454
  custom:scripting/monoscript/fileName/CoroutineTest.cs: 8ff63a150c08cc9bc1500a6e3305dabe -> b55b07dbd7b0751be4b88111c51a8597
  custom:scripting/monoscript/fileName/UnityEngine_WaitForSecondsWrap.cs: 14ce79597090ca49f32e5242d176e3e0 -> f924ebf1733d94f4d65590a1a94e6531
  custom:scripting/monoscript/fileName/XLuaTest_PeddingWrap.cs: 904ed3ab876976c36018836c17a5f7cd -> 87db0d803af8b6af633a98194cb11698
  custom:scripting/monoscript/fileName/LuaBehaviour.cs: c26b3945b1b2533a373318992b28370d -> 8501f2955baa2ae1e4b9dc9f246b814a
  custom:container-demuxer-ogg: 62fdf1f143b41e24485cea50d1cbac27 -> 
  custom:scripting/monoscript/fileName/ObjectTranslatorPool.cs: 0fcc88f1a2575820f34ed99efa865239 -> c088e49ccc65541c1471becee0155ecc
  custom:scripting/monoscript/fileName/ByFile.cs: 4175f9d405491cf5cd12d69fd7ad338b -> 6f3dfbef5ea17c4620534958e4e26f3b
  custom:scripting/monoscript/fileName/ObjectCasters.cs: 2e05dcad88217340e3469b49cb484a5e -> 0c1ed1f1cf3d518e5e522f4d874c21c2
  custom:scripting/monoscript/fileName/UnityEngine_Vector3Wrap.cs: ce0a23addf1a2b20f8676787382fe6da -> 63f465b9380555daafea25b4176adba5
  custom:scripting/monoscript/fileName/ReImplementInLua.cs: 95b77c9b6059158d95dc9a7ae2d1cdb1 -> ccd60d267132159582621b9635d9b5d9
  custom:scripting/monoscript/fileName/UnityEngine_RayWrap.cs: 1b2ced459e0f7fe10c0b5b9489be6f35 -> 0b84fbe6cabdb1173feb41e835ef3a40
  custom:scripting/monoscript/fileName/HotfixTest.cs: 1c02fcc866280314c2a4f14c6d154faa -> 3960e9f9315d94bf0223f379bfbd4a4a
  custom:scripting/monoscript/fileName/WrapPusher.cs: 3b3bd77f226a0f893aad8e7367a0f06b -> a7d84f614ae4cd3b956f9b8556cfd18e
  custom:scripting/monoscript/fileName/RawObject.cs: b7277126f2de8ab75c184e0ffceaa264 -> e4d66a2fce5b764d8103d4567ed38606
  custom:scripting/monoscript/fileName/Tutorial_DerivedClassWrap.cs: a9f1f1a33e70d4aca6ed43632ef080bc -> 1a8da11bcfc26039296e071510ba3246
  custom:video-decoder-ogg-theora: a1e56fd34408186e4bbccfd4996cb3dc -> 
  custom:scripting/monoscript/fileName/LuaTable.cs: 831d394b03ebb276485eae65adc1ccd5 -> afc244f7b5f5d0300b37ddf3297901ec
  custom:scripting/monoscript/fileName/XLuaTest_Foo2ChildWrap.cs: f25917eb49d7296a35740a2c6a4d40ec -> 30fab5c82eb5f5ffb38a0a6d668c1895
  custom:framework-win-MediaFoundation: 216162199b28c13a410421893ffa2e32 -> 
  custom:scripting/monoscript/fileName/UnityEngine_TimeWrap.cs: 582bbe1acbebc99abd038879d2ce291a -> 5e744018ad83dc4e6b5341356b280ff7
  custom:scripting/monoscript/fileName/ObjectTranslator.cs: 3684f948a56ed5cf93b0514e484d3f48 -> dd3d0b582d45a9b753aab5e6237efeb3
  custom:scripting/monoscript/fileName/UnityEngine_AnimationClipWrap.cs: 35e9dbce44e2400ca249a1b04e238032 -> 77a92debc688d37d0c76ed29e7849dc6
  custom:scripting/monoscript/fileName/UnityEngine_MonoBehaviourWrap.cs: ab88a4de07d1ed4d6902d46f78a9c2a5 -> 04d351bf9d6db68acd2847f2651b2d6b
  custom:scripting/monoscript/fileName/UnityEngine_MathfWrap.cs: b8423f29ae782d824fe5861eb133fe99 -> 333033f071a58c53b030860e1dc36f4e
  custom:scripting/monoscript/fileName/Helloworld.cs: 0111736be64650c2c199ab4f2d2240c1 -> 5df6067a12a0276271ef7e4b2f46b98d
  custom:scripting/monoscript/fileName/HotfixTest2.cs: 8e85738438913476ef9e5c92cd26daad -> e6fb5855d637d49dacea7216888e03f7
  custom:scripting/monoscript/fileName/LinkXmlGen.cs: 91d69328c4b5d0ada19c3766b1b6ad15 -> f26ca07c1d6ecd8bde6b48a50ed6d393
  custom:scripting/monoscript/fileName/XLuaTest_Foo1ChildWrap.cs: 4e50b7c1fc1d91200bd6d308925718b7 -> 1c5e3d8cdf39c119ce22e5be32eae9dd
  custom:scripting/monoscript/fileName/LuaDLL.cs: a461d359c0f868ea297a4d0e0fa0810d -> 61e98a188b5f49dbf1a755838a97959a
  custom:scripting/monoscript/fileName/GenAttributes.cs: eecd24d8570c09b2ce8b7a7a7f2d3d12 -> d46b0cff88dfb044f17f4aed96768af1
  custom:scripting/monoscript/fileName/UnityEngine_ResourcesWrap.cs: 7881eec03c10cac6aed4968059672b77 -> 698ab99237a4262ce7f88356cded464a
  custom:scripting/monoscript/fileName/ExampleConfig.cs: 01010b4aed93329e34ab2c68a0d8c398 -> 96766ead2b0a0269b4571117ad9e65bc
  custom:scripting/monoscript/fileName/CSCallLua.cs: e37f012e62a4c619428574814b983ced -> 9d2ef4b275968bd22a483233fb8b554e
  custom:scripting/monoscript/fileName/Utils.cs: cf685c01caf3a4f894711b47bbf947e6 -> 55f902a32cb309b7a62f1e16aa1d617d
  custom:CustomObjectIndexerAttribute: 9a22284fe3817be447336de3de66b15e -> 
  custom:scripting/monoscript/fileName/LuaEnv.cs: 39b0b6f887cfc0f9d8b8bab4d9210e8f -> 89231863be1481a3b9e862fc4fbe0062
  custom:scripting/monoscript/fileName/EnumWrap.cs: e1678317fb40b1504377930932a65f00 -> 71aaf938165cbdbb0ac6c90ffee86023
  custom:container-demuxer-webm: 4f35f7cbe854078d1ac9338744f61a02 -> 
  custom:scripting/monoscript/fileName/UnityEngine_ParticleSystemWrap.cs: ea70451eecfa9db0287288ead2570a87 -> eee33c4ac5a2b762ef5a90683fe90f0f
  custom:scripting/monoscript/fileName/LuaException.cs: 1ddffcc2e8b89810add964c77207e13b -> c33171da8599ff6293dbea39eed5f2df
  custom:scripting/monoscript/fileName/InvokeLua.cs: 8d1030f275cd4c779c8aadb220460431 -> 7479efa8aadd7aed0020601aa4374477
  custom:scripting/monoscript/fileName/XLuaTest_BaseTestWrap.cs: 07e45de8fa2ee7650261714b0c2efcd8 -> 4f21680da7e23ca573808ca54815d505
  custom:scripting/monoscript/fileName/UnityEngine_BoundsWrap.cs: 0ac99f7c45b4a0aef916e0e5b49238c9 -> 3dd26eeb95bac2de8ce2da585d995261
  custom:scripting/monoscript/fileName/PackUnpack.cs: 7bf1a1e4b9a6d19c982a86f574107fe4 -> 273cbe68a303e04c83210a0d1b0dbfc8
  custom:scripting/monoscript/fileName/UnityEngine_KeyframeWrap.cs: 198c4d7f205e316a3726e83558840a1d -> f022c20884bfebd1cdba5d0a32b69287
  custom:scripting/monoscript/fileName/DelegatesGensBridge.cs: 14979ecd91d982a7d4b63ce8b241a2cb -> 9b33d1c344798966a03eb7d32474259e
  custom:scripting/monoscript/fileName/SignatureLoader.cs: f9b5b4f501bbc4033b1d26e1c53bc27d -> 2543099e1b7f94e78f488961484e5e52
  custom:scripting/monoscript/fileName/Coroutine_Runner.cs: 931214e1a723b03a7a230109c4225361 -> 690ad48fe9500ae79da028936c127982
  custom:container-muxer-webm: aa71ff27fc2769a1b78a27578f13a17b -> 
  custom:scripting/monoscript/fileName/NoGc.cs: 93f5576a58657b60a9c431df8280450e -> 468686911b292518222c0fc5fca7afd3
  custom:scripting/monoscript/fileName/ObjectPool.cs: bd4befac00d17d6ebf9e5f1d7d75cb4c -> 41af867cc123c070dfe6b15d45bb5402
  custom:video-decoder-webm-vp8: 9c59270c3fd7afecdb556c50c9e8de78 -> 
  custom:scripting/monoscript/fileName/XLuaTest_FooWrap.cs: 94d50054e40ab48511cae7fb0b602c9b -> abbeeb9782209030752aecf7c8307085
  custom:scripting/monoscript/fileName/Report.cs: 3c6fcdd086fb055c4c3456a5e0e35198 -> e51741919754948773e5898850c9f663
  custom:scripting/monoscript/fileName/Tutorial_DerivedClassExtensionsWrap.cs: 8d3a8d18ccf52ef11958b45f9012fc25 -> e71c7199b289862c70f81cc97fad9cd1
  custom:scripting/monoscript/fileName/System_Collections_Generic_List_1_System_Int32_Wrap.cs: 17851e7c00326059ae0787338228160b -> 0d81f6d3ce2afe6f735fa61fb6f44318
  custom:scripting/monoscript/fileName/XLuaGenAutoRegister.cs: d853ef44aabfccb80e0b7c076b61770b -> f7d7a1bdecea0875c31215b468d1ea3c
  custom:SearchIndexIgnoredProperties: e643bd26f0fe6173181afceb89e7c659 -> 
  custom:scripting/monoscript/fileName/UnityEngine_ColorWrap.cs: bd8e985ef59408a673873236ce871e73 -> a2199b901d8d68ac06d36f834d48f0de
  custom:AudioImporter_EditorPlatform: d09bf68614088b80899f8185d706f6e7 -> 
  custom:scripting/monoscript/fileName/GenericMethodExample.cs: 71308a9675c9d31b6584afd047da40d6 -> c3c4960d5a8b500e2f93697b37d06ae2
  custom:scripting/monoscript/fileName/TypeExtensions.cs: 68c704b8c6c4fa976b931eabe81ac9ee -> 6ecc1d6c2137d4648cc597a57d0741c7
  custom:scripting/monoscript/fileName/Tutorial_BaseClassWrap.cs: 0cb2af1d083b0b2c5e8cb36d24bfb39c -> 82bd31d966804ddf94755f42eec25c75
  custom:scripting/monoscript/fileName/UnityEngine_Ray2DWrap.cs: 0739f12fd5151febac857f4bf1dfbf4b -> 3948513cbdb210ff5fa49a4b2880e106
  custom:scripting/monoscript/fileName/UnityEngine_ComponentWrap.cs: e27295da2190ed2ebf55b5ac632d7f35 -> 3c3e0b9fedb2878f9f3fac771839136b
  custom:scripting/monoscript/fileName/CustomLoader.cs: 612387837da882e343b6793882f715b4 -> 3c04d951376acd618234995a34635baf
  custom:scripting/monoscript/fileName/BuildFromCLI.cs: a3c0f780c3b3a6e3a59fd5c2a4761ee3 -> ef1665cfd7adbd546e15cd58c9f7c486
  custom:scripting/monoscript/fileName/System_ObjectWrap.cs: c4f7132fadbd7f5f459fdffb106ce8ad -> 9fb5e5ed9e38c23dad1e0232edf0373b
  custom:scripting/monoscript/fileName/XLuaTest_Foo1ParentWrap.cs: 4d06c6c313846bbd2659cf013bd8c081 -> bc3faaa30d66f1a9334279476c37b2a8
  custom:scripting/monoscript/fileName/StatefullTest.cs: ac9082cda8d79beb987af6f68f5d30cd -> 5d22c8326914d95b29e418e9d014cf15
  custom:scripting/monoscript/fileName/InternalGlobals.cs: c7a0f72bef146ff41c15b3b535d6bdf9 -> 009e626d008ed11807341f4cf6fb3a9c
  custom:scripting/monoscript/fileName/XLuaTest_FooExtensionWrap.cs: 0cf66dd4ab170a1f2008f8b97f4f2106 -> 778d9d5cc8332e1d0739618b88aa2bb9
  custom:scripting/monoscript/fileName/DelegateBridge.cs: 59e13ad21dfacf0ee52e76776a9542b7 -> 4daef522f87298a8262553f6fd5bf8f2
  custom:scripting/monoscript/fileName/Foo.cs: b60484b40971b80860ed72eb65234dc1 -> f1cbde57f1c636c66a444cf720c99995
  custom:scripting/monoscript/fileName/UnityEngine_QuaternionWrap.cs: d7776a0aea79cbcec5ba2c36565a1173 -> 2be38f3d0f8715c9babd38533b7cc2f6
  custom:scripting/monoscript/fileName/ExampleGenConfig.cs: 402439a475ab0614d6514789dc967063 -> 2d21554d83bd53efca28765b954d65c7
  custom:scripting/monoscript/fileName/TemplateRef.cs: 894e64faa8518e7345655e4a3a343abf -> e57f72b6ec3c4672428b8339ce53c07a
  custom:scripting/monoscript/fileName/ByString.cs: 83f4bb3773b202a1550c80bc6c09d1a8 -> 71ac2dce49068f904e2150c45e200cdb
  custom:scripting/monoscript/fileName/UnityEngine_AnimationCurveWrap.cs: f2332648b2113d579022f7ac44ddf1a2 -> a1b4a7dab75f49fff03082ff025e4e5e
  custom:scripting/monoscript/fileName/XLuaTest_IExchangerBridge.cs: dbb2be54f36a2496a4425e7ceb90b9b9 -> a1b04ba231b7210d75c48779fb061387
  custom:scripting/monoscript/fileName/LuaBase.cs: fd57dc59c72dd7c1f0204d91abf1345d -> f0e74d4e175e23617aebee3a1fbf3735
  custom:scripting/monoscript/fileName/UnityEngine_LightWrap.cs: d3e76313bbab2d6f78618d0a96177993 -> afdccdb78964e15816bd84ff574e1d72
  custom:scripting/monoscript/fileName/System_Collections_IEnumeratorBridge.cs: e58d0dcf0aa39125fd572da9408c5a63 -> a6b8b2b6997973169c6bebc4e00197c3
  custom:scripting/monoscript/fileName/GenericDelegateBridge.cs: 14979ecd91d982a7d4b63ce8b241a2cb -> 9b33d1c344798966a03eb7d32474259e
  custom:video-encoder-webm-vp8: eb34c28f22e8b96e1ab97ce403110664 -> 
  custom:scripting/monoscript/fileName/LuaCallCs.cs: d69c2b3b74160f3f6c507a63e395d1b8 -> 80d51efbfa90ec9a93bf6c4f217fae70
  custom:scripting/monoscript/fileName/XLuaTest_Foo2ParentWrap.cs: 3cfc8bf6cad7ab5669e86f82da9efffc -> e55fdaf088679107b1602d0f4f018827
  custom:scripting/monoscript/fileName/Tutorial_CSCallLua_ItfDBridge.cs: d05148e45525d393370f3ca919d4cdc0 -> 4e0a8d0795850c18cf92cbc673dc6199
  custom:scripting/monoscript/fileName/UnityEngine_Vector2Wrap.cs: dfd1be4a9f736e54a226859ba85dbc30 -> d8bd11c5df83747314d76d2e1152a25a
  custom:audio-decoder-ogg-vorbis: bf7c407c2cedff20999df2af8eb42d56 -> 
  custom:scripting/monoscript/fileName/UnityEngine_GameObjectWrap.cs: c4cddad80b77cae4a3f64483d25e1457 -> 499beb086fe32ba82bd6b30d04f108ea
  custom:scripting/monoscript/fileName/XLuaTest_NoGcWrap.cs: 7c2153fc9ca9cd0a3cc8b2d8a5de2fcd -> b8ab725f3034c7583c772afc97e73cfe
  custom:scripting/monoscript/fileName/UnityEngine_DebugWrap.cs: a14c41c7fbd7dec62bec687de4c6fe27 -> 2a23054f13a8c643d838dbc57d787e1a
  custom:scripting/monoscript/fileName/TemplateEngine.cs: d4247539e36868281066dc2ffa847cbd -> 196c6eecd2e70276dab2c9a7b0cf2d59
  custom:scripting/monoscript/fileName/UnityEngine_SkinnedMeshRendererWrap.cs: 9ad169117eb1ff375ebe298216e6901c -> e6c3bb62aa80867a3afe5dcbb6224761
  custom:scripting/monoscript/fileName/CopyByValue.cs: 7bf1a1e4b9a6d19c982a86f574107fe4 -> 273cbe68a303e04c83210a0d1b0dbfc8
  custom:scripting/monoscript/fileName/Generator.cs: 5c2a3602a0cfb4641043518ccc18ad89 -> e11eefc36c86800da100cf1a4789c73c
  custom:scripting/monoscript/fileName/SignatureLoaderTest.cs: 37ed863ad0370c096ad98942100ce390 -> 8c9bdabb3430d1beabc1824b7aff6019
  custom:scripting/monoscript/fileName/HotfixTestCfg.cs: 7d41c7a61129380f568a08461036f7c3 -> a7321a5cbaeb2b6b22c71e624ff03625
  custom:scripting/monoscript/fileName/MessageBox.cs: 17d47f136e1a2eb08b8ca17667071821 -> febd8bda4c1c594acb6f720026ed3aee
  custom:scripting/monoscript/fileName/UnityEngine_TextAssetWrap.cs: a895654ec821ef871bab45f0bf4ab1bf -> 96eae3d139831963806db363328bfefe
  custom:scripting/monoscript/fileName/XLuaUnityDefaultConfig.cs: 847f92567dd164ad0f0a1c4536b7e6e7 -> 12ee8270b5ca2ec2875a29a6c838143c
  custom:scripting/monoscript/fileName/UnityEngine_TransformWrap.cs: 1ec7fdf0df78c54383c54d4890267885 -> 50d916bbc9cc3aa204547c1dbcf1b841
  custom:scripting/monoscript/fileName/UnityEngine_RendererWrap.cs: f2bb488dcafa31d4d1829db70de7e3de -> e28d66316639c5d4634a4f4176885c0f
  custom:scripting/monoscript/fileName/LuaFunction.cs: 6bea6a53e0ef7f4c19887edd95529fba -> 9f9e88fec2de37a51bb5cc9b6b08d6b9
  custom:audio-encoder-webm-vorbis: bf7c407c2cedff20999df2af8eb42d56 -> 
  custom:scripting/monoscript/fileName/XLuaTest_LuaBehaviourWrap.cs: eb21b90bdd58645712610184d1a6b02e -> 8a24807dde2ec4b5434d8876b84591df
  custom:scripting/monoscript/fileName/UnityEngine_Vector4Wrap.cs: 4736b1d9605ba5be814644e3bcc9e928 -> e876ed87f63c3dc401e686c851325f69
  custom:scripting/precompiled-assembly-types:Assembly-CSharp-Editor: 8329d2703a1fb80f61cc70ee984418c3 -> f3104d4e56e8a73f04df252396e09d4f
  custom:scripting/monoscript/fileName/XLuaTest_MyStructWrap.cs: 55519c14d8f95433c1b6e262daa1d322 -> bcfe0251bd793e1e64a466467ef9f39d
  custom:scripting/monoscript/fileName/StaticLuaCallbacks.cs: 806d4721af6e97ac563013320c7b3d7a -> 9d25aed2b0bb83738cfec7ef5ea55802
  custom:scripting/monoscript/fileName/UnityEngine_ObjectWrap.cs: acbfc6ebce3660b3cec600cb246312ee -> d239f04268fb712161f840d533347443
  custom:scripting/monoscript/fileName/RawObjectTest.cs: c3d9c6b1a141374366b8d8ccf99991a4 -> af9e06db1e13155c5410c0aa29232eac
  custom:scripting/monoscript/fileName/MethodWarpsCache.cs: a0fd87c86e3eda41e7890d27658be598 -> 182591812fc1e7cc805d3eb126c7629a
  custom:scripting/precompiled-assembly-types:Assembly-CSharp: 99b328417248fea24142d71679fac050 -> 6d2cbbca728bbcc514a1a97e862a8e21
  custom:scripting/monoscript/fileName/Tutorial_ICalcWrap.cs: 9802804745e09aa6d92fbca1a46de55a -> 03d02c9cf202af74271e6b9339f2aa97
========================================================================
Received Prepare
Caller must complete domain reload
Begin MonoManager ReloadAssembly
- Loaded All Assemblies, in  0.623 seconds
Native extension for WindowsStandalone target not found
Mono: successfully reloaded assembly
- Finished resetting the current domain, in  1.209 seconds
Domain Reload Profiling: 1827ms
	BeginReloadAssembly (187ms)
		ExecutionOrderSort (0ms)
		DisableScriptedObjects (4ms)
		BackupInstance (0ms)
		ReleaseScriptingObjects (0ms)
		CreateAndSetChildDomain (42ms)
	RebuildCommonClasses (40ms)
	RebuildNativeTypeToScriptingClass (11ms)
	initialDomainReloadingComplete (39ms)
	LoadAllAssembliesAndSetupDomain (341ms)
		LoadAssemblies (392ms)
		RebuildTransferFunctionScriptingTraits (0ms)
		AnalyzeDomain (57ms)
			TypeCache.Refresh (29ms)
				TypeCache.ScanAssembly (2ms)
			ScanForSourceGeneratedMonoScriptInfo (15ms)
			ResolveRequiredComponents (12ms)
	FinalizeReload (1210ms)
		ReleaseScriptCaches (0ms)
		RebuildScriptCaches (0ms)
		SetupLoadedEditorAssemblies (502ms)
			LogAssemblyErrors (0ms)
			InitializePlatformSupportModulesInManaged (5ms)
			SetLoadedEditorAssemblies (3ms)
			RefreshPlugins (0ms)
			BeforeProcessingInitializeOnLoad (76ms)
			ProcessInitializeOnLoadAttributes (350ms)
			ProcessInitializeOnLoadMethodAttributes (61ms)
			AfterProcessingInitializeOnLoad (7ms)
			EditorAssembliesLoaded (0ms)
		ExecutionOrderSort2 (0ms)
		AwakeInstancesAfterBackupRestoration (6ms)
Refreshing native plugins compatible for Editor in 8.40 ms, found 4 plugins.
Preloading 0 native plugins for Editor in 0.00 ms.
Unloading 4364 Unused Serialized files (Serialized files now loaded: 0)
Unloading 17 unused Assets / (332.0 KB). Loaded Objects now: 4944.
Memory consumption went from 152.4 MB to 152.1 MB.
Total: 2.943200 ms (FindLiveObjects: 0.358500 ms CreateObjectMapping: 0.291000 ms MarkObjects: 2.191400 ms  DeleteObjects: 0.101700 ms)

Prepare: number of updated asset objects reloaded= 0
AssetImportParameters requested are different than current active one (requested -> active):
  custom:scripting/monoscript/fileName/AsyncTest.cs: ba7b296f91a53eb12a2f973e4bfe6187 -> 76ce712e1c4d409aac5fa695d71d244a
  custom:scripting/monoscript/fileName/XLuaTest_InvokeLua_ICalcBridge.cs: 30fde9c3feb0b30e098352b4dfeb9cae -> 39dbaec3aa6ccdef5b8e133e5c8d912d
  custom:scripting/monoscript/fileName/UnityEngine_BehaviourWrap.cs: 50be6300a89da29ca17ad67a2589a5ca -> 07f04650a03b829841e9fab9d7740454
  custom:scripting/monoscript/fileName/CoroutineTest.cs: 8ff63a150c08cc9bc1500a6e3305dabe -> b55b07dbd7b0751be4b88111c51a8597
  custom:scripting/monoscript/fileName/UnityEngine_WaitForSecondsWrap.cs: 14ce79597090ca49f32e5242d176e3e0 -> f924ebf1733d94f4d65590a1a94e6531
  custom:scripting/monoscript/fileName/XLuaTest_PeddingWrap.cs: 904ed3ab876976c36018836c17a5f7cd -> 87db0d803af8b6af633a98194cb11698
  custom:scripting/monoscript/fileName/LuaBehaviour.cs: c26b3945b1b2533a373318992b28370d -> 8501f2955baa2ae1e4b9dc9f246b814a
  custom:container-demuxer-ogg: 62fdf1f143b41e24485cea50d1cbac27 -> 
  custom:scripting/monoscript/fileName/ObjectTranslatorPool.cs: 0fcc88f1a2575820f34ed99efa865239 -> c088e49ccc65541c1471becee0155ecc
  custom:scripting/monoscript/fileName/ByFile.cs: 4175f9d405491cf5cd12d69fd7ad338b -> 6f3dfbef5ea17c4620534958e4e26f3b
  custom:scripting/monoscript/fileName/ObjectCasters.cs: 2e05dcad88217340e3469b49cb484a5e -> 0c1ed1f1cf3d518e5e522f4d874c21c2
  custom:scripting/monoscript/fileName/UnityEngine_Vector3Wrap.cs: ce0a23addf1a2b20f8676787382fe6da -> 63f465b9380555daafea25b4176adba5
  custom:scripting/monoscript/fileName/ReImplementInLua.cs: 95b77c9b6059158d95dc9a7ae2d1cdb1 -> ccd60d267132159582621b9635d9b5d9
  custom:scripting/monoscript/fileName/UnityEngine_RayWrap.cs: 1b2ced459e0f7fe10c0b5b9489be6f35 -> 0b84fbe6cabdb1173feb41e835ef3a40
  custom:scripting/monoscript/fileName/HotfixTest.cs: 1c02fcc866280314c2a4f14c6d154faa -> 3960e9f9315d94bf0223f379bfbd4a4a
  custom:scripting/monoscript/fileName/WrapPusher.cs: 3b3bd77f226a0f893aad8e7367a0f06b -> a7d84f614ae4cd3b956f9b8556cfd18e
  custom:scripting/monoscript/fileName/RawObject.cs: b7277126f2de8ab75c184e0ffceaa264 -> e4d66a2fce5b764d8103d4567ed38606
  custom:scripting/monoscript/fileName/Tutorial_DerivedClassWrap.cs: a9f1f1a33e70d4aca6ed43632ef080bc -> 1a8da11bcfc26039296e071510ba3246
  custom:video-decoder-ogg-theora: a1e56fd34408186e4bbccfd4996cb3dc -> 
  custom:scripting/monoscript/fileName/LuaTable.cs: 831d394b03ebb276485eae65adc1ccd5 -> afc244f7b5f5d0300b37ddf3297901ec
  custom:scripting/monoscript/fileName/XLuaTest_Foo2ChildWrap.cs: f25917eb49d7296a35740a2c6a4d40ec -> 30fab5c82eb5f5ffb38a0a6d668c1895
  custom:framework-win-MediaFoundation: 216162199b28c13a410421893ffa2e32 -> 
  custom:scripting/monoscript/fileName/UnityEngine_TimeWrap.cs: 582bbe1acbebc99abd038879d2ce291a -> 5e744018ad83dc4e6b5341356b280ff7
  custom:scripting/monoscript/fileName/ObjectTranslator.cs: 3684f948a56ed5cf93b0514e484d3f48 -> dd3d0b582d45a9b753aab5e6237efeb3
  custom:scripting/monoscript/fileName/UnityEngine_AnimationClipWrap.cs: 35e9dbce44e2400ca249a1b04e238032 -> 77a92debc688d37d0c76ed29e7849dc6
  custom:scripting/monoscript/fileName/UnityEngine_MonoBehaviourWrap.cs: ab88a4de07d1ed4d6902d46f78a9c2a5 -> 04d351bf9d6db68acd2847f2651b2d6b
  custom:scripting/monoscript/fileName/UnityEngine_MathfWrap.cs: b8423f29ae782d824fe5861eb133fe99 -> 333033f071a58c53b030860e1dc36f4e
  custom:scripting/monoscript/fileName/Helloworld.cs: 0111736be64650c2c199ab4f2d2240c1 -> 5df6067a12a0276271ef7e4b2f46b98d
  custom:scripting/monoscript/fileName/HotfixTest2.cs: 8e85738438913476ef9e5c92cd26daad -> e6fb5855d637d49dacea7216888e03f7
  custom:scripting/monoscript/fileName/LinkXmlGen.cs: 91d69328c4b5d0ada19c3766b1b6ad15 -> f26ca07c1d6ecd8bde6b48a50ed6d393
  custom:scripting/monoscript/fileName/XLuaTest_Foo1ChildWrap.cs: 4e50b7c1fc1d91200bd6d308925718b7 -> 1c5e3d8cdf39c119ce22e5be32eae9dd
  custom:scripting/monoscript/fileName/LuaDLL.cs: a461d359c0f868ea297a4d0e0fa0810d -> 61e98a188b5f49dbf1a755838a97959a
  custom:scripting/monoscript/fileName/GenAttributes.cs: eecd24d8570c09b2ce8b7a7a7f2d3d12 -> d46b0cff88dfb044f17f4aed96768af1
  custom:scripting/monoscript/fileName/UnityEngine_ResourcesWrap.cs: 7881eec03c10cac6aed4968059672b77 -> 698ab99237a4262ce7f88356cded464a
  custom:scripting/monoscript/fileName/ExampleConfig.cs: 01010b4aed93329e34ab2c68a0d8c398 -> 96766ead2b0a0269b4571117ad9e65bc
  custom:scripting/monoscript/fileName/CSCallLua.cs: e37f012e62a4c619428574814b983ced -> 9d2ef4b275968bd22a483233fb8b554e
  custom:scripting/monoscript/fileName/Utils.cs: cf685c01caf3a4f894711b47bbf947e6 -> 55f902a32cb309b7a62f1e16aa1d617d
  custom:CustomObjectIndexerAttribute: 9a22284fe3817be447336de3de66b15e -> 
  custom:scripting/monoscript/fileName/LuaEnv.cs: 39b0b6f887cfc0f9d8b8bab4d9210e8f -> 89231863be1481a3b9e862fc4fbe0062
  custom:scripting/monoscript/fileName/EnumWrap.cs: e1678317fb40b1504377930932a65f00 -> 71aaf938165cbdbb0ac6c90ffee86023
  custom:container-demuxer-webm: 4f35f7cbe854078d1ac9338744f61a02 -> 
  custom:scripting/monoscript/fileName/UnityEngine_ParticleSystemWrap.cs: ea70451eecfa9db0287288ead2570a87 -> eee33c4ac5a2b762ef5a90683fe90f0f
  custom:scripting/monoscript/fileName/LuaException.cs: 1ddffcc2e8b89810add964c77207e13b -> c33171da8599ff6293dbea39eed5f2df
  custom:scripting/monoscript/fileName/InvokeLua.cs: 8d1030f275cd4c779c8aadb220460431 -> 7479efa8aadd7aed0020601aa4374477
  custom:scripting/monoscript/fileName/XLuaTest_BaseTestWrap.cs: 07e45de8fa2ee7650261714b0c2efcd8 -> 4f21680da7e23ca573808ca54815d505
  custom:scripting/monoscript/fileName/UnityEngine_BoundsWrap.cs: 0ac99f7c45b4a0aef916e0e5b49238c9 -> 3dd26eeb95bac2de8ce2da585d995261
  custom:scripting/monoscript/fileName/PackUnpack.cs: 7bf1a1e4b9a6d19c982a86f574107fe4 -> 273cbe68a303e04c83210a0d1b0dbfc8
  custom:scripting/monoscript/fileName/UnityEngine_KeyframeWrap.cs: 198c4d7f205e316a3726e83558840a1d -> f022c20884bfebd1cdba5d0a32b69287
  custom:scripting/monoscript/fileName/DelegatesGensBridge.cs: 14979ecd91d982a7d4b63ce8b241a2cb -> 9b33d1c344798966a03eb7d32474259e
  custom:scripting/monoscript/fileName/SignatureLoader.cs: f9b5b4f501bbc4033b1d26e1c53bc27d -> 2543099e1b7f94e78f488961484e5e52
  custom:scripting/monoscript/fileName/Coroutine_Runner.cs: 931214e1a723b03a7a230109c4225361 -> 690ad48fe9500ae79da028936c127982
  custom:container-muxer-webm: aa71ff27fc2769a1b78a27578f13a17b -> 
  custom:scripting/monoscript/fileName/NoGc.cs: 93f5576a58657b60a9c431df8280450e -> 468686911b292518222c0fc5fca7afd3
  custom:scripting/monoscript/fileName/ObjectPool.cs: bd4befac00d17d6ebf9e5f1d7d75cb4c -> 41af867cc123c070dfe6b15d45bb5402
  custom:video-decoder-webm-vp8: 9c59270c3fd7afecdb556c50c9e8de78 -> 
  custom:scripting/monoscript/fileName/XLuaTest_FooWrap.cs: 94d50054e40ab48511cae7fb0b602c9b -> abbeeb9782209030752aecf7c8307085
  custom:scripting/monoscript/fileName/Report.cs: 3c6fcdd086fb055c4c3456a5e0e35198 -> e51741919754948773e5898850c9f663
  custom:scripting/monoscript/fileName/Tutorial_DerivedClassExtensionsWrap.cs: 8d3a8d18ccf52ef11958b45f9012fc25 -> e71c7199b289862c70f81cc97fad9cd1
  custom:scripting/monoscript/fileName/System_Collections_Generic_List_1_System_Int32_Wrap.cs: 17851e7c00326059ae0787338228160b -> 0d81f6d3ce2afe6f735fa61fb6f44318
  custom:scripting/monoscript/fileName/XLuaGenAutoRegister.cs: d853ef44aabfccb80e0b7c076b61770b -> f7d7a1bdecea0875c31215b468d1ea3c
  custom:SearchIndexIgnoredProperties: e643bd26f0fe6173181afceb89e7c659 -> 
  custom:scripting/monoscript/fileName/UnityEngine_ColorWrap.cs: bd8e985ef59408a673873236ce871e73 -> a2199b901d8d68ac06d36f834d48f0de
  custom:AudioImporter_EditorPlatform: d09bf68614088b80899f8185d706f6e7 -> 
  custom:scripting/monoscript/fileName/GenericMethodExample.cs: 71308a9675c9d31b6584afd047da40d6 -> c3c4960d5a8b500e2f93697b37d06ae2
  custom:scripting/monoscript/fileName/TypeExtensions.cs: 68c704b8c6c4fa976b931eabe81ac9ee -> 6ecc1d6c2137d4648cc597a57d0741c7
  custom:scripting/monoscript/fileName/Tutorial_BaseClassWrap.cs: 0cb2af1d083b0b2c5e8cb36d24bfb39c -> 82bd31d966804ddf94755f42eec25c75
  custom:scripting/monoscript/fileName/UnityEngine_Ray2DWrap.cs: 0739f12fd5151febac857f4bf1dfbf4b -> 3948513cbdb210ff5fa49a4b2880e106
  custom:scripting/monoscript/fileName/UnityEngine_ComponentWrap.cs: e27295da2190ed2ebf55b5ac632d7f35 -> 3c3e0b9fedb2878f9f3fac771839136b
  custom:scripting/monoscript/fileName/CustomLoader.cs: 612387837da882e343b6793882f715b4 -> 3c04d951376acd618234995a34635baf
  custom:scripting/monoscript/fileName/BuildFromCLI.cs: a3c0f780c3b3a6e3a59fd5c2a4761ee3 -> ef1665cfd7adbd546e15cd58c9f7c486
  custom:scripting/monoscript/fileName/System_ObjectWrap.cs: c4f7132fadbd7f5f459fdffb106ce8ad -> 9fb5e5ed9e38c23dad1e0232edf0373b
  custom:scripting/monoscript/fileName/XLuaTest_Foo1ParentWrap.cs: 4d06c6c313846bbd2659cf013bd8c081 -> bc3faaa30d66f1a9334279476c37b2a8
  custom:scripting/monoscript/fileName/StatefullTest.cs: ac9082cda8d79beb987af6f68f5d30cd -> 5d22c8326914d95b29e418e9d014cf15
  custom:scripting/monoscript/fileName/InternalGlobals.cs: c7a0f72bef146ff41c15b3b535d6bdf9 -> 009e626d008ed11807341f4cf6fb3a9c
  custom:scripting/monoscript/fileName/XLuaTest_FooExtensionWrap.cs: 0cf66dd4ab170a1f2008f8b97f4f2106 -> 778d9d5cc8332e1d0739618b88aa2bb9
  custom:scripting/monoscript/fileName/DelegateBridge.cs: 59e13ad21dfacf0ee52e76776a9542b7 -> 4daef522f87298a8262553f6fd5bf8f2
  custom:scripting/monoscript/fileName/Foo.cs: b60484b40971b80860ed72eb65234dc1 -> f1cbde57f1c636c66a444cf720c99995
  custom:scripting/monoscript/fileName/UnityEngine_QuaternionWrap.cs: d7776a0aea79cbcec5ba2c36565a1173 -> 2be38f3d0f8715c9babd38533b7cc2f6
  custom:scripting/monoscript/fileName/ExampleGenConfig.cs: 402439a475ab0614d6514789dc967063 -> 2d21554d83bd53efca28765b954d65c7
  custom:scripting/monoscript/fileName/TemplateRef.cs: 894e64faa8518e7345655e4a3a343abf -> e57f72b6ec3c4672428b8339ce53c07a
  custom:scripting/monoscript/fileName/ByString.cs: 83f4bb3773b202a1550c80bc6c09d1a8 -> 71ac2dce49068f904e2150c45e200cdb
  custom:scripting/monoscript/fileName/UnityEngine_AnimationCurveWrap.cs: f2332648b2113d579022f7ac44ddf1a2 -> a1b4a7dab75f49fff03082ff025e4e5e
  custom:scripting/monoscript/fileName/XLuaTest_IExchangerBridge.cs: dbb2be54f36a2496a4425e7ceb90b9b9 -> a1b04ba231b7210d75c48779fb061387
  custom:scripting/monoscript/fileName/LuaBase.cs: fd57dc59c72dd7c1f0204d91abf1345d -> f0e74d4e175e23617aebee3a1fbf3735
  custom:scripting/monoscript/fileName/UnityEngine_LightWrap.cs: d3e76313bbab2d6f78618d0a96177993 -> afdccdb78964e15816bd84ff574e1d72
  custom:scripting/monoscript/fileName/System_Collections_IEnumeratorBridge.cs: e58d0dcf0aa39125fd572da9408c5a63 -> a6b8b2b6997973169c6bebc4e00197c3
  custom:scripting/monoscript/fileName/GenericDelegateBridge.cs: 14979ecd91d982a7d4b63ce8b241a2cb -> 9b33d1c344798966a03eb7d32474259e
  custom:video-encoder-webm-vp8: eb34c28f22e8b96e1ab97ce403110664 -> 
  custom:scripting/monoscript/fileName/LuaCallCs.cs: d69c2b3b74160f3f6c507a63e395d1b8 -> 80d51efbfa90ec9a93bf6c4f217fae70
  custom:scripting/monoscript/fileName/XLuaTest_Foo2ParentWrap.cs: 3cfc8bf6cad7ab5669e86f82da9efffc -> e55fdaf088679107b1602d0f4f018827
  custom:scripting/monoscript/fileName/Tutorial_CSCallLua_ItfDBridge.cs: d05148e45525d393370f3ca919d4cdc0 -> 4e0a8d0795850c18cf92cbc673dc6199
  custom:scripting/monoscript/fileName/UnityEngine_Vector2Wrap.cs: dfd1be4a9f736e54a226859ba85dbc30 -> d8bd11c5df83747314d76d2e1152a25a
  custom:audio-decoder-ogg-vorbis: bf7c407c2cedff20999df2af8eb42d56 -> 
  custom:scripting/monoscript/fileName/UnityEngine_GameObjectWrap.cs: c4cddad80b77cae4a3f64483d25e1457 -> 499beb086fe32ba82bd6b30d04f108ea
  custom:scripting/monoscript/fileName/XLuaTest_NoGcWrap.cs: 7c2153fc9ca9cd0a3cc8b2d8a5de2fcd -> b8ab725f3034c7583c772afc97e73cfe
  custom:scripting/monoscript/fileName/UnityEngine_DebugWrap.cs: a14c41c7fbd7dec62bec687de4c6fe27 -> 2a23054f13a8c643d838dbc57d787e1a
  custom:scripting/monoscript/fileName/TemplateEngine.cs: d4247539e36868281066dc2ffa847cbd -> 196c6eecd2e70276dab2c9a7b0cf2d59
  custom:scripting/monoscript/fileName/UnityEngine_SkinnedMeshRendererWrap.cs: 9ad169117eb1ff375ebe298216e6901c -> e6c3bb62aa80867a3afe5dcbb6224761
  custom:scripting/monoscript/fileName/CopyByValue.cs: 7bf1a1e4b9a6d19c982a86f574107fe4 -> 273cbe68a303e04c83210a0d1b0dbfc8
  custom:scripting/monoscript/fileName/Generator.cs: 5c2a3602a0cfb4641043518ccc18ad89 -> e11eefc36c86800da100cf1a4789c73c
  custom:scripting/monoscript/fileName/SignatureLoaderTest.cs: 37ed863ad0370c096ad98942100ce390 -> 8c9bdabb3430d1beabc1824b7aff6019
  custom:scripting/monoscript/fileName/HotfixTestCfg.cs: 7d41c7a61129380f568a08461036f7c3 -> a7321a5cbaeb2b6b22c71e624ff03625
  custom:scripting/monoscript/fileName/MessageBox.cs: 17d47f136e1a2eb08b8ca17667071821 -> febd8bda4c1c594acb6f720026ed3aee
  custom:scripting/monoscript/fileName/UnityEngine_TextAssetWrap.cs: a895654ec821ef871bab45f0bf4ab1bf -> 96eae3d139831963806db363328bfefe
  custom:scripting/monoscript/fileName/XLuaUnityDefaultConfig.cs: 847f92567dd164ad0f0a1c4536b7e6e7 -> 12ee8270b5ca2ec2875a29a6c838143c
  custom:scripting/monoscript/fileName/UnityEngine_TransformWrap.cs: 1ec7fdf0df78c54383c54d4890267885 -> 50d916bbc9cc3aa204547c1dbcf1b841
  custom:scripting/monoscript/fileName/UnityEngine_RendererWrap.cs: f2bb488dcafa31d4d1829db70de7e3de -> e28d66316639c5d4634a4f4176885c0f
  custom:scripting/monoscript/fileName/LuaFunction.cs: 6bea6a53e0ef7f4c19887edd95529fba -> 9f9e88fec2de37a51bb5cc9b6b08d6b9
  custom:audio-encoder-webm-vorbis: bf7c407c2cedff20999df2af8eb42d56 -> 
  custom:scripting/monoscript/fileName/XLuaTest_LuaBehaviourWrap.cs: eb21b90bdd58645712610184d1a6b02e -> 8a24807dde2ec4b5434d8876b84591df
  custom:scripting/monoscript/fileName/UnityEngine_Vector4Wrap.cs: 4736b1d9605ba5be814644e3bcc9e928 -> e876ed87f63c3dc401e686c851325f69
  custom:scripting/precompiled-assembly-types:Assembly-CSharp-Editor: 8329d2703a1fb80f61cc70ee984418c3 -> f3104d4e56e8a73f04df252396e09d4f
  custom:scripting/monoscript/fileName/XLuaTest_MyStructWrap.cs: 55519c14d8f95433c1b6e262daa1d322 -> bcfe0251bd793e1e64a466467ef9f39d
  custom:scripting/monoscript/fileName/StaticLuaCallbacks.cs: 806d4721af6e97ac563013320c7b3d7a -> 9d25aed2b0bb83738cfec7ef5ea55802
  custom:scripting/monoscript/fileName/UnityEngine_ObjectWrap.cs: acbfc6ebce3660b3cec600cb246312ee -> d239f04268fb712161f840d533347443
  custom:scripting/monoscript/fileName/RawObjectTest.cs: c3d9c6b1a141374366b8d8ccf99991a4 -> af9e06db1e13155c5410c0aa29232eac
  custom:scripting/monoscript/fileName/MethodWarpsCache.cs: a0fd87c86e3eda41e7890d27658be598 -> 182591812fc1e7cc805d3eb126c7629a
  custom:scripting/precompiled-assembly-types:Assembly-CSharp: 99b328417248fea24142d71679fac050 -> 6d2cbbca728bbcc514a1a97e862a8e21
  custom:scripting/monoscript/fileName/Tutorial_ICalcWrap.cs: 9802804745e09aa6d92fbca1a46de55a -> 03d02c9cf202af74271e6b9339f2aa97
========================================================================
Received Prepare
Caller must complete domain reload
Begin MonoManager ReloadAssembly
- Loaded All Assemblies, in  0.609 seconds
Native extension for WindowsStandalone target not found
Mono: successfully reloaded assembly
- Finished resetting the current domain, in  1.239 seconds
Domain Reload Profiling: 1845ms
	BeginReloadAssembly (178ms)
		ExecutionOrderSort (0ms)
		DisableScriptedObjects (4ms)
		BackupInstance (0ms)
		ReleaseScriptingObjects (0ms)
		CreateAndSetChildDomain (41ms)
	RebuildCommonClasses (38ms)
	RebuildNativeTypeToScriptingClass (10ms)
	initialDomainReloadingComplete (36ms)
	LoadAllAssembliesAndSetupDomain (344ms)
		LoadAssemblies (384ms)
		RebuildTransferFunctionScriptingTraits (0ms)
		AnalyzeDomain (54ms)
			TypeCache.Refresh (26ms)
				TypeCache.ScanAssembly (3ms)
			ScanForSourceGeneratedMonoScriptInfo (15ms)
			ResolveRequiredComponents (8ms)
	FinalizeReload (1239ms)
		ReleaseScriptCaches (0ms)
		RebuildScriptCaches (0ms)
		SetupLoadedEditorAssemblies (501ms)
			LogAssemblyErrors (0ms)
			InitializePlatformSupportModulesInManaged (7ms)
			SetLoadedEditorAssemblies (4ms)
			RefreshPlugins (0ms)
			BeforeProcessingInitializeOnLoad (73ms)
			ProcessInitializeOnLoadAttributes (347ms)
			ProcessInitializeOnLoadMethodAttributes (62ms)
			AfterProcessingInitializeOnLoad (7ms)
			EditorAssembliesLoaded (0ms)
		ExecutionOrderSort2 (0ms)
		AwakeInstancesAfterBackupRestoration (7ms)
Refreshing native plugins compatible for Editor in 8.23 ms, found 4 plugins.
Preloading 0 native plugins for Editor in 0.00 ms.
Unloading 4311 Unused Serialized files (Serialized files now loaded: 0)
Unloading 70 unused Assets / (360.0 KB). Loaded Objects now: 4894.
Memory consumption went from 151.6 MB to 151.2 MB.
Total: 3.236000 ms (FindLiveObjects: 0.373700 ms CreateObjectMapping: 0.296400 ms MarkObjects: 2.395700 ms  DeleteObjects: 0.169200 ms)

Prepare: number of updated asset objects reloaded= 0
AssetImportParameters requested are different than current active one (requested -> active):
  custom:scripting/monoscript/fileName/AsyncTest.cs: ba7b296f91a53eb12a2f973e4bfe6187 -> 76ce712e1c4d409aac5fa695d71d244a
  custom:scripting/monoscript/fileName/XLuaTest_InvokeLua_ICalcBridge.cs: 30fde9c3feb0b30e098352b4dfeb9cae -> 39dbaec3aa6ccdef5b8e133e5c8d912d
  custom:scripting/monoscript/fileName/UnityEngine_BehaviourWrap.cs: 50be6300a89da29ca17ad67a2589a5ca -> 07f04650a03b829841e9fab9d7740454
  custom:scripting/monoscript/fileName/CoroutineTest.cs: 8ff63a150c08cc9bc1500a6e3305dabe -> b55b07dbd7b0751be4b88111c51a8597
  custom:scripting/monoscript/fileName/UnityEngine_WaitForSecondsWrap.cs: 14ce79597090ca49f32e5242d176e3e0 -> f924ebf1733d94f4d65590a1a94e6531
  custom:scripting/monoscript/fileName/XLuaTest_PeddingWrap.cs: 904ed3ab876976c36018836c17a5f7cd -> 87db0d803af8b6af633a98194cb11698
  custom:scripting/monoscript/fileName/LuaBehaviour.cs: c26b3945b1b2533a373318992b28370d -> 8501f2955baa2ae1e4b9dc9f246b814a
  custom:container-demuxer-ogg: 62fdf1f143b41e24485cea50d1cbac27 -> 
  custom:scripting/monoscript/fileName/ObjectTranslatorPool.cs: 0fcc88f1a2575820f34ed99efa865239 -> c088e49ccc65541c1471becee0155ecc
  custom:scripting/monoscript/fileName/ByFile.cs: 4175f9d405491cf5cd12d69fd7ad338b -> 6f3dfbef5ea17c4620534958e4e26f3b
  custom:scripting/monoscript/fileName/ObjectCasters.cs: 2e05dcad88217340e3469b49cb484a5e -> 0c1ed1f1cf3d518e5e522f4d874c21c2
  custom:scripting/monoscript/fileName/UnityEngine_Vector3Wrap.cs: ce0a23addf1a2b20f8676787382fe6da -> 63f465b9380555daafea25b4176adba5
  custom:scripting/monoscript/fileName/ReImplementInLua.cs: 95b77c9b6059158d95dc9a7ae2d1cdb1 -> ccd60d267132159582621b9635d9b5d9
  custom:scripting/monoscript/fileName/UnityEngine_RayWrap.cs: 1b2ced459e0f7fe10c0b5b9489be6f35 -> 0b84fbe6cabdb1173feb41e835ef3a40
  custom:scripting/monoscript/fileName/HotfixTest.cs: 1c02fcc866280314c2a4f14c6d154faa -> 3960e9f9315d94bf0223f379bfbd4a4a
  custom:scripting/monoscript/fileName/WrapPusher.cs: 3b3bd77f226a0f893aad8e7367a0f06b -> a7d84f614ae4cd3b956f9b8556cfd18e
  custom:scripting/monoscript/fileName/RawObject.cs: b7277126f2de8ab75c184e0ffceaa264 -> e4d66a2fce5b764d8103d4567ed38606
  custom:scripting/monoscript/fileName/Tutorial_DerivedClassWrap.cs: a9f1f1a33e70d4aca6ed43632ef080bc -> 1a8da11bcfc26039296e071510ba3246
  custom:video-decoder-ogg-theora: a1e56fd34408186e4bbccfd4996cb3dc -> 
  custom:scripting/monoscript/fileName/LuaTable.cs: 831d394b03ebb276485eae65adc1ccd5 -> afc244f7b5f5d0300b37ddf3297901ec
  custom:scripting/monoscript/fileName/XLuaTest_Foo2ChildWrap.cs: f25917eb49d7296a35740a2c6a4d40ec -> 30fab5c82eb5f5ffb38a0a6d668c1895
  custom:framework-win-MediaFoundation: 216162199b28c13a410421893ffa2e32 -> 
  custom:scripting/monoscript/fileName/UnityEngine_TimeWrap.cs: 582bbe1acbebc99abd038879d2ce291a -> 5e744018ad83dc4e6b5341356b280ff7
  custom:scripting/monoscript/fileName/ObjectTranslator.cs: 3684f948a56ed5cf93b0514e484d3f48 -> dd3d0b582d45a9b753aab5e6237efeb3
  custom:scripting/monoscript/fileName/UnityEngine_AnimationClipWrap.cs: 35e9dbce44e2400ca249a1b04e238032 -> 77a92debc688d37d0c76ed29e7849dc6
  custom:scripting/monoscript/fileName/UnityEngine_MonoBehaviourWrap.cs: ab88a4de07d1ed4d6902d46f78a9c2a5 -> 04d351bf9d6db68acd2847f2651b2d6b
  custom:scripting/monoscript/fileName/UnityEngine_MathfWrap.cs: b8423f29ae782d824fe5861eb133fe99 -> 333033f071a58c53b030860e1dc36f4e
  custom:scripting/monoscript/fileName/Helloworld.cs: 0111736be64650c2c199ab4f2d2240c1 -> 5df6067a12a0276271ef7e4b2f46b98d
  custom:scripting/monoscript/fileName/HotfixTest2.cs: 8e85738438913476ef9e5c92cd26daad -> e6fb5855d637d49dacea7216888e03f7
  custom:scripting/monoscript/fileName/LinkXmlGen.cs: 91d69328c4b5d0ada19c3766b1b6ad15 -> f26ca07c1d6ecd8bde6b48a50ed6d393
  custom:scripting/monoscript/fileName/XLuaTest_Foo1ChildWrap.cs: 4e50b7c1fc1d91200bd6d308925718b7 -> 1c5e3d8cdf39c119ce22e5be32eae9dd
  custom:scripting/monoscript/fileName/LuaDLL.cs: a461d359c0f868ea297a4d0e0fa0810d -> 61e98a188b5f49dbf1a755838a97959a
  custom:scripting/monoscript/fileName/GenAttributes.cs: eecd24d8570c09b2ce8b7a7a7f2d3d12 -> d46b0cff88dfb044f17f4aed96768af1
  custom:scripting/monoscript/fileName/UnityEngine_ResourcesWrap.cs: 7881eec03c10cac6aed4968059672b77 -> 698ab99237a4262ce7f88356cded464a
  custom:scripting/monoscript/fileName/ExampleConfig.cs: 01010b4aed93329e34ab2c68a0d8c398 -> 96766ead2b0a0269b4571117ad9e65bc
  custom:scripting/monoscript/fileName/CSCallLua.cs: e37f012e62a4c619428574814b983ced -> 9d2ef4b275968bd22a483233fb8b554e
  custom:scripting/monoscript/fileName/Utils.cs: cf685c01caf3a4f894711b47bbf947e6 -> 55f902a32cb309b7a62f1e16aa1d617d
  custom:CustomObjectIndexerAttribute: 9a22284fe3817be447336de3de66b15e -> 
  custom:scripting/monoscript/fileName/LuaEnv.cs: 39b0b6f887cfc0f9d8b8bab4d9210e8f -> 89231863be1481a3b9e862fc4fbe0062
  custom:scripting/monoscript/fileName/EnumWrap.cs: e1678317fb40b1504377930932a65f00 -> 71aaf938165cbdbb0ac6c90ffee86023
  custom:container-demuxer-webm: 4f35f7cbe854078d1ac9338744f61a02 -> 
  custom:scripting/monoscript/fileName/UnityEngine_ParticleSystemWrap.cs: ea70451eecfa9db0287288ead2570a87 -> eee33c4ac5a2b762ef5a90683fe90f0f
  custom:scripting/monoscript/fileName/LuaException.cs: 1ddffcc2e8b89810add964c77207e13b -> c33171da8599ff6293dbea39eed5f2df
  custom:scripting/monoscript/fileName/InvokeLua.cs: 8d1030f275cd4c779c8aadb220460431 -> 7479efa8aadd7aed0020601aa4374477
  custom:scripting/monoscript/fileName/XLuaTest_BaseTestWrap.cs: 07e45de8fa2ee7650261714b0c2efcd8 -> 4f21680da7e23ca573808ca54815d505
  custom:scripting/monoscript/fileName/UnityEngine_BoundsWrap.cs: 0ac99f7c45b4a0aef916e0e5b49238c9 -> 3dd26eeb95bac2de8ce2da585d995261
  custom:scripting/monoscript/fileName/PackUnpack.cs: 7bf1a1e4b9a6d19c982a86f574107fe4 -> 273cbe68a303e04c83210a0d1b0dbfc8
  custom:scripting/monoscript/fileName/UnityEngine_KeyframeWrap.cs: 198c4d7f205e316a3726e83558840a1d -> f022c20884bfebd1cdba5d0a32b69287
  custom:scripting/monoscript/fileName/DelegatesGensBridge.cs: 14979ecd91d982a7d4b63ce8b241a2cb -> 9b33d1c344798966a03eb7d32474259e
  custom:scripting/monoscript/fileName/SignatureLoader.cs: f9b5b4f501bbc4033b1d26e1c53bc27d -> 2543099e1b7f94e78f488961484e5e52
  custom:scripting/monoscript/fileName/Coroutine_Runner.cs: 931214e1a723b03a7a230109c4225361 -> 690ad48fe9500ae79da028936c127982
  custom:container-muxer-webm: aa71ff27fc2769a1b78a27578f13a17b -> 
  custom:scripting/monoscript/fileName/NoGc.cs: 93f5576a58657b60a9c431df8280450e -> 468686911b292518222c0fc5fca7afd3
  custom:scripting/monoscript/fileName/ObjectPool.cs: bd4befac00d17d6ebf9e5f1d7d75cb4c -> 41af867cc123c070dfe6b15d45bb5402
  custom:video-decoder-webm-vp8: 9c59270c3fd7afecdb556c50c9e8de78 -> 
  custom:scripting/monoscript/fileName/XLuaTest_FooWrap.cs: 94d50054e40ab48511cae7fb0b602c9b -> abbeeb9782209030752aecf7c8307085
  custom:scripting/monoscript/fileName/Report.cs: 3c6fcdd086fb055c4c3456a5e0e35198 -> e51741919754948773e5898850c9f663
  custom:scripting/monoscript/fileName/Tutorial_DerivedClassExtensionsWrap.cs: 8d3a8d18ccf52ef11958b45f9012fc25 -> e71c7199b289862c70f81cc97fad9cd1
  custom:scripting/monoscript/fileName/System_Collections_Generic_List_1_System_Int32_Wrap.cs: 17851e7c00326059ae0787338228160b -> 0d81f6d3ce2afe6f735fa61fb6f44318
  custom:scripting/monoscript/fileName/XLuaGenAutoRegister.cs: d853ef44aabfccb80e0b7c076b61770b -> f7d7a1bdecea0875c31215b468d1ea3c
  custom:SearchIndexIgnoredProperties: e643bd26f0fe6173181afceb89e7c659 -> 
  custom:scripting/monoscript/fileName/UnityEngine_ColorWrap.cs: bd8e985ef59408a673873236ce871e73 -> a2199b901d8d68ac06d36f834d48f0de
  custom:AudioImporter_EditorPlatform: d09bf68614088b80899f8185d706f6e7 -> 
  custom:scripting/monoscript/fileName/GenericMethodExample.cs: 71308a9675c9d31b6584afd047da40d6 -> c3c4960d5a8b500e2f93697b37d06ae2
  custom:scripting/monoscript/fileName/TypeExtensions.cs: 68c704b8c6c4fa976b931eabe81ac9ee -> 6ecc1d6c2137d4648cc597a57d0741c7
  custom:scripting/monoscript/fileName/Tutorial_BaseClassWrap.cs: 0cb2af1d083b0b2c5e8cb36d24bfb39c -> 82bd31d966804ddf94755f42eec25c75
  custom:scripting/monoscript/fileName/UnityEngine_Ray2DWrap.cs: 0739f12fd5151febac857f4bf1dfbf4b -> 3948513cbdb210ff5fa49a4b2880e106
  custom:scripting/monoscript/fileName/UnityEngine_ComponentWrap.cs: e27295da2190ed2ebf55b5ac632d7f35 -> 3c3e0b9fedb2878f9f3fac771839136b
  custom:scripting/monoscript/fileName/CustomLoader.cs: 612387837da882e343b6793882f715b4 -> 3c04d951376acd618234995a34635baf
  custom:scripting/monoscript/fileName/BuildFromCLI.cs: a3c0f780c3b3a6e3a59fd5c2a4761ee3 -> ef1665cfd7adbd546e15cd58c9f7c486
  custom:scripting/monoscript/fileName/System_ObjectWrap.cs: c4f7132fadbd7f5f459fdffb106ce8ad -> 9fb5e5ed9e38c23dad1e0232edf0373b
  custom:scripting/monoscript/fileName/XLuaTest_Foo1ParentWrap.cs: 4d06c6c313846bbd2659cf013bd8c081 -> bc3faaa30d66f1a9334279476c37b2a8
  custom:scripting/monoscript/fileName/StatefullTest.cs: ac9082cda8d79beb987af6f68f5d30cd -> 5d22c8326914d95b29e418e9d014cf15
  custom:scripting/monoscript/fileName/InternalGlobals.cs: c7a0f72bef146ff41c15b3b535d6bdf9 -> 009e626d008ed11807341f4cf6fb3a9c
  custom:scripting/monoscript/fileName/XLuaTest_FooExtensionWrap.cs: 0cf66dd4ab170a1f2008f8b97f4f2106 -> 778d9d5cc8332e1d0739618b88aa2bb9
  custom:scripting/monoscript/fileName/DelegateBridge.cs: 59e13ad21dfacf0ee52e76776a9542b7 -> 4daef522f87298a8262553f6fd5bf8f2
  custom:scripting/monoscript/fileName/Foo.cs: b60484b40971b80860ed72eb65234dc1 -> f1cbde57f1c636c66a444cf720c99995
  custom:scripting/monoscript/fileName/UnityEngine_QuaternionWrap.cs: d7776a0aea79cbcec5ba2c36565a1173 -> 2be38f3d0f8715c9babd38533b7cc2f6
  custom:scripting/monoscript/fileName/ExampleGenConfig.cs: 402439a475ab0614d6514789dc967063 -> 2d21554d83bd53efca28765b954d65c7
  custom:scripting/monoscript/fileName/TemplateRef.cs: 894e64faa8518e7345655e4a3a343abf -> e57f72b6ec3c4672428b8339ce53c07a
  custom:scripting/monoscript/fileName/ByString.cs: 83f4bb3773b202a1550c80bc6c09d1a8 -> 71ac2dce49068f904e2150c45e200cdb
  custom:scripting/monoscript/fileName/UnityEngine_AnimationCurveWrap.cs: f2332648b2113d579022f7ac44ddf1a2 -> a1b4a7dab75f49fff03082ff025e4e5e
  custom:scripting/monoscript/fileName/XLuaTest_IExchangerBridge.cs: dbb2be54f36a2496a4425e7ceb90b9b9 -> a1b04ba231b7210d75c48779fb061387
  custom:scripting/monoscript/fileName/LuaBase.cs: fd57dc59c72dd7c1f0204d91abf1345d -> f0e74d4e175e23617aebee3a1fbf3735
  custom:scripting/monoscript/fileName/UnityEngine_LightWrap.cs: d3e76313bbab2d6f78618d0a96177993 -> afdccdb78964e15816bd84ff574e1d72
  custom:scripting/monoscript/fileName/System_Collections_IEnumeratorBridge.cs: e58d0dcf0aa39125fd572da9408c5a63 -> a6b8b2b6997973169c6bebc4e00197c3
  custom:scripting/monoscript/fileName/GenericDelegateBridge.cs: 14979ecd91d982a7d4b63ce8b241a2cb -> 9b33d1c344798966a03eb7d32474259e
  custom:video-encoder-webm-vp8: eb34c28f22e8b96e1ab97ce403110664 -> 
  custom:scripting/monoscript/fileName/LuaCallCs.cs: d69c2b3b74160f3f6c507a63e395d1b8 -> 80d51efbfa90ec9a93bf6c4f217fae70
  custom:scripting/monoscript/fileName/XLuaTest_Foo2ParentWrap.cs: 3cfc8bf6cad7ab5669e86f82da9efffc -> e55fdaf088679107b1602d0f4f018827
  custom:scripting/monoscript/fileName/Tutorial_CSCallLua_ItfDBridge.cs: d05148e45525d393370f3ca919d4cdc0 -> 4e0a8d0795850c18cf92cbc673dc6199
  custom:scripting/monoscript/fileName/UnityEngine_Vector2Wrap.cs: dfd1be4a9f736e54a226859ba85dbc30 -> d8bd11c5df83747314d76d2e1152a25a
  custom:audio-decoder-ogg-vorbis: bf7c407c2cedff20999df2af8eb42d56 -> 
  custom:scripting/monoscript/fileName/UnityEngine_GameObjectWrap.cs: c4cddad80b77cae4a3f64483d25e1457 -> 499beb086fe32ba82bd6b30d04f108ea
  custom:scripting/monoscript/fileName/XLuaTest_NoGcWrap.cs: 7c2153fc9ca9cd0a3cc8b2d8a5de2fcd -> b8ab725f3034c7583c772afc97e73cfe
  custom:scripting/monoscript/fileName/UnityEngine_DebugWrap.cs: a14c41c7fbd7dec62bec687de4c6fe27 -> 2a23054f13a8c643d838dbc57d787e1a
  custom:scripting/monoscript/fileName/TemplateEngine.cs: d4247539e36868281066dc2ffa847cbd -> 196c6eecd2e70276dab2c9a7b0cf2d59
  custom:scripting/monoscript/fileName/UnityEngine_SkinnedMeshRendererWrap.cs: 9ad169117eb1ff375ebe298216e6901c -> e6c3bb62aa80867a3afe5dcbb6224761
  custom:scripting/monoscript/fileName/CopyByValue.cs: 7bf1a1e4b9a6d19c982a86f574107fe4 -> 273cbe68a303e04c83210a0d1b0dbfc8
  custom:scripting/monoscript/fileName/Generator.cs: 5c2a3602a0cfb4641043518ccc18ad89 -> e11eefc36c86800da100cf1a4789c73c
  custom:scripting/monoscript/fileName/SignatureLoaderTest.cs: 37ed863ad0370c096ad98942100ce390 -> 8c9bdabb3430d1beabc1824b7aff6019
  custom:scripting/monoscript/fileName/HotfixTestCfg.cs: 7d41c7a61129380f568a08461036f7c3 -> a7321a5cbaeb2b6b22c71e624ff03625
  custom:scripting/monoscript/fileName/MessageBox.cs: 17d47f136e1a2eb08b8ca17667071821 -> febd8bda4c1c594acb6f720026ed3aee
  custom:scripting/monoscript/fileName/UnityEngine_TextAssetWrap.cs: a895654ec821ef871bab45f0bf4ab1bf -> 96eae3d139831963806db363328bfefe
  custom:scripting/monoscript/fileName/XLuaUnityDefaultConfig.cs: 847f92567dd164ad0f0a1c4536b7e6e7 -> 12ee8270b5ca2ec2875a29a6c838143c
  custom:scripting/monoscript/fileName/UnityEngine_TransformWrap.cs: 1ec7fdf0df78c54383c54d4890267885 -> 50d916bbc9cc3aa204547c1dbcf1b841
  custom:scripting/monoscript/fileName/UnityEngine_RendererWrap.cs: f2bb488dcafa31d4d1829db70de7e3de -> e28d66316639c5d4634a4f4176885c0f
  custom:scripting/monoscript/fileName/LuaFunction.cs: 6bea6a53e0ef7f4c19887edd95529fba -> 9f9e88fec2de37a51bb5cc9b6b08d6b9
  custom:audio-encoder-webm-vorbis: bf7c407c2cedff20999df2af8eb42d56 -> 
  custom:scripting/monoscript/fileName/XLuaTest_LuaBehaviourWrap.cs: eb21b90bdd58645712610184d1a6b02e -> 8a24807dde2ec4b5434d8876b84591df
  custom:scripting/monoscript/fileName/UnityEngine_Vector4Wrap.cs: 4736b1d9605ba5be814644e3bcc9e928 -> e876ed87f63c3dc401e686c851325f69
  custom:scripting/precompiled-assembly-types:Assembly-CSharp-Editor: 8329d2703a1fb80f61cc70ee984418c3 -> f3104d4e56e8a73f04df252396e09d4f
  custom:scripting/monoscript/fileName/XLuaTest_MyStructWrap.cs: 55519c14d8f95433c1b6e262daa1d322 -> bcfe0251bd793e1e64a466467ef9f39d
  custom:scripting/monoscript/fileName/StaticLuaCallbacks.cs: 806d4721af6e97ac563013320c7b3d7a -> 9d25aed2b0bb83738cfec7ef5ea55802
  custom:scripting/monoscript/fileName/UnityEngine_ObjectWrap.cs: acbfc6ebce3660b3cec600cb246312ee -> d239f04268fb712161f840d533347443
  custom:scripting/monoscript/fileName/RawObjectTest.cs: c3d9c6b1a141374366b8d8ccf99991a4 -> af9e06db1e13155c5410c0aa29232eac
  custom:scripting/monoscript/fileName/MethodWarpsCache.cs: a0fd87c86e3eda41e7890d27658be598 -> 182591812fc1e7cc805d3eb126c7629a
  custom:scripting/precompiled-assembly-types:Assembly-CSharp: cfa94845adbe4abbe3ad7874ae813a74 -> 6d2cbbca728bbcc514a1a97e862a8e21
  custom:scripting/monoscript/fileName/Tutorial_ICalcWrap.cs: 9802804745e09aa6d92fbca1a46de55a -> 03d02c9cf202af74271e6b9339f2aa97
========================================================================
Received Prepare
Caller must complete domain reload
Begin MonoManager ReloadAssembly
- Loaded All Assemblies, in  0.599 seconds
Native extension for WindowsStandalone target not found
Mono: successfully reloaded assembly
- Finished resetting the current domain, in  1.154 seconds
Domain Reload Profiling: 1749ms
	BeginReloadAssembly (199ms)
		ExecutionOrderSort (0ms)
		DisableScriptedObjects (4ms)
		BackupInstance (0ms)
		ReleaseScriptingObjects (0ms)
		CreateAndSetChildDomain (39ms)
	RebuildCommonClasses (43ms)
	RebuildNativeTypeToScriptingClass (11ms)
	initialDomainReloadingComplete (34ms)
	LoadAllAssembliesAndSetupDomain (306ms)
		LoadAssemblies (388ms)
		RebuildTransferFunctionScriptingTraits (0ms)
		AnalyzeDomain (38ms)
			TypeCache.Refresh (16ms)
				TypeCache.ScanAssembly (5ms)
			ScanForSourceGeneratedMonoScriptInfo (14ms)
			ResolveRequiredComponents (7ms)
	FinalizeReload (1155ms)
		ReleaseScriptCaches (0ms)
		RebuildScriptCaches (0ms)
		SetupLoadedEditorAssemblies (484ms)
			LogAssemblyErrors (0ms)
			InitializePlatformSupportModulesInManaged (5ms)
			SetLoadedEditorAssemblies (3ms)
			RefreshPlugins (0ms)
			BeforeProcessingInitializeOnLoad (67ms)
			ProcessInitializeOnLoadAttributes (331ms)
			ProcessInitializeOnLoadMethodAttributes (67ms)
			AfterProcessingInitializeOnLoad (11ms)
			EditorAssembliesLoaded (1ms)
		ExecutionOrderSort2 (0ms)
		AwakeInstancesAfterBackupRestoration (8ms)
Refreshing native plugins compatible for Editor in 7.22 ms, found 4 plugins.
Preloading 0 native plugins for Editor in 0.00 ms.
Unloading 4364 Unused Serialized files (Serialized files now loaded: 0)
Unloading 17 unused Assets / (332.0 KB). Loaded Objects now: 4950.
Memory consumption went from 152.4 MB to 152.1 MB.
Total: 3.253700 ms (FindLiveObjects: 0.416800 ms CreateObjectMapping: 0.348700 ms MarkObjects: 2.377300 ms  DeleteObjects: 0.109900 ms)

Prepare: number of updated asset objects reloaded= 0
AssetImportParameters requested are different than current active one (requested -> active):
  custom:scripting/monoscript/fileName/AsyncTest.cs: ba7b296f91a53eb12a2f973e4bfe6187 -> 76ce712e1c4d409aac5fa695d71d244a
  custom:scripting/monoscript/fileName/XLuaTest_InvokeLua_ICalcBridge.cs: 30fde9c3feb0b30e098352b4dfeb9cae -> 39dbaec3aa6ccdef5b8e133e5c8d912d
  custom:scripting/monoscript/fileName/UnityEngine_BehaviourWrap.cs: 50be6300a89da29ca17ad67a2589a5ca -> 07f04650a03b829841e9fab9d7740454
  custom:scripting/monoscript/fileName/CoroutineTest.cs: 8ff63a150c08cc9bc1500a6e3305dabe -> b55b07dbd7b0751be4b88111c51a8597
  custom:scripting/monoscript/fileName/UnityEngine_WaitForSecondsWrap.cs: 14ce79597090ca49f32e5242d176e3e0 -> f924ebf1733d94f4d65590a1a94e6531
  custom:scripting/monoscript/fileName/XLuaTest_PeddingWrap.cs: 904ed3ab876976c36018836c17a5f7cd -> 87db0d803af8b6af633a98194cb11698
  custom:scripting/monoscript/fileName/LuaBehaviour.cs: c26b3945b1b2533a373318992b28370d -> 8501f2955baa2ae1e4b9dc9f246b814a
  custom:container-demuxer-ogg: 62fdf1f143b41e24485cea50d1cbac27 -> 
  custom:scripting/monoscript/fileName/ObjectTranslatorPool.cs: 0fcc88f1a2575820f34ed99efa865239 -> c088e49ccc65541c1471becee0155ecc
  custom:scripting/monoscript/fileName/ByFile.cs: 4175f9d405491cf5cd12d69fd7ad338b -> 6f3dfbef5ea17c4620534958e4e26f3b
  custom:scripting/monoscript/fileName/ObjectCasters.cs: 2e05dcad88217340e3469b49cb484a5e -> 0c1ed1f1cf3d518e5e522f4d874c21c2
  custom:scripting/monoscript/fileName/UnityEngine_Vector3Wrap.cs: ce0a23addf1a2b20f8676787382fe6da -> 63f465b9380555daafea25b4176adba5
  custom:scripting/monoscript/fileName/ReImplementInLua.cs: 95b77c9b6059158d95dc9a7ae2d1cdb1 -> ccd60d267132159582621b9635d9b5d9
  custom:scripting/monoscript/fileName/UnityEngine_RayWrap.cs: 1b2ced459e0f7fe10c0b5b9489be6f35 -> 0b84fbe6cabdb1173feb41e835ef3a40
  custom:scripting/monoscript/fileName/HotfixTest.cs: 1c02fcc866280314c2a4f14c6d154faa -> 3960e9f9315d94bf0223f379bfbd4a4a
  custom:scripting/monoscript/fileName/WrapPusher.cs: 3b3bd77f226a0f893aad8e7367a0f06b -> a7d84f614ae4cd3b956f9b8556cfd18e
  custom:scripting/monoscript/fileName/RawObject.cs: b7277126f2de8ab75c184e0ffceaa264 -> e4d66a2fce5b764d8103d4567ed38606
  custom:scripting/monoscript/fileName/Tutorial_DerivedClassWrap.cs: a9f1f1a33e70d4aca6ed43632ef080bc -> 1a8da11bcfc26039296e071510ba3246
  custom:video-decoder-ogg-theora: a1e56fd34408186e4bbccfd4996cb3dc -> 
  custom:scripting/monoscript/fileName/LuaTable.cs: 831d394b03ebb276485eae65adc1ccd5 -> afc244f7b5f5d0300b37ddf3297901ec
  custom:scripting/monoscript/fileName/XLuaTest_Foo2ChildWrap.cs: f25917eb49d7296a35740a2c6a4d40ec -> 30fab5c82eb5f5ffb38a0a6d668c1895
  custom:framework-win-MediaFoundation: 216162199b28c13a410421893ffa2e32 -> 
  custom:scripting/monoscript/fileName/UnityEngine_TimeWrap.cs: 582bbe1acbebc99abd038879d2ce291a -> 5e744018ad83dc4e6b5341356b280ff7
  custom:scripting/monoscript/fileName/ObjectTranslator.cs: 3684f948a56ed5cf93b0514e484d3f48 -> dd3d0b582d45a9b753aab5e6237efeb3
  custom:scripting/monoscript/fileName/UnityEngine_AnimationClipWrap.cs: 35e9dbce44e2400ca249a1b04e238032 -> 77a92debc688d37d0c76ed29e7849dc6
  custom:scripting/monoscript/fileName/UnityEngine_MonoBehaviourWrap.cs: ab88a4de07d1ed4d6902d46f78a9c2a5 -> 04d351bf9d6db68acd2847f2651b2d6b
  custom:scripting/monoscript/fileName/UnityEngine_MathfWrap.cs: b8423f29ae782d824fe5861eb133fe99 -> 333033f071a58c53b030860e1dc36f4e
  custom:scripting/monoscript/fileName/Helloworld.cs: 0111736be64650c2c199ab4f2d2240c1 -> 5df6067a12a0276271ef7e4b2f46b98d
  custom:scripting/monoscript/fileName/HotfixTest2.cs: 8e85738438913476ef9e5c92cd26daad -> e6fb5855d637d49dacea7216888e03f7
  custom:scripting/monoscript/fileName/LinkXmlGen.cs: 91d69328c4b5d0ada19c3766b1b6ad15 -> f26ca07c1d6ecd8bde6b48a50ed6d393
  custom:scripting/monoscript/fileName/XLuaTest_Foo1ChildWrap.cs: 4e50b7c1fc1d91200bd6d308925718b7 -> 1c5e3d8cdf39c119ce22e5be32eae9dd
  custom:scripting/monoscript/fileName/LuaDLL.cs: a461d359c0f868ea297a4d0e0fa0810d -> 61e98a188b5f49dbf1a755838a97959a
  custom:scripting/monoscript/fileName/GenAttributes.cs: eecd24d8570c09b2ce8b7a7a7f2d3d12 -> d46b0cff88dfb044f17f4aed96768af1
  custom:scripting/monoscript/fileName/UnityEngine_ResourcesWrap.cs: 7881eec03c10cac6aed4968059672b77 -> 698ab99237a4262ce7f88356cded464a
  custom:scripting/monoscript/fileName/ExampleConfig.cs: 01010b4aed93329e34ab2c68a0d8c398 -> 96766ead2b0a0269b4571117ad9e65bc
  custom:scripting/monoscript/fileName/CSCallLua.cs: e37f012e62a4c619428574814b983ced -> 9d2ef4b275968bd22a483233fb8b554e
  custom:scripting/monoscript/fileName/Utils.cs: cf685c01caf3a4f894711b47bbf947e6 -> 55f902a32cb309b7a62f1e16aa1d617d
  custom:CustomObjectIndexerAttribute: 9a22284fe3817be447336de3de66b15e -> 
  custom:scripting/monoscript/fileName/LuaEnv.cs: 39b0b6f887cfc0f9d8b8bab4d9210e8f -> 89231863be1481a3b9e862fc4fbe0062
  custom:scripting/monoscript/fileName/EnumWrap.cs: e1678317fb40b1504377930932a65f00 -> 71aaf938165cbdbb0ac6c90ffee86023
  custom:container-demuxer-webm: 4f35f7cbe854078d1ac9338744f61a02 -> 
  custom:scripting/monoscript/fileName/UnityEngine_ParticleSystemWrap.cs: ea70451eecfa9db0287288ead2570a87 -> eee33c4ac5a2b762ef5a90683fe90f0f
  custom:scripting/monoscript/fileName/LuaException.cs: 1ddffcc2e8b89810add964c77207e13b -> c33171da8599ff6293dbea39eed5f2df
  custom:scripting/monoscript/fileName/InvokeLua.cs: 8d1030f275cd4c779c8aadb220460431 -> 7479efa8aadd7aed0020601aa4374477
  custom:scripting/monoscript/fileName/XLuaTest_BaseTestWrap.cs: 07e45de8fa2ee7650261714b0c2efcd8 -> 4f21680da7e23ca573808ca54815d505
  custom:scripting/monoscript/fileName/UnityEngine_BoundsWrap.cs: 0ac99f7c45b4a0aef916e0e5b49238c9 -> 3dd26eeb95bac2de8ce2da585d995261
  custom:scripting/monoscript/fileName/PackUnpack.cs: 7bf1a1e4b9a6d19c982a86f574107fe4 -> 273cbe68a303e04c83210a0d1b0dbfc8
  custom:scripting/monoscript/fileName/UnityEngine_KeyframeWrap.cs: 198c4d7f205e316a3726e83558840a1d -> f022c20884bfebd1cdba5d0a32b69287
  custom:scripting/monoscript/fileName/DelegatesGensBridge.cs: 14979ecd91d982a7d4b63ce8b241a2cb -> 9b33d1c344798966a03eb7d32474259e
  custom:scripting/monoscript/fileName/SignatureLoader.cs: f9b5b4f501bbc4033b1d26e1c53bc27d -> 2543099e1b7f94e78f488961484e5e52
  custom:scripting/monoscript/fileName/Coroutine_Runner.cs: 931214e1a723b03a7a230109c4225361 -> 690ad48fe9500ae79da028936c127982
  custom:container-muxer-webm: aa71ff27fc2769a1b78a27578f13a17b -> 
  custom:scripting/monoscript/fileName/NoGc.cs: 93f5576a58657b60a9c431df8280450e -> 468686911b292518222c0fc5fca7afd3
  custom:scripting/monoscript/fileName/ObjectPool.cs: bd4befac00d17d6ebf9e5f1d7d75cb4c -> 41af867cc123c070dfe6b15d45bb5402
  custom:video-decoder-webm-vp8: 9c59270c3fd7afecdb556c50c9e8de78 -> 
  custom:scripting/monoscript/fileName/XLuaTest_FooWrap.cs: 94d50054e40ab48511cae7fb0b602c9b -> abbeeb9782209030752aecf7c8307085
  custom:scripting/monoscript/fileName/Report.cs: 3c6fcdd086fb055c4c3456a5e0e35198 -> e51741919754948773e5898850c9f663
  custom:scripting/monoscript/fileName/Tutorial_DerivedClassExtensionsWrap.cs: 8d3a8d18ccf52ef11958b45f9012fc25 -> e71c7199b289862c70f81cc97fad9cd1
  custom:scripting/monoscript/fileName/System_Collections_Generic_List_1_System_Int32_Wrap.cs: 17851e7c00326059ae0787338228160b -> 0d81f6d3ce2afe6f735fa61fb6f44318
  custom:scripting/monoscript/fileName/XLuaGenAutoRegister.cs: d853ef44aabfccb80e0b7c076b61770b -> f7d7a1bdecea0875c31215b468d1ea3c
  custom:SearchIndexIgnoredProperties: e643bd26f0fe6173181afceb89e7c659 -> 
  custom:scripting/monoscript/fileName/UnityEngine_ColorWrap.cs: bd8e985ef59408a673873236ce871e73 -> a2199b901d8d68ac06d36f834d48f0de
  custom:AudioImporter_EditorPlatform: d09bf68614088b80899f8185d706f6e7 -> 
  custom:scripting/monoscript/fileName/GenericMethodExample.cs: 71308a9675c9d31b6584afd047da40d6 -> c3c4960d5a8b500e2f93697b37d06ae2
  custom:scripting/monoscript/fileName/TypeExtensions.cs: 68c704b8c6c4fa976b931eabe81ac9ee -> 6ecc1d6c2137d4648cc597a57d0741c7
  custom:scripting/monoscript/fileName/Tutorial_BaseClassWrap.cs: 0cb2af1d083b0b2c5e8cb36d24bfb39c -> 82bd31d966804ddf94755f42eec25c75
  custom:scripting/monoscript/fileName/UnityEngine_Ray2DWrap.cs: 0739f12fd5151febac857f4bf1dfbf4b -> 3948513cbdb210ff5fa49a4b2880e106
  custom:scripting/monoscript/fileName/UnityEngine_ComponentWrap.cs: e27295da2190ed2ebf55b5ac632d7f35 -> 3c3e0b9fedb2878f9f3fac771839136b
  custom:scripting/monoscript/fileName/CustomLoader.cs: 612387837da882e343b6793882f715b4 -> 3c04d951376acd618234995a34635baf
  custom:scripting/monoscript/fileName/BuildFromCLI.cs: a3c0f780c3b3a6e3a59fd5c2a4761ee3 -> ef1665cfd7adbd546e15cd58c9f7c486
  custom:scripting/monoscript/fileName/System_ObjectWrap.cs: c4f7132fadbd7f5f459fdffb106ce8ad -> 9fb5e5ed9e38c23dad1e0232edf0373b
  custom:scripting/monoscript/fileName/XLuaTest_Foo1ParentWrap.cs: 4d06c6c313846bbd2659cf013bd8c081 -> bc3faaa30d66f1a9334279476c37b2a8
  custom:scripting/monoscript/fileName/StatefullTest.cs: ac9082cda8d79beb987af6f68f5d30cd -> 5d22c8326914d95b29e418e9d014cf15
  custom:scripting/monoscript/fileName/InternalGlobals.cs: c7a0f72bef146ff41c15b3b535d6bdf9 -> 009e626d008ed11807341f4cf6fb3a9c
  custom:scripting/monoscript/fileName/XLuaTest_FooExtensionWrap.cs: 0cf66dd4ab170a1f2008f8b97f4f2106 -> 778d9d5cc8332e1d0739618b88aa2bb9
  custom:scripting/monoscript/fileName/DelegateBridge.cs: 59e13ad21dfacf0ee52e76776a9542b7 -> 4daef522f87298a8262553f6fd5bf8f2
  custom:scripting/monoscript/fileName/Foo.cs: b60484b40971b80860ed72eb65234dc1 -> f1cbde57f1c636c66a444cf720c99995
  custom:scripting/monoscript/fileName/UnityEngine_QuaternionWrap.cs: d7776a0aea79cbcec5ba2c36565a1173 -> 2be38f3d0f8715c9babd38533b7cc2f6
  custom:scripting/monoscript/fileName/ExampleGenConfig.cs: 402439a475ab0614d6514789dc967063 -> 2d21554d83bd53efca28765b954d65c7
  custom:scripting/monoscript/fileName/TemplateRef.cs: 894e64faa8518e7345655e4a3a343abf -> e57f72b6ec3c4672428b8339ce53c07a
  custom:scripting/monoscript/fileName/ByString.cs: 83f4bb3773b202a1550c80bc6c09d1a8 -> 71ac2dce49068f904e2150c45e200cdb
  custom:scripting/monoscript/fileName/UnityEngine_AnimationCurveWrap.cs: f2332648b2113d579022f7ac44ddf1a2 -> a1b4a7dab75f49fff03082ff025e4e5e
  custom:scripting/monoscript/fileName/XLuaTest_IExchangerBridge.cs: dbb2be54f36a2496a4425e7ceb90b9b9 -> a1b04ba231b7210d75c48779fb061387
  custom:scripting/monoscript/fileName/LuaBase.cs: fd57dc59c72dd7c1f0204d91abf1345d -> f0e74d4e175e23617aebee3a1fbf3735
  custom:scripting/monoscript/fileName/UnityEngine_LightWrap.cs: d3e76313bbab2d6f78618d0a96177993 -> afdccdb78964e15816bd84ff574e1d72
  custom:scripting/monoscript/fileName/System_Collections_IEnumeratorBridge.cs: e58d0dcf0aa39125fd572da9408c5a63 -> a6b8b2b6997973169c6bebc4e00197c3
  custom:scripting/monoscript/fileName/GenericDelegateBridge.cs: 14979ecd91d982a7d4b63ce8b241a2cb -> 9b33d1c344798966a03eb7d32474259e
  custom:video-encoder-webm-vp8: eb34c28f22e8b96e1ab97ce403110664 -> 
  custom:scripting/monoscript/fileName/LuaCallCs.cs: d69c2b3b74160f3f6c507a63e395d1b8 -> 80d51efbfa90ec9a93bf6c4f217fae70
  custom:scripting/monoscript/fileName/XLuaTest_Foo2ParentWrap.cs: 3cfc8bf6cad7ab5669e86f82da9efffc -> e55fdaf088679107b1602d0f4f018827
  custom:scripting/monoscript/fileName/Tutorial_CSCallLua_ItfDBridge.cs: d05148e45525d393370f3ca919d4cdc0 -> 4e0a8d0795850c18cf92cbc673dc6199
  custom:scripting/monoscript/fileName/UnityEngine_Vector2Wrap.cs: dfd1be4a9f736e54a226859ba85dbc30 -> d8bd11c5df83747314d76d2e1152a25a
  custom:audio-decoder-ogg-vorbis: bf7c407c2cedff20999df2af8eb42d56 -> 
  custom:scripting/monoscript/fileName/UnityEngine_GameObjectWrap.cs: c4cddad80b77cae4a3f64483d25e1457 -> 499beb086fe32ba82bd6b30d04f108ea
  custom:scripting/monoscript/fileName/XLuaTest_NoGcWrap.cs: 7c2153fc9ca9cd0a3cc8b2d8a5de2fcd -> b8ab725f3034c7583c772afc97e73cfe
  custom:scripting/monoscript/fileName/UnityEngine_DebugWrap.cs: a14c41c7fbd7dec62bec687de4c6fe27 -> 2a23054f13a8c643d838dbc57d787e1a
  custom:scripting/monoscript/fileName/TemplateEngine.cs: d4247539e36868281066dc2ffa847cbd -> 196c6eecd2e70276dab2c9a7b0cf2d59
  custom:scripting/monoscript/fileName/UnityEngine_SkinnedMeshRendererWrap.cs: 9ad169117eb1ff375ebe298216e6901c -> e6c3bb62aa80867a3afe5dcbb6224761
  custom:scripting/monoscript/fileName/CopyByValue.cs: 7bf1a1e4b9a6d19c982a86f574107fe4 -> 273cbe68a303e04c83210a0d1b0dbfc8
  custom:scripting/monoscript/fileName/Generator.cs: 5c2a3602a0cfb4641043518ccc18ad89 -> e11eefc36c86800da100cf1a4789c73c
  custom:scripting/monoscript/fileName/SignatureLoaderTest.cs: 37ed863ad0370c096ad98942100ce390 -> 8c9bdabb3430d1beabc1824b7aff6019
  custom:scripting/monoscript/fileName/HotfixTestCfg.cs: 7d41c7a61129380f568a08461036f7c3 -> a7321a5cbaeb2b6b22c71e624ff03625
  custom:scripting/monoscript/fileName/MessageBox.cs: 17d47f136e1a2eb08b8ca17667071821 -> febd8bda4c1c594acb6f720026ed3aee
  custom:scripting/monoscript/fileName/UnityEngine_TextAssetWrap.cs: a895654ec821ef871bab45f0bf4ab1bf -> 96eae3d139831963806db363328bfefe
  custom:scripting/monoscript/fileName/XLuaUnityDefaultConfig.cs: 847f92567dd164ad0f0a1c4536b7e6e7 -> 12ee8270b5ca2ec2875a29a6c838143c
  custom:scripting/monoscript/fileName/UnityEngine_TransformWrap.cs: 1ec7fdf0df78c54383c54d4890267885 -> 50d916bbc9cc3aa204547c1dbcf1b841
  custom:scripting/monoscript/fileName/UnityEngine_RendererWrap.cs: f2bb488dcafa31d4d1829db70de7e3de -> e28d66316639c5d4634a4f4176885c0f
  custom:scripting/monoscript/fileName/LuaFunction.cs: 6bea6a53e0ef7f4c19887edd95529fba -> 9f9e88fec2de37a51bb5cc9b6b08d6b9
  custom:audio-encoder-webm-vorbis: bf7c407c2cedff20999df2af8eb42d56 -> 
  custom:scripting/monoscript/fileName/XLuaTest_LuaBehaviourWrap.cs: eb21b90bdd58645712610184d1a6b02e -> 8a24807dde2ec4b5434d8876b84591df
  custom:scripting/monoscript/fileName/UnityEngine_Vector4Wrap.cs: 4736b1d9605ba5be814644e3bcc9e928 -> e876ed87f63c3dc401e686c851325f69
  custom:scripting/precompiled-assembly-types:Assembly-CSharp-Editor: 8329d2703a1fb80f61cc70ee984418c3 -> f3104d4e56e8a73f04df252396e09d4f
  custom:scripting/monoscript/fileName/XLuaTest_MyStructWrap.cs: 55519c14d8f95433c1b6e262daa1d322 -> bcfe0251bd793e1e64a466467ef9f39d
  custom:scripting/monoscript/fileName/StaticLuaCallbacks.cs: 806d4721af6e97ac563013320c7b3d7a -> 9d25aed2b0bb83738cfec7ef5ea55802
  custom:scripting/monoscript/fileName/UnityEngine_ObjectWrap.cs: acbfc6ebce3660b3cec600cb246312ee -> d239f04268fb712161f840d533347443
  custom:scripting/monoscript/fileName/RawObjectTest.cs: c3d9c6b1a141374366b8d8ccf99991a4 -> af9e06db1e13155c5410c0aa29232eac
  custom:scripting/monoscript/fileName/MethodWarpsCache.cs: a0fd87c86e3eda41e7890d27658be598 -> 182591812fc1e7cc805d3eb126c7629a
  custom:scripting/precompiled-assembly-types:Assembly-CSharp: 99b328417248fea24142d71679fac050 -> 6d2cbbca728bbcc514a1a97e862a8e21
  custom:scripting/monoscript/fileName/Tutorial_ICalcWrap.cs: 9802804745e09aa6d92fbca1a46de55a -> 03d02c9cf202af74271e6b9339f2aa97
========================================================================
Received Prepare
Refreshing native plugins compatible for Editor in 12.76 ms, found 4 plugins.
Preloading 0 native plugins for Editor in 0.00 ms.
Unloading 4 Unused Serialized files (Serialized files now loaded: 0)
Unloading 4 unused Assets / (312.7 KB). Loaded Objects now: 4950.
Memory consumption went from 84.9 MB to 84.6 MB.
Total: 3.912500 ms (FindLiveObjects: 0.450800 ms CreateObjectMapping: 0.415300 ms MarkObjects: 2.875700 ms  DeleteObjects: 0.169800 ms)

Prepare: number of updated asset objects reloaded= 0
AssetImportParameters requested are different than current active one (requested -> active):
  custom:scripting/monoscript/fileName/AsyncTest.cs: ba7b296f91a53eb12a2f973e4bfe6187 -> 76ce712e1c4d409aac5fa695d71d244a
  custom:scripting/monoscript/fileName/XLuaTest_InvokeLua_ICalcBridge.cs: 30fde9c3feb0b30e098352b4dfeb9cae -> 39dbaec3aa6ccdef5b8e133e5c8d912d
  custom:scripting/monoscript/fileName/UnityEngine_BehaviourWrap.cs: 50be6300a89da29ca17ad67a2589a5ca -> 07f04650a03b829841e9fab9d7740454
  custom:scripting/monoscript/fileName/CoroutineTest.cs: 8ff63a150c08cc9bc1500a6e3305dabe -> b55b07dbd7b0751be4b88111c51a8597
  custom:scripting/monoscript/fileName/UnityEngine_WaitForSecondsWrap.cs: 14ce79597090ca49f32e5242d176e3e0 -> f924ebf1733d94f4d65590a1a94e6531
  custom:scripting/monoscript/fileName/XLuaTest_PeddingWrap.cs: 904ed3ab876976c36018836c17a5f7cd -> 87db0d803af8b6af633a98194cb11698
  custom:scripting/monoscript/fileName/LuaBehaviour.cs: c26b3945b1b2533a373318992b28370d -> 8501f2955baa2ae1e4b9dc9f246b814a
  custom:container-demuxer-ogg: 62fdf1f143b41e24485cea50d1cbac27 -> 
  custom:scripting/monoscript/fileName/ObjectTranslatorPool.cs: 0fcc88f1a2575820f34ed99efa865239 -> c088e49ccc65541c1471becee0155ecc
  custom:scripting/monoscript/fileName/ByFile.cs: 4175f9d405491cf5cd12d69fd7ad338b -> 6f3dfbef5ea17c4620534958e4e26f3b
  custom:scripting/monoscript/fileName/ObjectCasters.cs: 2e05dcad88217340e3469b49cb484a5e -> 0c1ed1f1cf3d518e5e522f4d874c21c2
  custom:scripting/monoscript/fileName/UnityEngine_Vector3Wrap.cs: ce0a23addf1a2b20f8676787382fe6da -> 63f465b9380555daafea25b4176adba5
  custom:scripting/monoscript/fileName/ReImplementInLua.cs: 95b77c9b6059158d95dc9a7ae2d1cdb1 -> ccd60d267132159582621b9635d9b5d9
  custom:scripting/monoscript/fileName/UnityEngine_RayWrap.cs: 1b2ced459e0f7fe10c0b5b9489be6f35 -> 0b84fbe6cabdb1173feb41e835ef3a40
  custom:scripting/monoscript/fileName/HotfixTest.cs: 1c02fcc866280314c2a4f14c6d154faa -> 3960e9f9315d94bf0223f379bfbd4a4a
  custom:scripting/monoscript/fileName/WrapPusher.cs: 3b3bd77f226a0f893aad8e7367a0f06b -> a7d84f614ae4cd3b956f9b8556cfd18e
  custom:scripting/monoscript/fileName/RawObject.cs: b7277126f2de8ab75c184e0ffceaa264 -> e4d66a2fce5b764d8103d4567ed38606
  custom:scripting/monoscript/fileName/Tutorial_DerivedClassWrap.cs: a9f1f1a33e70d4aca6ed43632ef080bc -> 1a8da11bcfc26039296e071510ba3246
  custom:video-decoder-ogg-theora: a1e56fd34408186e4bbccfd4996cb3dc -> 
  custom:scripting/monoscript/fileName/LuaTable.cs: 831d394b03ebb276485eae65adc1ccd5 -> afc244f7b5f5d0300b37ddf3297901ec
  custom:scripting/monoscript/fileName/XLuaTest_Foo2ChildWrap.cs: f25917eb49d7296a35740a2c6a4d40ec -> 30fab5c82eb5f5ffb38a0a6d668c1895
  custom:framework-win-MediaFoundation: 216162199b28c13a410421893ffa2e32 -> 
  custom:scripting/monoscript/fileName/UnityEngine_TimeWrap.cs: 582bbe1acbebc99abd038879d2ce291a -> 5e744018ad83dc4e6b5341356b280ff7
  custom:scripting/monoscript/fileName/ObjectTranslator.cs: 3684f948a56ed5cf93b0514e484d3f48 -> dd3d0b582d45a9b753aab5e6237efeb3
  custom:scripting/monoscript/fileName/UnityEngine_AnimationClipWrap.cs: 35e9dbce44e2400ca249a1b04e238032 -> 77a92debc688d37d0c76ed29e7849dc6
  custom:scripting/monoscript/fileName/UnityEngine_MonoBehaviourWrap.cs: ab88a4de07d1ed4d6902d46f78a9c2a5 -> 04d351bf9d6db68acd2847f2651b2d6b
  custom:scripting/monoscript/fileName/UnityEngine_MathfWrap.cs: b8423f29ae782d824fe5861eb133fe99 -> 333033f071a58c53b030860e1dc36f4e
  custom:scripting/monoscript/fileName/Helloworld.cs: 0111736be64650c2c199ab4f2d2240c1 -> 5df6067a12a0276271ef7e4b2f46b98d
  custom:scripting/monoscript/fileName/HotfixTest2.cs: 8e85738438913476ef9e5c92cd26daad -> e6fb5855d637d49dacea7216888e03f7
  custom:scripting/monoscript/fileName/LinkXmlGen.cs: 91d69328c4b5d0ada19c3766b1b6ad15 -> f26ca07c1d6ecd8bde6b48a50ed6d393
  custom:scripting/monoscript/fileName/XLuaTest_Foo1ChildWrap.cs: 4e50b7c1fc1d91200bd6d308925718b7 -> 1c5e3d8cdf39c119ce22e5be32eae9dd
  custom:scripting/monoscript/fileName/LuaDLL.cs: a461d359c0f868ea297a4d0e0fa0810d -> 61e98a188b5f49dbf1a755838a97959a
  custom:scripting/monoscript/fileName/GenAttributes.cs: eecd24d8570c09b2ce8b7a7a7f2d3d12 -> d46b0cff88dfb044f17f4aed96768af1
  custom:scripting/monoscript/fileName/UnityEngine_ResourcesWrap.cs: 7881eec03c10cac6aed4968059672b77 -> 698ab99237a4262ce7f88356cded464a
  custom:scripting/monoscript/fileName/ExampleConfig.cs: 01010b4aed93329e34ab2c68a0d8c398 -> 96766ead2b0a0269b4571117ad9e65bc
  custom:scripting/monoscript/fileName/CSCallLua.cs: e37f012e62a4c619428574814b983ced -> 9d2ef4b275968bd22a483233fb8b554e
  custom:scripting/monoscript/fileName/Utils.cs: cf685c01caf3a4f894711b47bbf947e6 -> 55f902a32cb309b7a62f1e16aa1d617d
  custom:CustomObjectIndexerAttribute: 9a22284fe3817be447336de3de66b15e -> 
  custom:scripting/monoscript/fileName/LuaEnv.cs: 39b0b6f887cfc0f9d8b8bab4d9210e8f -> 89231863be1481a3b9e862fc4fbe0062
  custom:scripting/monoscript/fileName/EnumWrap.cs: e1678317fb40b1504377930932a65f00 -> 71aaf938165cbdbb0ac6c90ffee86023
  custom:container-demuxer-webm: 4f35f7cbe854078d1ac9338744f61a02 -> 
  custom:scripting/monoscript/fileName/UnityEngine_ParticleSystemWrap.cs: ea70451eecfa9db0287288ead2570a87 -> eee33c4ac5a2b762ef5a90683fe90f0f
  custom:scripting/monoscript/fileName/LuaException.cs: 1ddffcc2e8b89810add964c77207e13b -> c33171da8599ff6293dbea39eed5f2df
  custom:scripting/monoscript/fileName/InvokeLua.cs: 8d1030f275cd4c779c8aadb220460431 -> 7479efa8aadd7aed0020601aa4374477
  custom:scripting/monoscript/fileName/XLuaTest_BaseTestWrap.cs: 07e45de8fa2ee7650261714b0c2efcd8 -> 4f21680da7e23ca573808ca54815d505
  custom:scripting/monoscript/fileName/UnityEngine_BoundsWrap.cs: 0ac99f7c45b4a0aef916e0e5b49238c9 -> 3dd26eeb95bac2de8ce2da585d995261
  custom:scripting/monoscript/fileName/PackUnpack.cs: 7bf1a1e4b9a6d19c982a86f574107fe4 -> 273cbe68a303e04c83210a0d1b0dbfc8
  custom:scripting/monoscript/fileName/UnityEngine_KeyframeWrap.cs: 198c4d7f205e316a3726e83558840a1d -> f022c20884bfebd1cdba5d0a32b69287
  custom:scripting/monoscript/fileName/DelegatesGensBridge.cs: 14979ecd91d982a7d4b63ce8b241a2cb -> 9b33d1c344798966a03eb7d32474259e
  custom:scripting/monoscript/fileName/SignatureLoader.cs: f9b5b4f501bbc4033b1d26e1c53bc27d -> 2543099e1b7f94e78f488961484e5e52
  custom:scripting/monoscript/fileName/Coroutine_Runner.cs: 931214e1a723b03a7a230109c4225361 -> 690ad48fe9500ae79da028936c127982
  custom:container-muxer-webm: aa71ff27fc2769a1b78a27578f13a17b -> 
  custom:scripting/monoscript/fileName/NoGc.cs: 93f5576a58657b60a9c431df8280450e -> 468686911b292518222c0fc5fca7afd3
  custom:scripting/monoscript/fileName/ObjectPool.cs: bd4befac00d17d6ebf9e5f1d7d75cb4c -> 41af867cc123c070dfe6b15d45bb5402
  custom:video-decoder-webm-vp8: 9c59270c3fd7afecdb556c50c9e8de78 -> 
  custom:scripting/monoscript/fileName/XLuaTest_FooWrap.cs: 94d50054e40ab48511cae7fb0b602c9b -> abbeeb9782209030752aecf7c8307085
  custom:scripting/monoscript/fileName/Report.cs: 3c6fcdd086fb055c4c3456a5e0e35198 -> e51741919754948773e5898850c9f663
  custom:scripting/monoscript/fileName/Tutorial_DerivedClassExtensionsWrap.cs: 8d3a8d18ccf52ef11958b45f9012fc25 -> e71c7199b289862c70f81cc97fad9cd1
  custom:scripting/monoscript/fileName/System_Collections_Generic_List_1_System_Int32_Wrap.cs: 17851e7c00326059ae0787338228160b -> 0d81f6d3ce2afe6f735fa61fb6f44318
  custom:scripting/monoscript/fileName/XLuaGenAutoRegister.cs: d853ef44aabfccb80e0b7c076b61770b -> f7d7a1bdecea0875c31215b468d1ea3c
  custom:SearchIndexIgnoredProperties: e643bd26f0fe6173181afceb89e7c659 -> 
  custom:scripting/monoscript/fileName/UnityEngine_ColorWrap.cs: bd8e985ef59408a673873236ce871e73 -> a2199b901d8d68ac06d36f834d48f0de
  custom:AudioImporter_EditorPlatform: d09bf68614088b80899f8185d706f6e7 -> 
  custom:scripting/monoscript/fileName/GenericMethodExample.cs: 71308a9675c9d31b6584afd047da40d6 -> c3c4960d5a8b500e2f93697b37d06ae2
  custom:scripting/monoscript/fileName/TypeExtensions.cs: 68c704b8c6c4fa976b931eabe81ac9ee -> 6ecc1d6c2137d4648cc597a57d0741c7
  custom:scripting/monoscript/fileName/Tutorial_BaseClassWrap.cs: 0cb2af1d083b0b2c5e8cb36d24bfb39c -> 82bd31d966804ddf94755f42eec25c75
  custom:scripting/monoscript/fileName/UnityEngine_Ray2DWrap.cs: 0739f12fd5151febac857f4bf1dfbf4b -> 3948513cbdb210ff5fa49a4b2880e106
  custom:scripting/monoscript/fileName/UnityEngine_ComponentWrap.cs: e27295da2190ed2ebf55b5ac632d7f35 -> 3c3e0b9fedb2878f9f3fac771839136b
  custom:scripting/monoscript/fileName/CustomLoader.cs: 612387837da882e343b6793882f715b4 -> 3c04d951376acd618234995a34635baf
  custom:scripting/monoscript/fileName/BuildFromCLI.cs: a3c0f780c3b3a6e3a59fd5c2a4761ee3 -> ef1665cfd7adbd546e15cd58c9f7c486
  custom:scripting/monoscript/fileName/System_ObjectWrap.cs: c4f7132fadbd7f5f459fdffb106ce8ad -> 9fb5e5ed9e38c23dad1e0232edf0373b
  custom:scripting/monoscript/fileName/XLuaTest_Foo1ParentWrap.cs: 4d06c6c313846bbd2659cf013bd8c081 -> bc3faaa30d66f1a9334279476c37b2a8
  custom:scripting/monoscript/fileName/StatefullTest.cs: ac9082cda8d79beb987af6f68f5d30cd -> 5d22c8326914d95b29e418e9d014cf15
  custom:scripting/monoscript/fileName/InternalGlobals.cs: c7a0f72bef146ff41c15b3b535d6bdf9 -> 009e626d008ed11807341f4cf6fb3a9c
  custom:scripting/monoscript/fileName/XLuaTest_FooExtensionWrap.cs: 0cf66dd4ab170a1f2008f8b97f4f2106 -> 778d9d5cc8332e1d0739618b88aa2bb9
  custom:scripting/monoscript/fileName/DelegateBridge.cs: 59e13ad21dfacf0ee52e76776a9542b7 -> 4daef522f87298a8262553f6fd5bf8f2
  custom:scripting/monoscript/fileName/Foo.cs: b60484b40971b80860ed72eb65234dc1 -> f1cbde57f1c636c66a444cf720c99995
  custom:scripting/monoscript/fileName/UnityEngine_QuaternionWrap.cs: d7776a0aea79cbcec5ba2c36565a1173 -> 2be38f3d0f8715c9babd38533b7cc2f6
  custom:scripting/monoscript/fileName/ExampleGenConfig.cs: 402439a475ab0614d6514789dc967063 -> 2d21554d83bd53efca28765b954d65c7
  custom:scripting/monoscript/fileName/TemplateRef.cs: 894e64faa8518e7345655e4a3a343abf -> e57f72b6ec3c4672428b8339ce53c07a
  custom:scripting/monoscript/fileName/ByString.cs: 83f4bb3773b202a1550c80bc6c09d1a8 -> 71ac2dce49068f904e2150c45e200cdb
  custom:scripting/monoscript/fileName/UnityEngine_AnimationCurveWrap.cs: f2332648b2113d579022f7ac44ddf1a2 -> a1b4a7dab75f49fff03082ff025e4e5e
  custom:scripting/monoscript/fileName/XLuaTest_IExchangerBridge.cs: dbb2be54f36a2496a4425e7ceb90b9b9 -> a1b04ba231b7210d75c48779fb061387
  custom:scripting/monoscript/fileName/LuaBase.cs: fd57dc59c72dd7c1f0204d91abf1345d -> f0e74d4e175e23617aebee3a1fbf3735
  custom:scripting/monoscript/fileName/UnityEngine_LightWrap.cs: d3e76313bbab2d6f78618d0a96177993 -> afdccdb78964e15816bd84ff574e1d72
  custom:scripting/monoscript/fileName/System_Collections_IEnumeratorBridge.cs: e58d0dcf0aa39125fd572da9408c5a63 -> a6b8b2b6997973169c6bebc4e00197c3
  custom:scripting/monoscript/fileName/GenericDelegateBridge.cs: 14979ecd91d982a7d4b63ce8b241a2cb -> 9b33d1c344798966a03eb7d32474259e
  custom:video-encoder-webm-vp8: eb34c28f22e8b96e1ab97ce403110664 -> 
  custom:scripting/monoscript/fileName/LuaCallCs.cs: d69c2b3b74160f3f6c507a63e395d1b8 -> 80d51efbfa90ec9a93bf6c4f217fae70
  custom:scripting/monoscript/fileName/XLuaTest_Foo2ParentWrap.cs: 3cfc8bf6cad7ab5669e86f82da9efffc -> e55fdaf088679107b1602d0f4f018827
  custom:scripting/monoscript/fileName/Tutorial_CSCallLua_ItfDBridge.cs: d05148e45525d393370f3ca919d4cdc0 -> 4e0a8d0795850c18cf92cbc673dc6199
  custom:scripting/monoscript/fileName/UnityEngine_Vector2Wrap.cs: dfd1be4a9f736e54a226859ba85dbc30 -> d8bd11c5df83747314d76d2e1152a25a
  custom:audio-decoder-ogg-vorbis: bf7c407c2cedff20999df2af8eb42d56 -> 
  custom:scripting/monoscript/fileName/UnityEngine_GameObjectWrap.cs: c4cddad80b77cae4a3f64483d25e1457 -> 499beb086fe32ba82bd6b30d04f108ea
  custom:scripting/monoscript/fileName/XLuaTest_NoGcWrap.cs: 7c2153fc9ca9cd0a3cc8b2d8a5de2fcd -> b8ab725f3034c7583c772afc97e73cfe
  custom:scripting/monoscript/fileName/UnityEngine_DebugWrap.cs: a14c41c7fbd7dec62bec687de4c6fe27 -> 2a23054f13a8c643d838dbc57d787e1a
  custom:scripting/monoscript/fileName/TemplateEngine.cs: d4247539e36868281066dc2ffa847cbd -> 196c6eecd2e70276dab2c9a7b0cf2d59
  custom:scripting/monoscript/fileName/UnityEngine_SkinnedMeshRendererWrap.cs: 9ad169117eb1ff375ebe298216e6901c -> e6c3bb62aa80867a3afe5dcbb6224761
  custom:scripting/monoscript/fileName/CopyByValue.cs: 7bf1a1e4b9a6d19c982a86f574107fe4 -> 273cbe68a303e04c83210a0d1b0dbfc8
  custom:scripting/monoscript/fileName/Generator.cs: 5c2a3602a0cfb4641043518ccc18ad89 -> e11eefc36c86800da100cf1a4789c73c
  custom:scripting/monoscript/fileName/SignatureLoaderTest.cs: 37ed863ad0370c096ad98942100ce390 -> 8c9bdabb3430d1beabc1824b7aff6019
  custom:scripting/monoscript/fileName/HotfixTestCfg.cs: 7d41c7a61129380f568a08461036f7c3 -> a7321a5cbaeb2b6b22c71e624ff03625
  custom:scripting/monoscript/fileName/MessageBox.cs: 17d47f136e1a2eb08b8ca17667071821 -> febd8bda4c1c594acb6f720026ed3aee
  custom:scripting/monoscript/fileName/UnityEngine_TextAssetWrap.cs: a895654ec821ef871bab45f0bf4ab1bf -> 96eae3d139831963806db363328bfefe
  custom:scripting/monoscript/fileName/XLuaUnityDefaultConfig.cs: 847f92567dd164ad0f0a1c4536b7e6e7 -> 12ee8270b5ca2ec2875a29a6c838143c
  custom:scripting/monoscript/fileName/UnityEngine_TransformWrap.cs: 1ec7fdf0df78c54383c54d4890267885 -> 50d916bbc9cc3aa204547c1dbcf1b841
  custom:scripting/monoscript/fileName/UnityEngine_RendererWrap.cs: f2bb488dcafa31d4d1829db70de7e3de -> e28d66316639c5d4634a4f4176885c0f
  custom:scripting/monoscript/fileName/LuaFunction.cs: 6bea6a53e0ef7f4c19887edd95529fba -> 9f9e88fec2de37a51bb5cc9b6b08d6b9
  custom:audio-encoder-webm-vorbis: bf7c407c2cedff20999df2af8eb42d56 -> 
  custom:scripting/monoscript/fileName/XLuaTest_LuaBehaviourWrap.cs: eb21b90bdd58645712610184d1a6b02e -> 8a24807dde2ec4b5434d8876b84591df
  custom:scripting/monoscript/fileName/UnityEngine_Vector4Wrap.cs: 4736b1d9605ba5be814644e3bcc9e928 -> e876ed87f63c3dc401e686c851325f69
  custom:scripting/precompiled-assembly-types:Assembly-CSharp-Editor: 8329d2703a1fb80f61cc70ee984418c3 -> f3104d4e56e8a73f04df252396e09d4f
  custom:scripting/monoscript/fileName/XLuaTest_MyStructWrap.cs: 55519c14d8f95433c1b6e262daa1d322 -> bcfe0251bd793e1e64a466467ef9f39d
  custom:scripting/monoscript/fileName/StaticLuaCallbacks.cs: 806d4721af6e97ac563013320c7b3d7a -> 9d25aed2b0bb83738cfec7ef5ea55802
  custom:scripting/monoscript/fileName/UnityEngine_ObjectWrap.cs: acbfc6ebce3660b3cec600cb246312ee -> d239f04268fb712161f840d533347443
  custom:scripting/monoscript/fileName/RawObjectTest.cs: c3d9c6b1a141374366b8d8ccf99991a4 -> af9e06db1e13155c5410c0aa29232eac
  custom:scripting/monoscript/fileName/MethodWarpsCache.cs: a0fd87c86e3eda41e7890d27658be598 -> 182591812fc1e7cc805d3eb126c7629a
  custom:scripting/precompiled-assembly-types:Assembly-CSharp: 99b328417248fea24142d71679fac050 -> 6d2cbbca728bbcc514a1a97e862a8e21
  custom:scripting/monoscript/fileName/Tutorial_ICalcWrap.cs: 9802804745e09aa6d92fbca1a46de55a -> 03d02c9cf202af74271e6b9339f2aa97
========================================================================
Received Prepare
Caller must complete domain reload
Begin MonoManager ReloadAssembly
- Loaded All Assemblies, in  0.589 seconds
Native extension for WindowsStandalone target not found
Mono: successfully reloaded assembly
- Finished resetting the current domain, in  1.312 seconds
Domain Reload Profiling: 1898ms
	BeginReloadAssembly (191ms)
		ExecutionOrderSort (0ms)
		DisableScriptedObjects (5ms)
		BackupInstance (0ms)
		ReleaseScriptingObjects (0ms)
		CreateAndSetChildDomain (46ms)
	RebuildCommonClasses (40ms)
	RebuildNativeTypeToScriptingClass (11ms)
	initialDomainReloadingComplete (32ms)
	LoadAllAssembliesAndSetupDomain (312ms)
		LoadAssemblies (391ms)
		RebuildTransferFunctionScriptingTraits (0ms)
		AnalyzeDomain (26ms)
			TypeCache.Refresh (14ms)
				TypeCache.ScanAssembly (0ms)
			ScanForSourceGeneratedMonoScriptInfo (0ms)
			ResolveRequiredComponents (10ms)
	FinalizeReload (1313ms)
		ReleaseScriptCaches (0ms)
		RebuildScriptCaches (0ms)
		SetupLoadedEditorAssemblies (607ms)
			LogAssemblyErrors (0ms)
			InitializePlatformSupportModulesInManaged (7ms)
			SetLoadedEditorAssemblies (3ms)
			RefreshPlugins (0ms)
			BeforeProcessingInitializeOnLoad (82ms)
			ProcessInitializeOnLoadAttributes (432ms)
			ProcessInitializeOnLoadMethodAttributes (73ms)
			AfterProcessingInitializeOnLoad (10ms)
			EditorAssembliesLoaded (0ms)
		ExecutionOrderSort2 (0ms)
		AwakeInstancesAfterBackupRestoration (8ms)
Refreshing native plugins compatible for Editor in 8.93 ms, found 4 plugins.
Preloading 0 native plugins for Editor in 0.00 ms.
Unloading 4364 Unused Serialized files (Serialized files now loaded: 0)
Unloading 17 unused Assets / (332.0 KB). Loaded Objects now: 4953.
Memory consumption went from 152.4 MB to 152.1 MB.
Total: 4.284600 ms (FindLiveObjects: 0.702400 ms CreateObjectMapping: 0.461600 ms MarkObjects: 2.902600 ms  DeleteObjects: 0.216900 ms)

Prepare: number of updated asset objects reloaded= 0
AssetImportParameters requested are different than current active one (requested -> active):
  custom:scripting/monoscript/fileName/AsyncTest.cs: ba7b296f91a53eb12a2f973e4bfe6187 -> 76ce712e1c4d409aac5fa695d71d244a
  custom:scripting/monoscript/fileName/XLuaTest_InvokeLua_ICalcBridge.cs: 30fde9c3feb0b30e098352b4dfeb9cae -> 39dbaec3aa6ccdef5b8e133e5c8d912d
  custom:scripting/monoscript/fileName/UnityEngine_BehaviourWrap.cs: 50be6300a89da29ca17ad67a2589a5ca -> 07f04650a03b829841e9fab9d7740454
  custom:scripting/monoscript/fileName/CoroutineTest.cs: 8ff63a150c08cc9bc1500a6e3305dabe -> b55b07dbd7b0751be4b88111c51a8597
  custom:scripting/monoscript/fileName/UnityEngine_WaitForSecondsWrap.cs: 14ce79597090ca49f32e5242d176e3e0 -> f924ebf1733d94f4d65590a1a94e6531
  custom:scripting/monoscript/fileName/XLuaTest_PeddingWrap.cs: 904ed3ab876976c36018836c17a5f7cd -> 87db0d803af8b6af633a98194cb11698
  custom:scripting/monoscript/fileName/LuaBehaviour.cs: c26b3945b1b2533a373318992b28370d -> 8501f2955baa2ae1e4b9dc9f246b814a
  custom:container-demuxer-ogg: 62fdf1f143b41e24485cea50d1cbac27 -> 
  custom:scripting/monoscript/fileName/ObjectTranslatorPool.cs: 0fcc88f1a2575820f34ed99efa865239 -> c088e49ccc65541c1471becee0155ecc
  custom:scripting/monoscript/fileName/ByFile.cs: 4175f9d405491cf5cd12d69fd7ad338b -> 6f3dfbef5ea17c4620534958e4e26f3b
  custom:scripting/monoscript/fileName/ObjectCasters.cs: 2e05dcad88217340e3469b49cb484a5e -> 0c1ed1f1cf3d518e5e522f4d874c21c2
  custom:scripting/monoscript/fileName/UnityEngine_Vector3Wrap.cs: ce0a23addf1a2b20f8676787382fe6da -> 63f465b9380555daafea25b4176adba5
  custom:scripting/monoscript/fileName/ReImplementInLua.cs: 95b77c9b6059158d95dc9a7ae2d1cdb1 -> ccd60d267132159582621b9635d9b5d9
  custom:scripting/monoscript/fileName/UnityEngine_RayWrap.cs: 1b2ced459e0f7fe10c0b5b9489be6f35 -> 0b84fbe6cabdb1173feb41e835ef3a40
  custom:scripting/monoscript/fileName/HotfixTest.cs: 1c02fcc866280314c2a4f14c6d154faa -> 3960e9f9315d94bf0223f379bfbd4a4a
  custom:scripting/monoscript/fileName/WrapPusher.cs: 3b3bd77f226a0f893aad8e7367a0f06b -> a7d84f614ae4cd3b956f9b8556cfd18e
  custom:scripting/monoscript/fileName/RawObject.cs: b7277126f2de8ab75c184e0ffceaa264 -> e4d66a2fce5b764d8103d4567ed38606
  custom:scripting/monoscript/fileName/Tutorial_DerivedClassWrap.cs: a9f1f1a33e70d4aca6ed43632ef080bc -> 1a8da11bcfc26039296e071510ba3246
  custom:video-decoder-ogg-theora: a1e56fd34408186e4bbccfd4996cb3dc -> 
  custom:scripting/monoscript/fileName/LuaTable.cs: 831d394b03ebb276485eae65adc1ccd5 -> afc244f7b5f5d0300b37ddf3297901ec
  custom:scripting/monoscript/fileName/XLuaTest_Foo2ChildWrap.cs: f25917eb49d7296a35740a2c6a4d40ec -> 30fab5c82eb5f5ffb38a0a6d668c1895
  custom:framework-win-MediaFoundation: 216162199b28c13a410421893ffa2e32 -> 
  custom:scripting/monoscript/fileName/UnityEngine_TimeWrap.cs: 582bbe1acbebc99abd038879d2ce291a -> 5e744018ad83dc4e6b5341356b280ff7
  custom:scripting/monoscript/fileName/ObjectTranslator.cs: 3684f948a56ed5cf93b0514e484d3f48 -> dd3d0b582d45a9b753aab5e6237efeb3
  custom:scripting/monoscript/fileName/UnityEngine_AnimationClipWrap.cs: 35e9dbce44e2400ca249a1b04e238032 -> 77a92debc688d37d0c76ed29e7849dc6
  custom:scripting/monoscript/fileName/UnityEngine_MonoBehaviourWrap.cs: ab88a4de07d1ed4d6902d46f78a9c2a5 -> 04d351bf9d6db68acd2847f2651b2d6b
  custom:scripting/monoscript/fileName/UnityEngine_MathfWrap.cs: b8423f29ae782d824fe5861eb133fe99 -> 333033f071a58c53b030860e1dc36f4e
  custom:scripting/monoscript/fileName/Helloworld.cs: 0111736be64650c2c199ab4f2d2240c1 -> 5df6067a12a0276271ef7e4b2f46b98d
  custom:scripting/monoscript/fileName/HotfixTest2.cs: 8e85738438913476ef9e5c92cd26daad -> e6fb5855d637d49dacea7216888e03f7
  custom:scripting/monoscript/fileName/LinkXmlGen.cs: 91d69328c4b5d0ada19c3766b1b6ad15 -> f26ca07c1d6ecd8bde6b48a50ed6d393
  custom:scripting/monoscript/fileName/XLuaTest_Foo1ChildWrap.cs: 4e50b7c1fc1d91200bd6d308925718b7 -> 1c5e3d8cdf39c119ce22e5be32eae9dd
  custom:scripting/monoscript/fileName/LuaDLL.cs: a461d359c0f868ea297a4d0e0fa0810d -> 61e98a188b5f49dbf1a755838a97959a
  custom:scripting/monoscript/fileName/GenAttributes.cs: eecd24d8570c09b2ce8b7a7a7f2d3d12 -> d46b0cff88dfb044f17f4aed96768af1
  custom:scripting/monoscript/fileName/UnityEngine_ResourcesWrap.cs: 7881eec03c10cac6aed4968059672b77 -> 698ab99237a4262ce7f88356cded464a
  custom:scripting/monoscript/fileName/ExampleConfig.cs: 01010b4aed93329e34ab2c68a0d8c398 -> 96766ead2b0a0269b4571117ad9e65bc
  custom:scripting/monoscript/fileName/CSCallLua.cs: e37f012e62a4c619428574814b983ced -> 9d2ef4b275968bd22a483233fb8b554e
  custom:scripting/monoscript/fileName/Utils.cs: cf685c01caf3a4f894711b47bbf947e6 -> 55f902a32cb309b7a62f1e16aa1d617d
  custom:CustomObjectIndexerAttribute: 9a22284fe3817be447336de3de66b15e -> 
  custom:scripting/monoscript/fileName/LuaEnv.cs: 39b0b6f887cfc0f9d8b8bab4d9210e8f -> 89231863be1481a3b9e862fc4fbe0062
  custom:scripting/monoscript/fileName/EnumWrap.cs: e1678317fb40b1504377930932a65f00 -> 71aaf938165cbdbb0ac6c90ffee86023
  custom:container-demuxer-webm: 4f35f7cbe854078d1ac9338744f61a02 -> 
  custom:scripting/monoscript/fileName/UnityEngine_ParticleSystemWrap.cs: ea70451eecfa9db0287288ead2570a87 -> eee33c4ac5a2b762ef5a90683fe90f0f
  custom:scripting/monoscript/fileName/LuaException.cs: 1ddffcc2e8b89810add964c77207e13b -> c33171da8599ff6293dbea39eed5f2df
  custom:scripting/monoscript/fileName/InvokeLua.cs: 8d1030f275cd4c779c8aadb220460431 -> 7479efa8aadd7aed0020601aa4374477
  custom:scripting/monoscript/fileName/XLuaTest_BaseTestWrap.cs: 07e45de8fa2ee7650261714b0c2efcd8 -> 4f21680da7e23ca573808ca54815d505
  custom:scripting/monoscript/fileName/UnityEngine_BoundsWrap.cs: 0ac99f7c45b4a0aef916e0e5b49238c9 -> 3dd26eeb95bac2de8ce2da585d995261
  custom:scripting/monoscript/fileName/PackUnpack.cs: 7bf1a1e4b9a6d19c982a86f574107fe4 -> 273cbe68a303e04c83210a0d1b0dbfc8
  custom:scripting/monoscript/fileName/UnityEngine_KeyframeWrap.cs: 198c4d7f205e316a3726e83558840a1d -> f022c20884bfebd1cdba5d0a32b69287
  custom:scripting/monoscript/fileName/DelegatesGensBridge.cs: 14979ecd91d982a7d4b63ce8b241a2cb -> 9b33d1c344798966a03eb7d32474259e
  custom:scripting/monoscript/fileName/SignatureLoader.cs: f9b5b4f501bbc4033b1d26e1c53bc27d -> 2543099e1b7f94e78f488961484e5e52
  custom:scripting/monoscript/fileName/Coroutine_Runner.cs: 931214e1a723b03a7a230109c4225361 -> 690ad48fe9500ae79da028936c127982
  custom:container-muxer-webm: aa71ff27fc2769a1b78a27578f13a17b -> 
  custom:scripting/monoscript/fileName/NoGc.cs: 93f5576a58657b60a9c431df8280450e -> 468686911b292518222c0fc5fca7afd3
  custom:scripting/monoscript/fileName/ObjectPool.cs: bd4befac00d17d6ebf9e5f1d7d75cb4c -> 41af867cc123c070dfe6b15d45bb5402
  custom:video-decoder-webm-vp8: 9c59270c3fd7afecdb556c50c9e8de78 -> 
  custom:scripting/monoscript/fileName/XLuaTest_FooWrap.cs: 94d50054e40ab48511cae7fb0b602c9b -> abbeeb9782209030752aecf7c8307085
  custom:scripting/monoscript/fileName/Report.cs: 3c6fcdd086fb055c4c3456a5e0e35198 -> e51741919754948773e5898850c9f663
  custom:scripting/monoscript/fileName/Tutorial_DerivedClassExtensionsWrap.cs: 8d3a8d18ccf52ef11958b45f9012fc25 -> e71c7199b289862c70f81cc97fad9cd1
  custom:scripting/monoscript/fileName/System_Collections_Generic_List_1_System_Int32_Wrap.cs: 17851e7c00326059ae0787338228160b -> 0d81f6d3ce2afe6f735fa61fb6f44318
  custom:scripting/monoscript/fileName/XLuaGenAutoRegister.cs: d853ef44aabfccb80e0b7c076b61770b -> f7d7a1bdecea0875c31215b468d1ea3c
  custom:SearchIndexIgnoredProperties: e643bd26f0fe6173181afceb89e7c659 -> 
  custom:scripting/monoscript/fileName/UnityEngine_ColorWrap.cs: bd8e985ef59408a673873236ce871e73 -> a2199b901d8d68ac06d36f834d48f0de
  custom:AudioImporter_EditorPlatform: d09bf68614088b80899f8185d706f6e7 -> 
  custom:scripting/monoscript/fileName/GenericMethodExample.cs: 71308a9675c9d31b6584afd047da40d6 -> c3c4960d5a8b500e2f93697b37d06ae2
  custom:scripting/monoscript/fileName/TypeExtensions.cs: 68c704b8c6c4fa976b931eabe81ac9ee -> 6ecc1d6c2137d4648cc597a57d0741c7
  custom:scripting/monoscript/fileName/Tutorial_BaseClassWrap.cs: 0cb2af1d083b0b2c5e8cb36d24bfb39c -> 82bd31d966804ddf94755f42eec25c75
  custom:scripting/monoscript/fileName/UnityEngine_Ray2DWrap.cs: 0739f12fd5151febac857f4bf1dfbf4b -> 3948513cbdb210ff5fa49a4b2880e106
  custom:scripting/monoscript/fileName/UnityEngine_ComponentWrap.cs: e27295da2190ed2ebf55b5ac632d7f35 -> 3c3e0b9fedb2878f9f3fac771839136b
  custom:scripting/monoscript/fileName/CustomLoader.cs: 612387837da882e343b6793882f715b4 -> 3c04d951376acd618234995a34635baf
  custom:scripting/monoscript/fileName/BuildFromCLI.cs: a3c0f780c3b3a6e3a59fd5c2a4761ee3 -> ef1665cfd7adbd546e15cd58c9f7c486
  custom:scripting/monoscript/fileName/System_ObjectWrap.cs: c4f7132fadbd7f5f459fdffb106ce8ad -> 9fb5e5ed9e38c23dad1e0232edf0373b
  custom:scripting/monoscript/fileName/XLuaTest_Foo1ParentWrap.cs: 4d06c6c313846bbd2659cf013bd8c081 -> bc3faaa30d66f1a9334279476c37b2a8
  custom:scripting/monoscript/fileName/StatefullTest.cs: ac9082cda8d79beb987af6f68f5d30cd -> 5d22c8326914d95b29e418e9d014cf15
  custom:scripting/monoscript/fileName/InternalGlobals.cs: c7a0f72bef146ff41c15b3b535d6bdf9 -> 009e626d008ed11807341f4cf6fb3a9c
  custom:scripting/monoscript/fileName/XLuaTest_FooExtensionWrap.cs: 0cf66dd4ab170a1f2008f8b97f4f2106 -> 778d9d5cc8332e1d0739618b88aa2bb9
  custom:scripting/monoscript/fileName/DelegateBridge.cs: 59e13ad21dfacf0ee52e76776a9542b7 -> 4daef522f87298a8262553f6fd5bf8f2
  custom:scripting/monoscript/fileName/Foo.cs: b60484b40971b80860ed72eb65234dc1 -> f1cbde57f1c636c66a444cf720c99995
  custom:scripting/monoscript/fileName/UnityEngine_QuaternionWrap.cs: d7776a0aea79cbcec5ba2c36565a1173 -> 2be38f3d0f8715c9babd38533b7cc2f6
  custom:scripting/monoscript/fileName/ExampleGenConfig.cs: 402439a475ab0614d6514789dc967063 -> 2d21554d83bd53efca28765b954d65c7
  custom:scripting/monoscript/fileName/TemplateRef.cs: 894e64faa8518e7345655e4a3a343abf -> e57f72b6ec3c4672428b8339ce53c07a
  custom:scripting/monoscript/fileName/ByString.cs: 83f4bb3773b202a1550c80bc6c09d1a8 -> 71ac2dce49068f904e2150c45e200cdb
  custom:scripting/monoscript/fileName/UnityEngine_AnimationCurveWrap.cs: f2332648b2113d579022f7ac44ddf1a2 -> a1b4a7dab75f49fff03082ff025e4e5e
  custom:scripting/monoscript/fileName/XLuaTest_IExchangerBridge.cs: dbb2be54f36a2496a4425e7ceb90b9b9 -> a1b04ba231b7210d75c48779fb061387
  custom:scripting/monoscript/fileName/LuaBase.cs: fd57dc59c72dd7c1f0204d91abf1345d -> f0e74d4e175e23617aebee3a1fbf3735
  custom:scripting/monoscript/fileName/UnityEngine_LightWrap.cs: d3e76313bbab2d6f78618d0a96177993 -> afdccdb78964e15816bd84ff574e1d72
  custom:scripting/monoscript/fileName/System_Collections_IEnumeratorBridge.cs: e58d0dcf0aa39125fd572da9408c5a63 -> a6b8b2b6997973169c6bebc4e00197c3
  custom:scripting/monoscript/fileName/GenericDelegateBridge.cs: 14979ecd91d982a7d4b63ce8b241a2cb -> 9b33d1c344798966a03eb7d32474259e
  custom:video-encoder-webm-vp8: eb34c28f22e8b96e1ab97ce403110664 -> 
  custom:scripting/monoscript/fileName/LuaCallCs.cs: d69c2b3b74160f3f6c507a63e395d1b8 -> 80d51efbfa90ec9a93bf6c4f217fae70
  custom:scripting/monoscript/fileName/XLuaTest_Foo2ParentWrap.cs: 3cfc8bf6cad7ab5669e86f82da9efffc -> e55fdaf088679107b1602d0f4f018827
  custom:scripting/monoscript/fileName/Tutorial_CSCallLua_ItfDBridge.cs: d05148e45525d393370f3ca919d4cdc0 -> 4e0a8d0795850c18cf92cbc673dc6199
  custom:scripting/monoscript/fileName/UnityEngine_Vector2Wrap.cs: dfd1be4a9f736e54a226859ba85dbc30 -> d8bd11c5df83747314d76d2e1152a25a
  custom:audio-decoder-ogg-vorbis: bf7c407c2cedff20999df2af8eb42d56 -> 
  custom:scripting/monoscript/fileName/UnityEngine_GameObjectWrap.cs: c4cddad80b77cae4a3f64483d25e1457 -> 499beb086fe32ba82bd6b30d04f108ea
  custom:scripting/monoscript/fileName/XLuaTest_NoGcWrap.cs: 7c2153fc9ca9cd0a3cc8b2d8a5de2fcd -> b8ab725f3034c7583c772afc97e73cfe
  custom:scripting/monoscript/fileName/UnityEngine_DebugWrap.cs: a14c41c7fbd7dec62bec687de4c6fe27 -> 2a23054f13a8c643d838dbc57d787e1a
  custom:scripting/monoscript/fileName/TemplateEngine.cs: d4247539e36868281066dc2ffa847cbd -> 196c6eecd2e70276dab2c9a7b0cf2d59
  custom:scripting/monoscript/fileName/UnityEngine_SkinnedMeshRendererWrap.cs: 9ad169117eb1ff375ebe298216e6901c -> e6c3bb62aa80867a3afe5dcbb6224761
  custom:scripting/monoscript/fileName/CopyByValue.cs: 7bf1a1e4b9a6d19c982a86f574107fe4 -> 273cbe68a303e04c83210a0d1b0dbfc8
  custom:scripting/monoscript/fileName/Generator.cs: 5c2a3602a0cfb4641043518ccc18ad89 -> e11eefc36c86800da100cf1a4789c73c
  custom:scripting/monoscript/fileName/SignatureLoaderTest.cs: 37ed863ad0370c096ad98942100ce390 -> 8c9bdabb3430d1beabc1824b7aff6019
  custom:scripting/monoscript/fileName/HotfixTestCfg.cs: 7d41c7a61129380f568a08461036f7c3 -> a7321a5cbaeb2b6b22c71e624ff03625
  custom:scripting/monoscript/fileName/MessageBox.cs: 17d47f136e1a2eb08b8ca17667071821 -> febd8bda4c1c594acb6f720026ed3aee
  custom:scripting/monoscript/fileName/UnityEngine_TextAssetWrap.cs: a895654ec821ef871bab45f0bf4ab1bf -> 96eae3d139831963806db363328bfefe
  custom:scripting/monoscript/fileName/XLuaUnityDefaultConfig.cs: 847f92567dd164ad0f0a1c4536b7e6e7 -> 12ee8270b5ca2ec2875a29a6c838143c
  custom:scripting/monoscript/fileName/UnityEngine_TransformWrap.cs: 1ec7fdf0df78c54383c54d4890267885 -> 50d916bbc9cc3aa204547c1dbcf1b841
  custom:scripting/monoscript/fileName/UnityEngine_RendererWrap.cs: f2bb488dcafa31d4d1829db70de7e3de -> e28d66316639c5d4634a4f4176885c0f
  custom:scripting/monoscript/fileName/LuaFunction.cs: 6bea6a53e0ef7f4c19887edd95529fba -> 9f9e88fec2de37a51bb5cc9b6b08d6b9
  custom:audio-encoder-webm-vorbis: bf7c407c2cedff20999df2af8eb42d56 -> 
  custom:scripting/monoscript/fileName/XLuaTest_LuaBehaviourWrap.cs: eb21b90bdd58645712610184d1a6b02e -> 8a24807dde2ec4b5434d8876b84591df
  custom:scripting/monoscript/fileName/UnityEngine_Vector4Wrap.cs: 4736b1d9605ba5be814644e3bcc9e928 -> e876ed87f63c3dc401e686c851325f69
  custom:scripting/precompiled-assembly-types:Assembly-CSharp-Editor: 8329d2703a1fb80f61cc70ee984418c3 -> f3104d4e56e8a73f04df252396e09d4f
  custom:scripting/monoscript/fileName/XLuaTest_MyStructWrap.cs: 55519c14d8f95433c1b6e262daa1d322 -> bcfe0251bd793e1e64a466467ef9f39d
  custom:scripting/monoscript/fileName/StaticLuaCallbacks.cs: 806d4721af6e97ac563013320c7b3d7a -> 9d25aed2b0bb83738cfec7ef5ea55802
  custom:scripting/monoscript/fileName/UnityEngine_ObjectWrap.cs: acbfc6ebce3660b3cec600cb246312ee -> d239f04268fb712161f840d533347443
  custom:scripting/monoscript/fileName/RawObjectTest.cs: c3d9c6b1a141374366b8d8ccf99991a4 -> af9e06db1e13155c5410c0aa29232eac
  custom:scripting/monoscript/fileName/MethodWarpsCache.cs: a0fd87c86e3eda41e7890d27658be598 -> 182591812fc1e7cc805d3eb126c7629a
  custom:scripting/precompiled-assembly-types:Assembly-CSharp: 99b328417248fea24142d71679fac050 -> 6d2cbbca728bbcc514a1a97e862a8e21
  custom:scripting/monoscript/fileName/Tutorial_ICalcWrap.cs: 9802804745e09aa6d92fbca1a46de55a -> 03d02c9cf202af74271e6b9339f2aa97
========================================================================
Received Prepare
Caller must complete domain reload
Begin MonoManager ReloadAssembly
- Loaded All Assemblies, in  0.566 seconds
Native extension for WindowsStandalone target not found
Mono: successfully reloaded assembly
- Finished resetting the current domain, in  1.344 seconds
Domain Reload Profiling: 1905ms
	BeginReloadAssembly (183ms)
		ExecutionOrderSort (0ms)
		DisableScriptedObjects (4ms)
		BackupInstance (0ms)
		ReleaseScriptingObjects (0ms)
		CreateAndSetChildDomain (42ms)
	RebuildCommonClasses (38ms)
	RebuildNativeTypeToScriptingClass (11ms)
	initialDomainReloadingComplete (32ms)
	LoadAllAssembliesAndSetupDomain (296ms)
		LoadAssemblies (370ms)
		RebuildTransferFunctionScriptingTraits (0ms)
		AnalyzeDomain (26ms)
			TypeCache.Refresh (15ms)
				TypeCache.ScanAssembly (0ms)
			ScanForSourceGeneratedMonoScriptInfo (0ms)
			ResolveRequiredComponents (8ms)
	FinalizeReload (1344ms)
		ReleaseScriptCaches (0ms)
		RebuildScriptCaches (0ms)
		SetupLoadedEditorAssemblies (631ms)
			LogAssemblyErrors (0ms)
			InitializePlatformSupportModulesInManaged (12ms)
			SetLoadedEditorAssemblies (4ms)
			RefreshPlugins (0ms)
			BeforeProcessingInitializeOnLoad (95ms)
			ProcessInitializeOnLoadAttributes (425ms)
			ProcessInitializeOnLoadMethodAttributes (86ms)
			AfterProcessingInitializeOnLoad (9ms)
			EditorAssembliesLoaded (0ms)
		ExecutionOrderSort2 (0ms)
		AwakeInstancesAfterBackupRestoration (11ms)
Refreshing native plugins compatible for Editor in 10.93 ms, found 4 plugins.
Preloading 0 native plugins for Editor in 0.00 ms.
Unloading 4364 Unused Serialized files (Serialized files now loaded: 0)
Unloading 17 unused Assets / (331.8 KB). Loaded Objects now: 4956.
Memory consumption went from 152.4 MB to 152.1 MB.
Total: 5.574000 ms (FindLiveObjects: 0.485500 ms CreateObjectMapping: 0.394800 ms MarkObjects: 4.273900 ms  DeleteObjects: 0.416500 ms)

Prepare: number of updated asset objects reloaded= 0
AssetImportParameters requested are different than current active one (requested -> active):
  custom:scripting/monoscript/fileName/AsyncTest.cs: ba7b296f91a53eb12a2f973e4bfe6187 -> 76ce712e1c4d409aac5fa695d71d244a
  custom:scripting/monoscript/fileName/XLuaTest_InvokeLua_ICalcBridge.cs: 30fde9c3feb0b30e098352b4dfeb9cae -> 39dbaec3aa6ccdef5b8e133e5c8d912d
  custom:scripting/monoscript/fileName/UnityEngine_BehaviourWrap.cs: 50be6300a89da29ca17ad67a2589a5ca -> 07f04650a03b829841e9fab9d7740454
  custom:scripting/monoscript/fileName/CoroutineTest.cs: 8ff63a150c08cc9bc1500a6e3305dabe -> b55b07dbd7b0751be4b88111c51a8597
  custom:scripting/monoscript/fileName/UnityEngine_WaitForSecondsWrap.cs: 14ce79597090ca49f32e5242d176e3e0 -> f924ebf1733d94f4d65590a1a94e6531
  custom:scripting/monoscript/fileName/XLuaTest_PeddingWrap.cs: 904ed3ab876976c36018836c17a5f7cd -> 87db0d803af8b6af633a98194cb11698
  custom:scripting/monoscript/fileName/LuaBehaviour.cs: c26b3945b1b2533a373318992b28370d -> 8501f2955baa2ae1e4b9dc9f246b814a
  custom:container-demuxer-ogg: 62fdf1f143b41e24485cea50d1cbac27 -> 
  custom:scripting/monoscript/fileName/ObjectTranslatorPool.cs: 0fcc88f1a2575820f34ed99efa865239 -> c088e49ccc65541c1471becee0155ecc
  custom:scripting/monoscript/fileName/ByFile.cs: 4175f9d405491cf5cd12d69fd7ad338b -> 6f3dfbef5ea17c4620534958e4e26f3b
  custom:scripting/monoscript/fileName/ObjectCasters.cs: 2e05dcad88217340e3469b49cb484a5e -> 0c1ed1f1cf3d518e5e522f4d874c21c2
  custom:scripting/monoscript/fileName/UnityEngine_Vector3Wrap.cs: ce0a23addf1a2b20f8676787382fe6da -> 63f465b9380555daafea25b4176adba5
  custom:scripting/monoscript/fileName/ReImplementInLua.cs: 95b77c9b6059158d95dc9a7ae2d1cdb1 -> ccd60d267132159582621b9635d9b5d9
  custom:scripting/monoscript/fileName/UnityEngine_RayWrap.cs: 1b2ced459e0f7fe10c0b5b9489be6f35 -> 0b84fbe6cabdb1173feb41e835ef3a40
  custom:scripting/monoscript/fileName/HotfixTest.cs: 1c02fcc866280314c2a4f14c6d154faa -> 3960e9f9315d94bf0223f379bfbd4a4a
  custom:scripting/monoscript/fileName/WrapPusher.cs: 3b3bd77f226a0f893aad8e7367a0f06b -> a7d84f614ae4cd3b956f9b8556cfd18e
  custom:scripting/monoscript/fileName/RawObject.cs: b7277126f2de8ab75c184e0ffceaa264 -> e4d66a2fce5b764d8103d4567ed38606
  custom:scripting/monoscript/fileName/Tutorial_DerivedClassWrap.cs: a9f1f1a33e70d4aca6ed43632ef080bc -> 1a8da11bcfc26039296e071510ba3246
  custom:video-decoder-ogg-theora: a1e56fd34408186e4bbccfd4996cb3dc -> 
  custom:scripting/monoscript/fileName/LuaTable.cs: 831d394b03ebb276485eae65adc1ccd5 -> afc244f7b5f5d0300b37ddf3297901ec
  custom:scripting/monoscript/fileName/XLuaTest_Foo2ChildWrap.cs: f25917eb49d7296a35740a2c6a4d40ec -> 30fab5c82eb5f5ffb38a0a6d668c1895
  custom:framework-win-MediaFoundation: 216162199b28c13a410421893ffa2e32 -> 
  custom:scripting/monoscript/fileName/UnityEngine_TimeWrap.cs: 582bbe1acbebc99abd038879d2ce291a -> 5e744018ad83dc4e6b5341356b280ff7
  custom:scripting/monoscript/fileName/ObjectTranslator.cs: 3684f948a56ed5cf93b0514e484d3f48 -> dd3d0b582d45a9b753aab5e6237efeb3
  custom:scripting/monoscript/fileName/UnityEngine_AnimationClipWrap.cs: 35e9dbce44e2400ca249a1b04e238032 -> 77a92debc688d37d0c76ed29e7849dc6
  custom:scripting/monoscript/fileName/UnityEngine_MonoBehaviourWrap.cs: ab88a4de07d1ed4d6902d46f78a9c2a5 -> 04d351bf9d6db68acd2847f2651b2d6b
  custom:scripting/monoscript/fileName/UnityEngine_MathfWrap.cs: b8423f29ae782d824fe5861eb133fe99 -> 333033f071a58c53b030860e1dc36f4e
  custom:scripting/monoscript/fileName/Helloworld.cs: 0111736be64650c2c199ab4f2d2240c1 -> 5df6067a12a0276271ef7e4b2f46b98d
  custom:scripting/monoscript/fileName/HotfixTest2.cs: 8e85738438913476ef9e5c92cd26daad -> e6fb5855d637d49dacea7216888e03f7
  custom:scripting/monoscript/fileName/LinkXmlGen.cs: 91d69328c4b5d0ada19c3766b1b6ad15 -> f26ca07c1d6ecd8bde6b48a50ed6d393
  custom:scripting/monoscript/fileName/XLuaTest_Foo1ChildWrap.cs: 4e50b7c1fc1d91200bd6d308925718b7 -> 1c5e3d8cdf39c119ce22e5be32eae9dd
  custom:scripting/monoscript/fileName/LuaDLL.cs: a461d359c0f868ea297a4d0e0fa0810d -> 61e98a188b5f49dbf1a755838a97959a
  custom:scripting/monoscript/fileName/GenAttributes.cs: eecd24d8570c09b2ce8b7a7a7f2d3d12 -> d46b0cff88dfb044f17f4aed96768af1
  custom:scripting/monoscript/fileName/UnityEngine_ResourcesWrap.cs: 7881eec03c10cac6aed4968059672b77 -> 698ab99237a4262ce7f88356cded464a
  custom:scripting/monoscript/fileName/ExampleConfig.cs: 01010b4aed93329e34ab2c68a0d8c398 -> 96766ead2b0a0269b4571117ad9e65bc
  custom:scripting/monoscript/fileName/CSCallLua.cs: e37f012e62a4c619428574814b983ced -> 9d2ef4b275968bd22a483233fb8b554e
  custom:scripting/monoscript/fileName/Utils.cs: cf685c01caf3a4f894711b47bbf947e6 -> 55f902a32cb309b7a62f1e16aa1d617d
  custom:CustomObjectIndexerAttribute: 9a22284fe3817be447336de3de66b15e -> 
  custom:scripting/monoscript/fileName/LuaEnv.cs: 39b0b6f887cfc0f9d8b8bab4d9210e8f -> 89231863be1481a3b9e862fc4fbe0062
  custom:scripting/monoscript/fileName/EnumWrap.cs: e1678317fb40b1504377930932a65f00 -> 71aaf938165cbdbb0ac6c90ffee86023
  custom:container-demuxer-webm: 4f35f7cbe854078d1ac9338744f61a02 -> 
  custom:scripting/monoscript/fileName/UnityEngine_ParticleSystemWrap.cs: ea70451eecfa9db0287288ead2570a87 -> eee33c4ac5a2b762ef5a90683fe90f0f
  custom:scripting/monoscript/fileName/LuaException.cs: 1ddffcc2e8b89810add964c77207e13b -> c33171da8599ff6293dbea39eed5f2df
  custom:scripting/monoscript/fileName/InvokeLua.cs: 8d1030f275cd4c779c8aadb220460431 -> 7479efa8aadd7aed0020601aa4374477
  custom:scripting/monoscript/fileName/XLuaTest_BaseTestWrap.cs: 07e45de8fa2ee7650261714b0c2efcd8 -> 4f21680da7e23ca573808ca54815d505
  custom:scripting/monoscript/fileName/UnityEngine_BoundsWrap.cs: 0ac99f7c45b4a0aef916e0e5b49238c9 -> 3dd26eeb95bac2de8ce2da585d995261
  custom:scripting/monoscript/fileName/PackUnpack.cs: 7bf1a1e4b9a6d19c982a86f574107fe4 -> 273cbe68a303e04c83210a0d1b0dbfc8
  custom:scripting/monoscript/fileName/UnityEngine_KeyframeWrap.cs: 198c4d7f205e316a3726e83558840a1d -> f022c20884bfebd1cdba5d0a32b69287
  custom:scripting/monoscript/fileName/DelegatesGensBridge.cs: 14979ecd91d982a7d4b63ce8b241a2cb -> 9b33d1c344798966a03eb7d32474259e
  custom:scripting/monoscript/fileName/SignatureLoader.cs: f9b5b4f501bbc4033b1d26e1c53bc27d -> 2543099e1b7f94e78f488961484e5e52
  custom:scripting/monoscript/fileName/Coroutine_Runner.cs: 931214e1a723b03a7a230109c4225361 -> 690ad48fe9500ae79da028936c127982
  custom:container-muxer-webm: aa71ff27fc2769a1b78a27578f13a17b -> 
  custom:scripting/monoscript/fileName/NoGc.cs: 93f5576a58657b60a9c431df8280450e -> 468686911b292518222c0fc5fca7afd3
  custom:scripting/monoscript/fileName/ObjectPool.cs: bd4befac00d17d6ebf9e5f1d7d75cb4c -> 41af867cc123c070dfe6b15d45bb5402
  custom:video-decoder-webm-vp8: 9c59270c3fd7afecdb556c50c9e8de78 -> 
  custom:scripting/monoscript/fileName/XLuaTest_FooWrap.cs: 94d50054e40ab48511cae7fb0b602c9b -> abbeeb9782209030752aecf7c8307085
  custom:scripting/monoscript/fileName/Report.cs: 3c6fcdd086fb055c4c3456a5e0e35198 -> e51741919754948773e5898850c9f663
  custom:scripting/monoscript/fileName/Tutorial_DerivedClassExtensionsWrap.cs: 8d3a8d18ccf52ef11958b45f9012fc25 -> e71c7199b289862c70f81cc97fad9cd1
  custom:scripting/monoscript/fileName/System_Collections_Generic_List_1_System_Int32_Wrap.cs: 17851e7c00326059ae0787338228160b -> 0d81f6d3ce2afe6f735fa61fb6f44318
  custom:scripting/monoscript/fileName/XLuaGenAutoRegister.cs: d853ef44aabfccb80e0b7c076b61770b -> f7d7a1bdecea0875c31215b468d1ea3c
  custom:SearchIndexIgnoredProperties: e643bd26f0fe6173181afceb89e7c659 -> 
  custom:scripting/monoscript/fileName/UnityEngine_ColorWrap.cs: bd8e985ef59408a673873236ce871e73 -> a2199b901d8d68ac06d36f834d48f0de
  custom:AudioImporter_EditorPlatform: d09bf68614088b80899f8185d706f6e7 -> 
  custom:scripting/monoscript/fileName/GenericMethodExample.cs: 71308a9675c9d31b6584afd047da40d6 -> c3c4960d5a8b500e2f93697b37d06ae2
  custom:scripting/monoscript/fileName/TypeExtensions.cs: 68c704b8c6c4fa976b931eabe81ac9ee -> 6ecc1d6c2137d4648cc597a57d0741c7
  custom:scripting/monoscript/fileName/Tutorial_BaseClassWrap.cs: 0cb2af1d083b0b2c5e8cb36d24bfb39c -> 82bd31d966804ddf94755f42eec25c75
  custom:scripting/monoscript/fileName/UnityEngine_Ray2DWrap.cs: 0739f12fd5151febac857f4bf1dfbf4b -> 3948513cbdb210ff5fa49a4b2880e106
  custom:scripting/monoscript/fileName/UnityEngine_ComponentWrap.cs: e27295da2190ed2ebf55b5ac632d7f35 -> 3c3e0b9fedb2878f9f3fac771839136b
  custom:scripting/monoscript/fileName/CustomLoader.cs: 612387837da882e343b6793882f715b4 -> 3c04d951376acd618234995a34635baf
  custom:scripting/monoscript/fileName/BuildFromCLI.cs: a3c0f780c3b3a6e3a59fd5c2a4761ee3 -> ef1665cfd7adbd546e15cd58c9f7c486
  custom:scripting/monoscript/fileName/System_ObjectWrap.cs: c4f7132fadbd7f5f459fdffb106ce8ad -> 9fb5e5ed9e38c23dad1e0232edf0373b
  custom:scripting/monoscript/fileName/XLuaTest_Foo1ParentWrap.cs: 4d06c6c313846bbd2659cf013bd8c081 -> bc3faaa30d66f1a9334279476c37b2a8
  custom:scripting/monoscript/fileName/StatefullTest.cs: ac9082cda8d79beb987af6f68f5d30cd -> 5d22c8326914d95b29e418e9d014cf15
  custom:scripting/monoscript/fileName/InternalGlobals.cs: c7a0f72bef146ff41c15b3b535d6bdf9 -> 009e626d008ed11807341f4cf6fb3a9c
  custom:scripting/monoscript/fileName/XLuaTest_FooExtensionWrap.cs: 0cf66dd4ab170a1f2008f8b97f4f2106 -> 778d9d5cc8332e1d0739618b88aa2bb9
  custom:scripting/monoscript/fileName/DelegateBridge.cs: 59e13ad21dfacf0ee52e76776a9542b7 -> 4daef522f87298a8262553f6fd5bf8f2
  custom:scripting/monoscript/fileName/Foo.cs: b60484b40971b80860ed72eb65234dc1 -> f1cbde57f1c636c66a444cf720c99995
  custom:scripting/monoscript/fileName/UnityEngine_QuaternionWrap.cs: d7776a0aea79cbcec5ba2c36565a1173 -> 2be38f3d0f8715c9babd38533b7cc2f6
  custom:scripting/monoscript/fileName/ExampleGenConfig.cs: 402439a475ab0614d6514789dc967063 -> 2d21554d83bd53efca28765b954d65c7
  custom:scripting/monoscript/fileName/TemplateRef.cs: 894e64faa8518e7345655e4a3a343abf -> e57f72b6ec3c4672428b8339ce53c07a
  custom:scripting/monoscript/fileName/ByString.cs: 83f4bb3773b202a1550c80bc6c09d1a8 -> 71ac2dce49068f904e2150c45e200cdb
  custom:scripting/monoscript/fileName/UnityEngine_AnimationCurveWrap.cs: f2332648b2113d579022f7ac44ddf1a2 -> a1b4a7dab75f49fff03082ff025e4e5e
  custom:scripting/monoscript/fileName/XLuaTest_IExchangerBridge.cs: dbb2be54f36a2496a4425e7ceb90b9b9 -> a1b04ba231b7210d75c48779fb061387
  custom:scripting/monoscript/fileName/LuaBase.cs: fd57dc59c72dd7c1f0204d91abf1345d -> f0e74d4e175e23617aebee3a1fbf3735
  custom:scripting/monoscript/fileName/UnityEngine_LightWrap.cs: d3e76313bbab2d6f78618d0a96177993 -> afdccdb78964e15816bd84ff574e1d72
  custom:scripting/monoscript/fileName/System_Collections_IEnumeratorBridge.cs: e58d0dcf0aa39125fd572da9408c5a63 -> a6b8b2b6997973169c6bebc4e00197c3
  custom:scripting/monoscript/fileName/GenericDelegateBridge.cs: 14979ecd91d982a7d4b63ce8b241a2cb -> 9b33d1c344798966a03eb7d32474259e
  custom:video-encoder-webm-vp8: eb34c28f22e8b96e1ab97ce403110664 -> 
  custom:scripting/monoscript/fileName/LuaCallCs.cs: d69c2b3b74160f3f6c507a63e395d1b8 -> 80d51efbfa90ec9a93bf6c4f217fae70
  custom:scripting/monoscript/fileName/XLuaTest_Foo2ParentWrap.cs: 3cfc8bf6cad7ab5669e86f82da9efffc -> e55fdaf088679107b1602d0f4f018827
  custom:scripting/monoscript/fileName/Tutorial_CSCallLua_ItfDBridge.cs: d05148e45525d393370f3ca919d4cdc0 -> 4e0a8d0795850c18cf92cbc673dc6199
  custom:scripting/monoscript/fileName/UnityEngine_Vector2Wrap.cs: dfd1be4a9f736e54a226859ba85dbc30 -> d8bd11c5df83747314d76d2e1152a25a
  custom:audio-decoder-ogg-vorbis: bf7c407c2cedff20999df2af8eb42d56 -> 
  custom:scripting/monoscript/fileName/UnityEngine_GameObjectWrap.cs: c4cddad80b77cae4a3f64483d25e1457 -> 499beb086fe32ba82bd6b30d04f108ea
  custom:scripting/monoscript/fileName/XLuaTest_NoGcWrap.cs: 7c2153fc9ca9cd0a3cc8b2d8a5de2fcd -> b8ab725f3034c7583c772afc97e73cfe
  custom:scripting/monoscript/fileName/UnityEngine_DebugWrap.cs: a14c41c7fbd7dec62bec687de4c6fe27 -> 2a23054f13a8c643d838dbc57d787e1a
  custom:scripting/monoscript/fileName/TemplateEngine.cs: d4247539e36868281066dc2ffa847cbd -> 196c6eecd2e70276dab2c9a7b0cf2d59
  custom:scripting/monoscript/fileName/UnityEngine_SkinnedMeshRendererWrap.cs: 9ad169117eb1ff375ebe298216e6901c -> e6c3bb62aa80867a3afe5dcbb6224761
  custom:scripting/monoscript/fileName/CopyByValue.cs: 7bf1a1e4b9a6d19c982a86f574107fe4 -> 273cbe68a303e04c83210a0d1b0dbfc8
  custom:scripting/monoscript/fileName/Generator.cs: 5c2a3602a0cfb4641043518ccc18ad89 -> e11eefc36c86800da100cf1a4789c73c
  custom:scripting/monoscript/fileName/SignatureLoaderTest.cs: 37ed863ad0370c096ad98942100ce390 -> 8c9bdabb3430d1beabc1824b7aff6019
  custom:scripting/monoscript/fileName/HotfixTestCfg.cs: 7d41c7a61129380f568a08461036f7c3 -> a7321a5cbaeb2b6b22c71e624ff03625
  custom:scripting/monoscript/fileName/MessageBox.cs: 17d47f136e1a2eb08b8ca17667071821 -> febd8bda4c1c594acb6f720026ed3aee
  custom:scripting/monoscript/fileName/UnityEngine_TextAssetWrap.cs: a895654ec821ef871bab45f0bf4ab1bf -> 96eae3d139831963806db363328bfefe
  custom:scripting/monoscript/fileName/XLuaUnityDefaultConfig.cs: 847f92567dd164ad0f0a1c4536b7e6e7 -> 12ee8270b5ca2ec2875a29a6c838143c
  custom:scripting/monoscript/fileName/UnityEngine_TransformWrap.cs: 1ec7fdf0df78c54383c54d4890267885 -> 50d916bbc9cc3aa204547c1dbcf1b841
  custom:scripting/monoscript/fileName/UnityEngine_RendererWrap.cs: f2bb488dcafa31d4d1829db70de7e3de -> e28d66316639c5d4634a4f4176885c0f
  custom:scripting/monoscript/fileName/LuaFunction.cs: 6bea6a53e0ef7f4c19887edd95529fba -> 9f9e88fec2de37a51bb5cc9b6b08d6b9
  custom:audio-encoder-webm-vorbis: bf7c407c2cedff20999df2af8eb42d56 -> 
  custom:scripting/monoscript/fileName/XLuaTest_LuaBehaviourWrap.cs: eb21b90bdd58645712610184d1a6b02e -> 8a24807dde2ec4b5434d8876b84591df
  custom:scripting/monoscript/fileName/UnityEngine_Vector4Wrap.cs: 4736b1d9605ba5be814644e3bcc9e928 -> e876ed87f63c3dc401e686c851325f69
  custom:scripting/precompiled-assembly-types:Assembly-CSharp-Editor: 8329d2703a1fb80f61cc70ee984418c3 -> f3104d4e56e8a73f04df252396e09d4f
  custom:scripting/monoscript/fileName/XLuaTest_MyStructWrap.cs: 55519c14d8f95433c1b6e262daa1d322 -> bcfe0251bd793e1e64a466467ef9f39d
  custom:scripting/monoscript/fileName/StaticLuaCallbacks.cs: 806d4721af6e97ac563013320c7b3d7a -> 9d25aed2b0bb83738cfec7ef5ea55802
  custom:scripting/monoscript/fileName/UnityEngine_ObjectWrap.cs: acbfc6ebce3660b3cec600cb246312ee -> d239f04268fb712161f840d533347443
  custom:scripting/monoscript/fileName/RawObjectTest.cs: c3d9c6b1a141374366b8d8ccf99991a4 -> af9e06db1e13155c5410c0aa29232eac
  custom:scripting/monoscript/fileName/MethodWarpsCache.cs: a0fd87c86e3eda41e7890d27658be598 -> 182591812fc1e7cc805d3eb126c7629a
  custom:scripting/precompiled-assembly-types:Assembly-CSharp: 99b328417248fea24142d71679fac050 -> 6d2cbbca728bbcc514a1a97e862a8e21
  custom:scripting/monoscript/fileName/Tutorial_ICalcWrap.cs: 9802804745e09aa6d92fbca1a46de55a -> 03d02c9cf202af74271e6b9339f2aa97
